Date,Open,High,Low,Close,Volume,SMA_50,Daily_Return
2015-01-01,320.4349975585937,320.4349975585937,314.00299072265625,314.2489929199219,8036550,27384.65771334999,0.0020319767958835
2015-01-02,314.0790100097656,315.8389892578125,313.56500244140625,315.0320129394531,7860650,27384.65771334999,0.0024917184690256
2015-01-03,314.84600830078125,315.1499938964844,281.0820007324219,281.0820007324219,33054400,27384.65771334999,-0.1077668643584999
2015-01-04,281.14599609375,287.2300109863281,257.61199951171875,264.19500732421875,55629100,27384.65771334999,-0.0600785299812876
2015-01-05,265.0840148925781,278.34100341796875,265.0840148925781,274.4739990234375,43962800,27384.65771334999,0.0389068355353301
2015-01-06,274.6109924316406,287.5530090332031,272.6960144042969,286.1889953613281,23245700,27384.65771334999,0.0426816251432626
2015-01-07,286.0769958496094,298.7539978027344,283.0790100097656,294.3370056152344,24866800,27384.65771334999,0.0284707322293051
2015-01-08,294.135009765625,294.135009765625,282.17498779296875,283.3489990234375,19982500,27384.65771334999,-0.0373313799562149
2015-01-09,282.38299560546875,291.114013671875,280.5329895019531,290.4079895019531,18718600,27384.65771334999,0.0249127066015564
2015-01-10,287.3030090332031,288.12701416015625,273.96600341796875,274.7959899902344,15264300,27384.65771334999,-0.0537588498804498
2015-01-11,274.6080017089844,279.63800048828125,265.0390014648437,265.6600036621094,18200800,27384.65771334999,-0.0332464324841482
2015-01-12,266.14599609375,272.2030029296875,265.20001220703125,267.7959899902344,18880300,27384.65771334999,0.0080403007554037
2015-01-13,267.3940124511719,268.2770080566406,219.906005859375,225.86099243164065,72843904,27384.65771334999,-0.1565930750498653
2015-01-14,223.8939971923828,223.8939971923828,171.50999450683594,178.10299682617188,97638704,27384.65771334999,-0.2114486219656687
2015-01-15,176.89700317382812,229.06700134277344,176.89700317382812,209.843994140625,81773504,27384.65771334999,0.1782170871915886
2015-01-16,209.07000732421875,221.59100341796875,199.77099609375,208.0970001220703,38421000,27384.65771334999,-0.0083252038053752
2015-01-17,207.83399963378903,211.7310028076172,194.875,199.259994506836,23469700,27384.65771334999,-0.0424658001319123
2015-01-18,200.0500030517578,218.69500732421875,194.5059967041016,210.3390045166016,30085100,27384.65771334999,0.0556007744413822
2015-01-19,211.4709930419922,216.72799682617188,207.3179931640625,214.86099243164065,18658300,27384.65771334999,0.0214985704883001
2015-01-20,212.9069976806641,215.24099731445312,205.1529998779297,211.31500244140625,24051100,27384.65771334999,-0.0165036470794602
2015-01-21,211.3780059814453,227.7879943847656,211.2120056152344,226.89700317382807,29924600,27384.65771334999,0.0737382606648691
2015-01-22,227.322006225586,237.0189971923828,226.4340057373047,233.406005859375,33544600,27384.65771334999,0.0286870368250755
2015-01-23,233.5169982910156,234.84500122070312,225.1959991455078,232.8789978027344,24621700,27384.65771334999,-0.0022579027249116
2015-01-24,232.6999969482422,248.2100067138672,230.02200317382807,247.8470001220703,24782500,27384.65771334999,0.064273732112223
2015-01-25,247.3520050048828,255.07400512695312,243.88999938964844,253.718002319336,33582700,27384.65771334999,0.0236880099189178
2015-01-26,254.07899475097656,309.3840026855469,254.07899475097656,273.4729919433594,106794000,27384.65771334999,0.0778619941960574
2015-01-27,273.1669921875,275.4800109863281,250.6529998779297,263.4750061035156,44399000,27384.65771334999,-0.0365593171332783
2015-01-28,263.3510131835937,266.5350036621094,227.04600524902344,233.9149932861328,44352200,27384.65771334999,-0.1121928537151987
2015-01-29,233.34800720214844,238.7059936523437,220.7120056152344,233.51300048828125,32213400,27384.65771334999,-0.0017185422456431
2015-01-30,232.77200317382807,242.8509979248047,225.8390045166016,226.4250030517578,26605200,27384.65771334999,-0.0303537594125478
2015-01-31,226.4409942626953,233.5039978027344,216.3090057373047,217.4640045166016,23348200,27384.65771334999,-0.0395760115463391
2015-02-01,216.86700439453125,231.57400512695312,212.01499938964844,226.9720001220703,29128500,27384.65771334999,0.0437221581870708
2015-02-02,226.49099731445312,242.1750030517578,222.65899658203125,238.22900390625,30612100,27384.65771334999,0.0495964426366486
2015-02-03,237.45399475097656,245.95700073242188,224.4830017089844,227.2680053710937,40783700,27384.65771334999,-0.0460103444812695
2015-02-04,227.5110015869141,230.05799865722656,221.11300659179688,226.85299682617188,26594300,27384.65771334999,-0.001826075536872
2015-02-05,227.6649932861328,239.40499877929688,214.7250061035156,217.11099243164065,22516400,27384.65771334999,-0.0429441291533659
2015-02-06,216.92300415039065,230.509994506836,216.23199462890625,222.26600646972656,24435300,27384.65771334999,0.0237436805034596
2015-02-07,222.63299560546875,230.2989959716797,222.60699462890625,227.7539978027344,21604200,27384.65771334999,0.0246910961337458
2015-02-08,227.6929931640625,229.43800354003903,221.07699584960932,223.41200256347656,17145200,27384.65771334999,-0.0190644084457237
2015-02-09,223.38900756835932,223.9770050048828,217.0189971923828,220.1100006103516,27791300,27384.65771334999,-0.0147798771562723
2015-02-10,220.2819976806641,221.8070068359375,215.33200073242188,219.8390045166016,21115100,27384.65771334999,-0.0012311848303054
2015-02-11,219.73199462890625,223.406005859375,218.07400512695312,219.1849975585937,17201900,27384.65771334999,-0.0029749359511789
2015-02-12,219.2079925537109,222.19900512695312,217.613998413086,221.76400756835932,15206200,27384.65771334999,0.0117663619248218
2015-02-13,221.968994140625,240.25900268554688,221.26199340820312,235.427001953125,42744400,27384.65771334999,0.0616105135119997
2015-02-14,235.5279998779297,259.8080139160156,235.5279998779297,257.3210144042969,49732500,27384.65771334999,0.0929970320716699
2015-02-15,257.5069885253906,265.6109924316406,227.6840057373047,234.8249969482422,56552400,27384.65771334999,-0.0874239420675897
2015-02-16,234.8249969482422,239.52099609375,229.02200317382807,233.843002319336,28153700,27384.65771334999,-0.0041818147201879
2015-02-17,233.4219970703125,245.7749938964844,232.31399536132807,243.6100006103516,27363100,27384.65771334999,0.0417673319027858
2015-02-18,243.77999877929688,244.25100708007807,232.33999633789065,236.3260040283203,25200800,27384.65771334999,-0.029900236294822
2015-02-19,236.41000366210932,242.6719970703125,235.5919952392578,240.2830047607422,18270500,241.69314025878907,0.0167438227912815
2015-02-20,240.25100708007807,247.1009979248047,239.2989959716797,243.7790069580078,23876700,240.2837405395508,0.0145495192252431
2015-02-21,243.7519989013672,255.32000732421875,243.1840057373047,244.53399658203125,12284200,238.87378021240235,0.0030970247743831
2015-02-22,244.54400634765625,246.3919982910156,233.8509979248047,235.9770050048828,19527000,237.97168029785155,-0.0349930549402275
2015-02-23,235.9949951171875,240.10899353027344,232.42100524902344,238.8919982910156,16400000,237.4656201171875,0.0123528700861021
2015-02-24,238.9980010986328,239.9010009765625,236.4019927978516,238.7350006103516,14200400,236.7508401489258,-0.0006571910394118
2015-02-25,238.88999938964844,239.33999633789065,235.52999877929688,237.47000122070312,11496200,235.77646026611328,-0.0052987596557452
2015-02-26,237.3370056152344,237.7100067138672,234.2570037841797,236.42599487304688,13619400,234.6182400512696,-0.0043963715091994
2015-02-27,236.43600463867188,256.65301513671875,236.43600463867188,253.8280029296875,44013900,234.0278201293945,0.0736044615820901
2015-02-28,253.5200042724609,254.69200134277344,249.47900390625,254.26300048828125,13949300,233.3049203491211,0.0017137492852363
2015-03-01,254.2830047607422,261.6600036621094,245.93299865722656,260.2019958496094,25213700,233.01304046630852,0.0233576861357058
2015-03-02,260.35699462890625,276.3009948730469,258.31298828125,275.6700134277344,40465700,233.2132406616211,0.0594461911316972
2015-03-03,275.0459899902344,285.7959899902344,268.1610107421875,281.7019958496094,50461300,233.4913607788086,0.0218811699788168
2015-03-04,281.989990234375,284.2250061035156,268.1260070800781,273.0920104980469,41383000,234.4359811401368,-0.0305641616971683
2015-03-05,272.739013671875,281.6669921875,264.7690124511719,276.1780090332031,41302400,236.3974813842773,0.0113002153725705
2015-03-06,275.6000061035156,277.6080017089844,270.0150146484375,272.7229919433594,28918900,237.65506134033205,-0.0125101093383158
2015-03-07,272.29400634765625,277.85400390625,270.13299560546875,276.260986328125,17825900,239.01834106445312,0.0129728497020171
2015-03-08,276.4330139160156,277.8580017089844,272.56500244140625,274.35400390625,22067900,240.52022125244144,-0.0069028292674304
2015-03-09,274.81201171875,292.70098876953125,273.8930053710937,289.60699462890625,59178200,242.1055810546875,0.0555960201254011
2015-03-10,289.86199951171875,300.04400634765625,289.7430114746094,291.760009765625,67770800,243.6435614013672,0.0074342649751175
2015-03-11,291.5249938964844,297.3909912109375,290.50799560546875,296.3789978027344,33963900,245.3448413085937,0.0158314638144545
2015-03-12,296.12701416015625,297.0880126953125,292.4129943847656,294.35400390625,32585200,246.69398132324216,-0.0068324473444376
2015-03-13,294.1180114746094,294.4979858398437,285.3370056152344,285.3370056152344,31421500,247.73260131835937,-0.0306331769615999
2015-03-14,284.4419860839844,286.3420104980469,280.9760131835937,281.885009765625,22612300,248.7127215576172,-0.0120979605928305
2015-03-15,281.42498779296875,286.52899169921875,280.9960021972656,286.3930053710937,11970100,249.48364166259765,0.0159923211568324
2015-03-16,285.6849975585937,294.11199951171875,285.6849975585937,290.5929870605469,21516100,250.22114135742189,0.0146650986954481
2015-03-17,290.5950012207031,292.364990234375,284.3739929199219,285.5050048828125,21497200,250.4617816162109,-0.0175089640985529
2015-03-18,285.0669860839844,285.33599853515625,249.8699951171875,256.29901123046875,57008000,250.31826171875,-0.1022959077874363
2015-03-19,255.8800048828125,264.2439880371094,248.6360015869141,260.9280090332031,52732000,250.8585220336914,0.0180609272759617
2015-03-20,260.9559936523437,264.8479919433594,259.1619873046875,261.7489929199219,18456700,251.42324188232425,0.0031463999965379
2015-03-21,261.6440124511719,262.1960144042969,255.6499938964844,260.0249938964844,17130100,252.09524169921875,-0.0065864590507324
2015-03-22,259.9169921875,269.7470092773437,259.5899963378906,267.9599914550781,18438100,253.10516143798827,0.0305162878371325
2015-03-23,267.8949890136719,277.2969970703125,261.7449951171875,266.739990234375,22811900,253.9005212402344,-0.0045529230467513
2015-03-24,266.5769958496094,267.00299072265625,244.15499877929688,245.59500122070312,40073700,254.04784118652344,-0.0792719119285133
2015-03-25,247.4720001220703,249.19000244140625,236.51499938964844,246.197006225586,35866900,254.42642120361327,0.0024512103336411
2015-03-26,246.2760009765625,254.35400390625,244.90499877929688,248.5319976806641,25730000,254.8600012207031,0.0094842398405876
2015-03-27,248.5659942626953,256.8110046386719,245.21299743652344,247.0290069580078,17274900,255.4583615112305,-0.0060474737123684
2015-03-28,246.9750061035156,254.2050018310547,246.9750061035156,252.79800415039065,16040900,256.0690014648437,0.0233535213674864
2015-03-29,252.7400054931641,253.13900756835932,240.8500061035156,242.71299743652344,21699400,256.36818145751954,-0.0398935377190223
2015-03-30,242.8789978027344,249.24200439453125,239.2140045166016,247.5260009765625,23009600,256.85046142578125,0.01983001978004
2015-03-31,247.45399475097656,248.72999572753903,242.738998413086,244.2239990234375,22672000,257.33274139404296,-0.0133400206042906
2015-04-01,244.22300720214844,247.5410003662109,241.16000366210932,247.27200317382807,22877200,257.8814013671875,0.0124803629560505
2015-04-02,247.0890045166016,254.46099853515625,245.4160003662109,253.0050048828125,26272600,258.55780151367185,0.023185001275515
2015-04-03,253.07400512695312,256.0429992675781,251.8789978027344,254.322006225586,23146600,259.2089614868164,0.0052054359295519
2015-04-04,254.2910003662109,255.25799560546875,251.1000061035156,253.697006225586,12493500,259.5743615722656,-0.0024575144293476
2015-04-05,253.7610015869141,260.67498779296875,251.94200134277344,260.5979919433594,19649200,259.63990112304685,0.0272016836952231
2015-04-06,260.72100830078125,261.7980041503906,254.5749969482422,255.49200439453125,20034200,260.05324127197264,-0.0195933495525088
2015-04-07,255.2740020751953,255.80499267578125,252.2050018310547,253.17999267578125,18467400,260.4399810791016,-0.0090492527319163
2015-04-08,253.06399536132807,253.8470001220703,244.21499633789065,245.02200317382807,30086400,260.4682211303711,-0.0322220939171924
2015-04-09,244.75100708007807,246.1179962158203,239.3999938964844,243.67599487304688,21643500,260.61522094726564,-0.0054934180740753
2015-04-10,243.69400024414065,243.69400024414065,232.77099609375,236.072006225586,28882000,260.5310009765625,-0.0312053251343964
2015-04-11,236.01600646972656,239.53700256347656,234.1750030517578,236.552001953125,16365200,260.38646087646487,0.0020332598312413
2015-04-12,236.53500366210932,237.72799682617188,233.4949951171875,236.1529998779297,12387900,260.2188409423828,-0.0016867414855967
2015-04-13,235.9499969482422,236.9349975585937,221.9960021972656,224.5870056152344,31181800,259.99104095458983,-0.048976698448353
2015-04-14,224.75900268554688,224.9759979248047,216.322998046875,219.15899658203125,31719000,259.5963809204102,-0.024168847250684
2015-04-15,219.072998046875,223.8329925537109,218.6490020751953,223.8329925537109,22562000,259.2983407592773,0.0213269637321513
2015-04-16,223.91700744628903,229.6719970703125,223.91700744628903,228.572998046875,24805400,259.12040069580075,0.0211765273701849
2015-04-17,228.5749969482422,228.906005859375,221.94200134277344,222.8820037841797,20429800,258.8495208740234,-0.0248979289387814
2015-04-18,222.85299682617188,224.3159942626953,220.87600708007807,223.3560028076172,12939000,258.24008087158205,0.0021266814520228
2015-04-19,223.4559936523437,226.35299682617188,222.3730010986328,222.6000061035156,15021500,257.60682098388673,-0.003384716303115
2015-04-20,222.61199951171875,226.3509979248047,221.9770050048828,224.62600708007807,18364700,256.8953012084961,0.0091015315409306
2015-04-21,224.6199951171875,235.2689971923828,224.30099487304688,235.2689971923828,24978000,256.08728088378905,0.0473809344280893
2015-04-22,235.6020050048828,237.90899658203125,233.4759979248047,234.17599487304688,23847900,255.1367608642578,-0.0046457558470492
2015-04-23,234.0529937744141,236.4750061035156,233.19900512695312,236.4620056152344,17036000,254.4041607666016,0.0097619345801298
2015-04-24,235.97000122070312,236.30499267578125,229.93299865722656,231.2680053710937,21448700,253.50596069335936,-0.021965474878836
2015-04-25,231.2350006103516,232.56100463867188,226.3370056152344,226.38999938964844,13957200,252.5793008422852,-0.0210924376401224
2015-04-26,226.41000366210932,226.94400024414065,214.87399291992188,219.42999267578125,28943700,251.44268096923827,-0.0307434371334046
2015-04-27,219.4290008544922,233.30499267578125,218.0229949951172,229.28599548339844,38574000,250.54132080078125,0.0449163885366388
2015-04-28,228.968994140625,229.4949951171875,223.06900024414065,225.85499572753903,21469200,249.2662808227539,-0.0149638435117935
2015-04-29,225.59100341796875,227.0399932861328,223.42999267578125,225.80799865722656,18936500,247.947240600586,-0.0002080851484427
2015-04-30,225.6929931640625,239.56300354003903,224.9929962158203,236.1450042724609,33818600,246.74256072998048,0.0457778540915452
2015-05-01,235.93899536132807,238.96600341796875,232.07899475097656,232.07899475097656,18815300,245.497060546875,-0.0172182745682524
2015-05-02,232.34100341796875,235.7270050048828,232.34100341796875,234.92999267578125,12535500,244.48892028808595,0.0122846013180288
2015-05-03,234.8800048828125,243.2400054931641,234.0829925537109,240.3580017089844,18494100,243.65838012695312,0.0231047937786901
2015-05-04,240.3560028076172,242.63800048828125,237.8099975585937,239.0180053710937,21223400,242.7108801269532,-0.0055750019902105
2015-05-05,238.8520050048828,239.20399475097656,232.0540008544922,236.1210021972656,23929100,241.6214404296875,-0.0121204390829482
2015-05-06,236.24899291992188,236.45399475097656,229.2310028076172,229.7819976806641,29587200,240.5069802856445,-0.0268464238996651
2015-05-07,229.66200256347656,239.10499572753903,228.572998046875,237.33399963378903,29064400,240.1276800537109,0.0328659426297628
2015-05-08,237.20399475097656,246.2749938964844,236.2740020751953,243.86300659179688,27445500,239.7863800048828,0.0275097835458981
2015-05-09,243.7689971923828,247.8040008544922,239.63900756835932,241.83200073242188,19790500,239.3880401611328,-0.008328470512031
2015-05-10,241.72900390625,244.0679931640625,238.8489990234375,240.29600524902344,15019100,238.9934603881836,-0.0063514980595886
2015-05-11,240.2989959716797,244.2700042724609,239.37600708007807,242.1580047607422,20892300,238.47742065429688,0.0077487743077091
2015-05-12,242.1450042724609,242.8809967041016,240.0989990234375,241.11199951171875,19282600,237.9648608398437,-0.0043195154752654
2015-05-13,241.3979949951172,243.70399475097656,235.0449981689453,236.3769989013672,27180100,237.78050079345704,-0.0196381790202915
2015-05-14,236.2140045166016,237.7989959716797,234.0570068359375,236.9290008544922,24413700,237.5951406860352,0.002335260857404
2015-05-15,236.9550018310547,238.7530059814453,236.7949981689453,237.60499572753903,16329400,237.37660064697263,0.002853153774375
2015-05-16,237.6439971923828,237.697006225586,235.2949981689453,236.1529998779297,11089700,237.1590805053711,-0.0061109651552713
2015-05-17,236.009994506836,238.0249938964844,236.009994506836,236.802001953125,11134300,236.8391604614258,0.0027482271050158
2015-05-18,236.88699340820312,237.2100067138672,232.4600067138672,233.1280059814453,16780300,236.64746063232425,-0.0155150545239349
2015-05-19,233.03700256347656,234.1510009765625,231.81700134277344,231.947006225586,14241900,236.33588073730468,-0.0050658853743782
2015-05-20,231.88999938964844,234.68299865722656,231.8419952392578,234.0180053710937,15499400,236.1317608642578,0.0089287599749987
2015-05-21,234.01600646972656,236.24200439453125,233.8350067138672,235.343994140625,15108900,235.89320068359376,0.005666182682946
2015-05-22,235.3209991455078,240.968994140625,235.0599975585937,240.34800720214844,27003000,235.6400607299805,0.0212625483807051
2015-05-23,240.28599548339844,241.0249938964844,238.6909942626953,238.8719940185547,14605000,235.33106048583983,-0.0061411500797354
2015-05-24,238.9759979248047,241.97799682617188,238.81100463867188,240.9530029296875,11508000,235.07618041992188,0.0087118162163923
2015-05-25,240.927001953125,241.02099609375,236.63699340820312,237.1100006103516,14423900,234.60642059326173,-0.015949177941797
2015-05-26,237.10400390625,238.24200439453125,235.69200134277344,237.11599731445312,16425000,234.23890045166016,2.529081053581628e-05
2015-05-27,237.06500244140625,238.6360015869141,236.69500732421875,237.2830047607422,18837000,233.92096069335932,0.0007043280427325
2015-05-28,237.2570037841797,237.82400512695312,236.6519927978516,237.4080047607422,13829600,233.76868072509765,0.000526797105111
2015-05-29,237.3769989013672,237.52200317382807,235.7310028076172,237.0959930419922,14805000,233.63708068847657,-0.0013142426223767
2015-05-30,237.0919952392578,237.093002319336,232.04600524902344,233.34500122070312,14098600,233.5825405883789,-0.0158205618457023
2015-05-31,233.134994506836,233.2519989013672,229.54200744628903,230.19000244140625,14730800,233.45530059814453,-0.0135207472317472
2015-06-01,230.2330017089844,231.71299743652344,221.29600524902344,222.92599487304688,26090500,233.19076049804687,-0.0315565727934182
2015-06-02,222.8939971923828,226.4160003662109,222.41900634765625,225.8029937744141,20459000,233.21508026123047,0.0129056232450845
2015-06-03,225.73599243164065,227.4040069580078,223.92999267578125,225.87399291992188,17752400,233.3493801879883,0.0003144296021988
2015-06-04,225.77200317382807,226.5809936523437,224.0540008544922,224.32400512695312,14728100,233.3592004394532,-0.0068621790978754
2015-06-05,224.1540069580078,225.968002319336,223.1790008544922,224.95199584960932,18056500,233.2867803955078,0.0027994806989151
2015-06-06,225.0050048828125,225.718994140625,224.3789978027344,225.61900329589844,11131500,233.3415203857422,0.0029651101505896
2015-06-07,225.5959930419922,226.19400024414065,222.6519927978516,222.8809967041016,13318400,233.33202026367184,-0.0121355318115912
2015-06-08,222.8789978027344,229.4640045166016,222.8390045166016,228.488998413086,23378400,233.44980010986328,0.0251614170427889
2015-06-09,228.5379943847656,230.95399475097656,227.9290008544922,229.04800415039065,28353100,233.53824005126955,0.0024465323984399
2015-06-10,228.9949951171875,229.7819976806641,228.009994506836,228.8029937744141,15904800,233.40891998291016,-0.0010696900716746
2015-06-11,228.85499572753903,230.28700256347656,228.7669982910156,229.7050018310547,14416000,233.3195001220703,0.0039422913212838
2015-06-12,229.7050018310547,231.0570068359375,229.31300354003903,229.98199462890625,14017700,233.1898999023437,0.0012058631533644
2015-06-13,229.9199981689453,232.6519927978516,229.2100067138672,232.4019927978516,13305300,233.2125796508789,0.0105225549193543
2015-06-14,232.44200134277344,234.8580017089844,232.0039978027344,233.54299926757807,12165900,233.3556396484375,0.0049096242936221
2015-06-15,233.4219970703125,237.83599853515625,233.4219970703125,236.822998046875,19912100,233.70349975585933,0.0140445176673391
2015-06-16,236.76499938964844,251.74200439453125,236.1219940185547,250.8950042724609,41612000,234.13567993164065,0.0594199310947014
2015-06-17,250.822998046875,256.8529968261719,246.4759979248047,249.28399658203125,43858400,234.6042599487305,-0.0064210433169096
2015-06-18,249.4279937744141,252.1080017089844,244.1269989013672,249.0070037841797,30980200,235.0682400512696,-0.001111153550366
2015-06-19,249.04299926757807,250.9770050048828,243.78700256347656,244.6060028076172,23965300,235.23746002197265,-0.0176742055832973
2015-06-20,244.52999877929688,245.8280029296875,240.6269989013672,245.2120056152344,20608100,235.50012023925785,0.0024774649872096
2015-06-21,245.1000061035156,245.2239990234375,241.8820037841797,243.94400024414065,10600900,235.680400390625,-0.0051710574607157
2015-06-22,243.968994140625,247.91700744628903,243.7790069580078,246.9900054931641,17692500,235.8130404663086,0.0124864938099522
2015-06-23,246.927001953125,247.3040008544922,243.13299560546875,244.29600524902344,15108700,235.9186004638672,-0.0109073249290453
2015-06-24,244.2819976806641,244.34100341796875,240.51499938964844,240.51499938964844,17344900,236.00648040771483,-0.0154771497614987
2015-06-25,240.3650054931641,243.33200073242188,240.3650054931641,242.7989959716797,16133100,236.26682037353515,0.0094962750257876
2015-06-26,242.60400390625,243.74899291992188,241.5529937744141,243.593994140625,13983500,236.39202026367187,0.0032743058337771
2015-06-27,243.5489959716797,251.3390045166016,243.11700439453125,250.9900054931641,20488600,236.5345602416992,0.0303620431145335
2015-06-28,250.9550018310547,251.1719970703125,247.4340057373047,249.0110015869141,15137600,236.67814025878903,-0.0078847916767104
2015-06-29,248.7209930419922,257.1730041503906,248.5809936523437,257.0639953613281,34742900,237.0135000610352,0.0323399115825944
2015-06-30,257.0360107421875,267.86700439453125,255.9459991455078,263.0719909667969,44533800,237.43177978515624,0.0233715950653607
2015-07-01,263.3450012207031,265.1719970703125,255.7740020751953,258.6210021972656,27029800,237.7819598388672,-0.0169192803581017
2015-07-02,258.552001953125,261.6310119628906,254.11599731445312,255.41200256347656,21551900,238.16265991210932,-0.0124081169221569
2015-07-03,255.45899963378903,257.0769958496094,253.5050048828125,256.33599853515625,19033800,238.55079986572267,0.003617668560623
2015-07-04,256.4909973144531,261.4570007324219,254.1999969482422,260.885986328125,15620400,239.0164196777344,0.0177500929208922
2015-07-05,260.80499267578125,274.5060119628906,258.70098876953125,271.9129943847656,44156100,239.7316195678711,0.0422675369108236
2015-07-06,271.1080017089844,277.4219970703125,267.6000061035156,269.0299987792969,49154800,240.3761795043945,-0.0106026400540064
2015-07-07,269.9630126953125,271.34100341796875,264.8320007324219,266.2070007324219,28857600,241.03775939941409,-0.0104932463282315
2015-07-08,265.98199462890625,272.97100830078125,264.385986328125,270.7850036621094,36980200,241.81451934814453,0.0171971545342231
2015-07-09,270.8269958496094,272.3349914550781,267.08599853515625,269.2279968261719,40301200,242.51871917724608,-0.0057499743888341
2015-07-10,269.156005859375,294.59100341796875,268.802001953125,284.8940124511719,100390000,243.50971954345704,0.0581886572335745
2015-07-11,284.8800048828125,298.5060119628906,283.5299987792969,293.114990234375,41109900,244.5650592041016,0.028856267327177
2015-07-12,293.1400146484375,314.3940124511719,292.5050048828125,310.86700439453125,56405000,246.0049594116211,0.0605633104808516
2015-07-13,310.8269958496094,310.947998046875,281.010986328125,292.0539855957031,62053900,247.0269790649414,-0.0605179016520901
2015-07-14,292.03399658203125,296.1470031738281,286.63800048828125,287.4639892578125,28727200,248.03405883789063,-0.0157162598843785
2015-07-15,288.0450134277344,293.2479858398437,285.36700439453125,285.8290100097656,27486600,249.0083190917969,-0.0056875967395711
2015-07-16,286.0419921875,291.1830139160156,275.239990234375,278.0889892578125,49482600,249.82443878173828,-0.0270791993845854
2015-07-17,278.09100341796875,280.2799987792969,272.0429992675781,279.47198486328125,27591400,250.66571838378903,0.0049732123848549
2015-07-18,279.3309936523437,282.5270080566406,274.07501220703125,274.9010009765625,25187100,251.42181854248048,-0.0163557856754582
2015-07-19,274.7669982910156,275.6700134277344,272.51300048828125,273.614013671875,15332500,252.2271987915039,-0.0046816392087172
2015-07-20,273.4989929199219,278.9809875488281,272.9599914550781,278.9809875488281,22711400,253.2030184936524,0.0196151279129632
2015-07-21,278.8819885253906,280.5469970703125,275.41900634765625,275.8330078125,22930700,254.26115875244145,-0.0112838504300482
2015-07-22,275.6570129394531,277.6659851074219,274.3810119628906,277.22198486328125,19389800,255.2895385742188,0.0050355722899031
2015-07-23,277.34100341796875,278.1109924316406,275.71600341796875,276.04901123046875,18531300,256.2930389404297,-0.004231171035699
2015-07-24,276.0050048828125,289.25299072265625,275.2539978027344,288.27801513671875,37199400,257.572119140625,0.0443001184888875
2015-07-25,288.1640014648437,290.7330017089844,286.00201416015625,288.6969909667969,20662200,258.8470190429687,0.0014533742015652
2015-07-26,288.6400146484375,293.052001953125,287.7059936523437,292.6860046386719,16032300,260.18835906982423,0.0138173025583552
2015-07-27,292.6390075683594,297.77398681640625,287.45001220703125,293.6239929199219,30592000,261.6032189941406,0.0032047595935034
2015-07-28,293.63299560546875,296.64898681640625,293.4230041503906,294.427001953125,25453600,262.9219790649414,0.002734820902126
2015-07-29,294.4840087890625,294.5360107421875,288.7770080566406,289.5899963378906,24672600,264.13281890869143,-0.0164285394449129
2015-07-30,289.1029968261719,290.1260070800781,286.5679931640625,287.72198486328125,21635800,265.31119873046873,-0.0064505386865291
2015-07-31,287.6960144042969,288.9590148925781,282.343994140625,284.6499938964844,23629100,266.4100985717773,-0.0106769420774592
2015-08-01,284.6860046386719,284.9320068359375,278.11199951171875,281.6010131835937,18995000,267.4424789428711,-0.0107113324372647
2015-08-02,280.4490051269531,283.0320129394531,277.52899169921875,282.614013671875,17722200,268.44671936035155,0.0035972899274365
2015-08-03,282.8059997558594,285.47100830078125,280.2330017089844,281.2269897460937,21474100,269.40039916992185,-0.0049078384605217
2015-08-04,281.2250061035156,285.7149963378906,281.2250061035156,285.2179870605469,21908700,270.3682989501953,0.0141913737300121
2015-08-05,284.84698486328125,285.5010070800781,281.4880065917969,281.8819885253906,20128000,270.988038635254,-0.0116963118965146
2015-08-06,281.906005859375,281.906005859375,278.40301513671875,278.5769958496094,18792100,271.57389862060546,-0.0117247387570615
2015-08-07,278.7409973144531,280.3919982910156,276.3659973144531,279.5849914550781,42484800,272.1854583740234,0.0036183734496617
2015-08-08,279.74200439453125,279.9280090332031,260.7099914550781,260.9970092773437,58533000,272.51327850341795,-0.0664841917335929
2015-08-09,261.1159973144531,267.00299072265625,260.4679870605469,265.0830078125,23789600,272.91069854736327,0.0156553461913977
2015-08-10,265.4779968261719,267.0320129394531,262.59600830078125,264.4700012207031,20979400,273.3212185668945,-0.0023125080587227
2015-08-11,264.3420104980469,270.385986328125,264.093994140625,270.385986328125,25433900,273.78913818359376,0.0223692104212791
2015-08-12,270.5979919433594,270.6730041503906,265.468994140625,266.3760070800781,26815400,274.23073822021485,-0.0148305735164121
2015-08-13,266.1830139160156,266.23199462890625,262.84100341796875,264.0799865722656,27685500,274.7020379638672,-0.0086194718998181
2015-08-14,264.1319885253906,267.46600341796875,261.4779968261719,265.67999267578125,27091200,275.1596578979492,0.0060587934901223
2015-08-15,265.52899169921875,266.6669921875,261.2959899902344,261.5509948730469,19321100,275.5187979125977,-0.0155412447928404
2015-08-16,261.8659973144531,262.44000244140625,257.0409851074219,258.5069885253906,29717000,275.6691375732422,-0.0116382900746898
2015-08-17,258.489990234375,260.5050048828125,257.11700439453125,257.9760131835937,21617900,275.84843780517576,-0.0020540076878606
2015-08-18,257.9259948730469,257.9930114746094,211.07899475097656,211.07899475097656,42147200,274.9287377929688,-0.181788290523127
2015-08-19,225.67100524902344,237.40899658203125,222.76600646972656,226.6840057373047,60869200,274.2009780883789,0.0739297200308271
2015-08-20,226.8990020751953,237.3650054931641,226.8990020751953,235.3500061035156,32275000,273.7355581665039,0.038229430162151
2015-08-21,235.35499572753903,236.4320068359375,231.7239990234375,232.56900024414065,23173800,273.2786981201172,-0.0118164681846314
2015-08-22,232.66200256347656,234.95700073242188,222.70399475097656,230.38999938964844,23205900,272.75977813720704,-0.0093692661197527
2015-08-23,230.37600708007807,232.7050018310547,225.5800018310547,228.16900634765625,18406600,272.10543853759765,-0.0096401451793743
2015-08-24,228.11199951171875,228.13900756835932,210.4429931640625,210.4949951171875,59220700,270.8770785522461,-0.0774601753032979
2015-08-25,210.0679931640625,226.3209991455078,199.56700134277344,221.60899353027344,61089200,269.9286584472656,0.0527993475897063
2015-08-26,222.0760040283203,231.18299865722656,220.20399475097656,225.8309936523437,31808000,269.1211383056641,0.0190515739222179
2015-08-27,226.0500030517578,228.6430053710937,223.6840057373047,224.7689971923828,21905400,268.20081817626954,-0.0047026160704753
2015-08-28,224.7010040283203,235.218994140625,220.92599487304688,231.39599609375,31336600,267.4441781616211,0.0294835986463695
2015-08-29,231.5489959716797,233.2220001220703,227.3300018310547,229.77999877929688,17142500,266.3418978881836,-0.0069836874523896
2015-08-30,229.8950042724609,232.0679931640625,226.2469940185547,228.7610015869141,19412600,265.05481811523435,-0.0044346644520681
2015-08-31,229.113998413086,231.9559936523437,225.9149932861328,230.05599975585932,20710700,263.4385980224609,0.0056609219227137
2015-09-01,230.2559967041016,231.21600341796875,226.8600006103516,228.1210021972656,20575200,262.15993835449217,-0.0084109849803839
2015-09-02,228.0269927978516,230.57699584960932,226.4750061035156,229.28399658203125,18760400,260.9963385009765,0.0050981469201154
2015-09-03,229.32400512695312,229.60499572753903,226.66700744628903,227.18299865722656,17482000,259.82341827392577,-0.0091632994719411
2015-09-04,227.21499633789065,230.8999938964844,227.05099487304688,230.29800415039065,20962400,258.86759857177736,0.0137114375264673
2015-09-05,230.19900512695312,236.1430053710937,229.4429931640625,235.0189971923828,20671400,257.97853881835937,0.0204994961176878
2015-09-06,234.8699951171875,242.91200256347656,234.68099975585932,239.83999633789065,25473700,257.2773187255859,0.0205132317093559
2015-09-07,239.9340057373047,242.1060028076172,238.7220001220703,239.8470001220703,21192200,256.60197845458987,2.920190246258336e-05
2015-09-08,239.8459930419922,245.781005859375,239.6779937744141,243.60699462890625,26879200,255.8944985961914,0.0156766376269967
2015-09-09,243.4149932861328,244.4160003662109,237.8209991455078,238.16799926757807,23635700,255.14119842529297,-0.0223269260786764
2015-09-10,238.33599853515625,241.29299926757807,235.7910003662109,238.4770050048828,21215500,254.366298828125,0.001297427606794
2015-09-11,238.32899475097656,241.16900634765625,238.32899475097656,240.10699462890625,19224700,253.6474584960937,0.0068349970429646
2015-09-12,239.85499572753903,240.12399291992188,234.7539978027344,235.22900390625,17962600,252.5864782714844,-0.0203159042917319
2015-09-13,235.24200439453125,235.9349975585937,229.33200073242188,230.51199340820312,18478800,251.4227783203125,-0.0200528439083422
2015-09-14,230.60899353027344,232.44000244140625,227.96099853515625,230.6439971923828,20997800,250.18193817138672,0.0005726547336126
2015-09-15,230.49200439453125,259.1820068359375,229.822006225586,230.3040008544922,19177800,248.9155383300781,-0.0014741174365229
2015-09-16,230.25,231.21499633789065,227.4019927978516,229.09100341796875,20144200,247.608818359375,-0.0052669403571925
2015-09-17,229.0760040283203,230.28500366210932,228.92599487304688,229.8099975585937,18935400,246.41321838378903,0.0031384651946075
2015-09-18,233.52099609375,234.35299682617188,232.1849975585937,232.9750061035156,20242200,245.31827880859376,0.0137722839673888
2015-09-19,232.8580017089844,233.2050018310547,231.0890045166016,231.4929962158203,12712600,244.2551388549805,-0.0063612398277471
2015-09-20,231.3990020751953,232.3650054931641,230.91000366210932,231.2120056152344,14444700,243.2473587036133,-0.0012138190147401
2015-09-21,231.2169952392578,231.2169952392578,226.52099609375,227.0850067138672,19678800,242.13677856445312,-0.0178494143951808
2015-09-22,226.968994140625,232.3860015869141,225.11700439453125,230.6179962158203,25009300,241.12459869384764,0.0155580042605136
2015-09-23,230.93600463867188,231.8350067138672,229.59100341796875,230.2830047607422,17254100,240.0258990478516,-0.0014525815876251
2015-09-24,230.3580017089844,235.6490020751953,230.2949981689453,234.5290069580078,25097800,239.0788394165039,0.0184381917444456
2015-09-25,234.36199951171875,237.427001953125,233.6840057373047,235.1439971923828,22363600,238.21017944335932,0.0026222352720963
2015-09-26,235.0760040283203,235.4029998779297,233.3580017089844,234.33999633789065,13724100,237.30527954101564,-0.0034191851124925
2015-09-27,234.13900756835932,234.5260009765625,232.4759979248047,232.7570037841797,14179900,236.74047943115235,-0.0067551104312063
2015-09-28,232.83599853515625,239.3390045166016,232.4669952392578,239.1419982910156,24713000,236.22165924072263,0.0274320188137338
2015-09-29,239.01600646972656,239.802001953125,235.9279937744141,236.6869964599609,22691300,235.6659991455078,-0.0102658748718289
2015-09-30,236.63999938964844,237.73399353027344,235.6289978027344,236.0599975585937,19743500,234.9794793701172,-0.0026490635765588
2015-10-01,236.0039978027344,238.44500732421875,235.61599731445312,237.5489959716797,20488800,234.4029391479492,0.0063077117194172
2015-10-02,237.26400756835932,238.5410003662109,236.60299682617188,237.29299926757807,19677900,233.86719940185543,-0.0010776585396811
2015-10-03,237.20199584960932,239.31500244140625,236.94400024414065,238.72999572753903,16482700,233.32819946289064,0.0060557895276991
2015-10-04,238.531005859375,238.968002319336,237.94000244140625,238.25900268554688,12999000,232.86235961914065,-0.0019729110309611
2015-10-05,238.14700317382807,240.38299560546875,237.03500366210932,240.38299560546875,23335900,232.49987976074212,0.0089146386746405
2015-10-06,240.363998413086,246.9349975585937,240.1360015869141,246.06300354003903,27535100,232.2616195678711,0.0236289922266077
2015-10-07,246.1699981689453,246.68099975585932,242.5850067138672,242.968994140625,22999200,232.89941955566405,-0.0125740536159496
2015-10-08,243.0749969482422,244.25100708007807,242.1790008544922,242.3040008544922,18515300,233.21181945800785,-0.0027369471091769
2015-10-09,242.4980010986328,244.22799682617188,242.1219940185547,243.93099975585932,17353100,233.3834393310547,0.0067147009361361
2015-10-10,243.7400054931641,245.31900024414065,243.07400512695312,244.9409942626953,15912700,233.6308792114258,0.0041404926304848
2015-10-11,244.74200439453125,247.2429962158203,244.1519927978516,247.0500030517578,16827300,233.964079284668,0.0086102728349368
2015-10-12,246.875,247.45399475097656,245.1790008544922,245.30799865722656,17388300,234.30685913085932,-0.0070512219105955
2015-10-13,245.1999969482422,250.23599243164065,243.7570037841797,249.50799560546875,28198500,235.087119140625,0.0171213208343479
2015-10-14,249.4929962158203,254.2749938964844,248.9029998779297,251.988998413086,27462600,235.69471923828124,0.0099435803714291
2015-10-15,252.10699462890625,255.9620056152344,252.04600524902344,254.32000732421875,25223500,236.26449951171875,0.0092504392089038
2015-10-16,254.29600524902344,266.135009765625,253.92599487304688,262.8689880371094,35901500,237.02649932861328,0.0336150537381512
2015-10-17,262.7470092773437,273.5780029296875,262.36700439453125,270.6400146484375,43199600,237.81137969970703,0.0295623560213618
2015-10-18,270.9070129394531,271.6679992675781,260.7770080566406,261.6430053710937,22434300,238.44863983154292,-0.0332434554773095
2015-10-19,261.8609924316406,264.82000732421875,260.95098876953125,263.43701171875,25258800,239.14216003417968,0.0068566952329254
2015-10-20,263.5719909667969,270.8349914550781,263.2269897460937,269.4630126953125,30889800,239.93030029296875,0.02287454195311
2015-10-21,269.3059997558594,270.7699890136719,263.8389892578125,266.2720031738281,25637300,240.6933203125,-0.0118421058592279
2015-10-22,266.4960021972656,276.510009765625,266.135009765625,274.02301025390625,37808600,241.5881005859375,0.0291093580537571
2015-10-23,273.64898681640625,278.6839904785156,273.5429992675781,276.4960021972656,29442500,242.5743606567383,0.0090247601508643
2015-10-24,276.5039978027344,281.7059936523437,276.5039978027344,281.65399169921875,25942400,243.60148040771483,0.0186548429668547
2015-10-25,281.44500732421875,294.0589904785156,281.44500732421875,283.67999267578125,45717100,244.5747003173828,0.007193226569734
2015-10-26,283.62799072265625,285.29998779296875,280.510009765625,285.29998779296875,32108800,245.4839001464844,0.0057106428335218
2015-10-27,285.1809997558594,296.2120056152344,285.00799560546875,293.7879943847656,46331800,246.56272003173828,0.0297511635295137
2015-10-28,293.7030029296875,306.3309936523437,293.7030029296875,304.6180114746094,50808100,247.7829403686524,0.0368633752802709
2015-10-29,304.3240051269531,318.1700134277344,301.822998046875,313.8550109863281,64495900,249.2966806030273,0.0303232217523967
2015-10-30,313.9429931640625,334.16900634765625,313.94000244140625,328.0150146484375,78305000,251.08744079589843,0.0451163854851635
2015-10-31,328.5119934082031,332.7770080566406,309.2510070800781,314.1659851074219,48598100,252.5686206054688,-0.0422207183285766
2015-11-01,315.0050048828125,327.47198486328125,311.8810119628906,325.4309997558594,37001100,254.37266052246093,0.0358568883406829
2015-11-02,325.9419860839844,365.3599853515625,323.2090148925781,361.1889953613281,101918000,256.98620056152345,0.1098788856387211
2015-11-03,361.87298583984375,417.8999938964844,357.6470031738281,403.4169921875,206162000,260.4416604614258,0.1169138522172514
2015-11-04,403.66400146484375,495.56201171875,380.5480041503906,411.56298828125,263900000,264.06684020996096,0.0201924962297173
2015-11-05,408.0769958496094,447.5610046386719,374.58099365234375,386.35400390625,151824992,267.2121002197265,-0.0612518255839199
2015-11-06,388.0469970703125,395.83599853515625,354.0249938964844,374.4700012207031,122687000,270.1053002929688,-0.0307593620498121
2015-11-07,374.2690124511719,390.58599853515625,372.4330139160156,386.4819946289063,56625100,273.1754400634766,0.0320773182605982
2015-11-08,384.2780151367188,389.8949890136719,368.7000122070313,373.3680114746094,51817600,276.0129403686523,-0.0339316794483238
2015-11-09,374.3240051269531,385.2780151367188,362.8949890136719,380.2569885253906,68224400,278.9938400268555,0.0184509032350506
2015-11-10,379.9840087890625,381.3869934082031,329.1080017089844,336.8190002441406,95797904,281.18851989746094,-0.1142332411817056
2015-11-11,339.82000732421875,340.5849914550781,300.9970092773437,311.0840148925781,107070000,282.7978402709961,-0.0764059786796728
2015-11-12,314.0790100097656,345.0809936523437,313.3559875488281,338.1520080566406,78477800,284.95522033691407,0.0870118420369798
2015-11-13,338.4979858398437,340.9140014648437,326.07501220703125,336.75299072265625,52003000,286.99970001220703,-0.0041372439040788
2015-11-14,336.6239929199219,338.1809997558594,329.9700012207031,332.906005859375,38612000,288.9549401855469,-0.0114237585686345
2015-11-15,333.0509948730469,334.6619873046875,317.489990234375,320.1659851074219,44213100,290.6714599609375,-0.038269122598331
2015-11-16,319.7349853515625,331.6260070800781,315.9049987792969,330.7510070800781,47980100,292.63134002685547,0.033061044786206
2015-11-17,330.36199951171875,338.3500061035156,329.614013671875,335.093994140625,51001600,294.55037994384764,0.0131306843141232
2015-11-18,334.5929870605469,336.531005859375,330.6400146484375,334.5899963378906,43783800,296.50843994140627,-0.0015040490475721
2015-11-19,334.6789855957031,335.3340148925781,325.27301025390625,326.14898681640625,45011100,298.3102197265625,-0.0252279195847806
2015-11-20,326.4110107421875,326.4729919433594,312.2170104980469,322.0220031738281,53152900,299.99967987060546,-0.0126536761093827
2015-11-21,322.0920104980469,328.15899658203125,319.5950012207031,326.927001953125,28200500,301.79235992431643,0.0152318746264339
2015-11-22,326.9750061035156,327.010009765625,321.2590026855469,324.5360107421875,23439400,303.5084802246094,-0.0073135323685509
2015-11-23,324.3500061035156,325.1180114746094,321.2900085449219,323.0459899902344,27478900,305.20421997070315,-0.0045912339544248
2015-11-24,323.0140075683594,323.0580139160156,318.1180114746094,320.0459899902344,29362600,306.79747985839845,-0.0092866034340518
2015-11-25,320.0450134277344,329.1340026855469,316.7699890136719,328.2059936523437,41666900,308.4403396606445,0.0254963471417291
2015-11-26,328.3030090332031,366.7569885253906,328.22900390625,352.6839904785156,106105000,310.6346395874023,0.0745811999158689
2015-11-27,351.8609924316406,363.5889892578125,347.8699951171875,358.0419921875,55179100,312.9493994140625,0.0151920752107708
2015-11-28,357.1409912109375,359.5360107421875,352.1719970703125,357.3810119628906,36816600,315.2183996582031,-0.0018460969356444
2015-11-29,357.47198486328125,371.9389953613281,355.6659851074219,371.29400634765625,40409300,317.7454598999024,0.0389304241664925
2015-11-30,371.43701171875,382.3630065917969,370.3829956054688,377.3210144042969,71701600,320.35088012695314,0.0162324410133281
2015-12-01,377.41400146484375,378.9309997558594,356.56298828125,362.4880065917969,60452200,322.69448028564454,-0.0393113747876404
2015-12-02,361.8450012207031,362.2319946289063,349.4649963378906,359.18701171875,54160500,324.8880606079102,-0.0091064940439924
2015-12-03,359.3309936523437,370.2749938964844,357.4119873046875,361.0459899902344,50714900,327.06920043945314,0.0051755164046409
2015-12-04,361.2619934082031,363.5159912109375,355.7569885253906,363.1830139160156,35784100,329.24646057128905,0.0059189798115166
2015-12-05,363.7210083007813,389.7850036621094,363.22900390625,388.9490051269531,66282200,331.76806091308595,0.0709449236987052
2015-12-06,389.5549926757813,402.8089904785156,387.0889892578125,388.7829895019531,77762000,334.13092041015625,-0.0004268313398714
2015-12-07,389.9779968261719,399.968994140625,385.4110107421875,395.5360107421875,63455800,336.8087805175781,0.0173696417348023
2015-12-08,395.7539978027344,415.56298828125,389.9500122070313,415.56298828125,57801400,339.85130004882814,0.0506325012013031
2015-12-09,414.4410095214844,423.1199951171875,406.2909851074219,417.56298828125,90917200,342.81329956054685,0.0048127481426387
2015-12-10,417.9880065917969,419.5090026855469,411.5480041503906,415.47900390625,52138900,345.7974395751953,-0.0049908263746698
2015-12-11,415.281005859375,451.93798828125,415.281005859375,451.93798828125,110944000,349.35573913574217,0.0877516890919154
2015-12-12,452.3349914550781,469.1029968261719,410.7409973144531,434.99700927734375,131969000,352.5257592773437,-0.0374851847890325
2015-12-13,431.6600036621094,441.6799926757813,426.26800537109375,433.7550048828125,55050600,355.5677795410156,-0.0028552021463195
2015-12-14,433.2720031738281,447.1419982910156,430.45599365234375,444.1820068359375,130496000,358.77781982421874,0.0240389202101358
2015-12-15,443.87799072265625,465.3210144042969,443.87799072265625,465.3210144042969,83121104,362.3782403564453,0.0475908687047903
2015-12-16,465.2080078125,465.2080078125,443.85101318359375,454.9339904785156,107944000,365.6011602783203,-0.0223222755995207
2015-12-17,454.7770080566406,457.8599853515625,448.8580017089844,456.0780029296875,47978400,368.6303601074219,0.002514677898586
2015-12-18,455.8469848632813,465.177001953125,454.9400024414063,463.6159973144531,60220100,371.6255798339844,0.0165278621997644
2015-12-19,463.552001953125,465.58099365234375,456.7650146484375,462.3219909667969,47892700,374.3117193603516,-0.0027911166895705
2015-12-20,462.2340087890625,462.6449890136719,434.3380126953125,442.68499755859375,75409400,376.882099609375,-0.042474711979715
2015-12-21,442.8380126953125,444.72900390625,427.31201171875,438.6390075683594,77639696,379.146259765625,-0.0091396591539085
2015-12-22,437.4360046386719,443.68798828125,435.5159912109375,436.5719909667969,50840400,380.6539196777344,-0.0047123410501523
2015-12-23,436.7200012207031,444.5289916992188,436.6189880371094,442.4010009765625,47161400,381.4335998535156,0.0133517727439571
2015-12-24,443.0910034179688,458.45599365234375,443.0769958496094,454.9849853515625,57157200,382.3020397949219,0.0284447466149984
2015-12-25,454.8550109863281,458.3049926757813,452.0750122070313,455.6530151367188,39078500,383.6880200195312,0.00146824578099
2015-12-26,455.7560119628906,457.489013671875,405.760009765625,417.2739868164063,116166000,384.5440997314453,-0.0842286280247632
2015-12-27,416.5140075683594,424.0069885253906,408.8829956054688,422.822998046875,53591200,385.2709197998047,0.0132982438536486
2015-12-28,423.3429870605469,429.7690124511719,418.4809875488281,422.2789916992188,49638600,386.2491394042969,-0.0012866053884702
2015-12-29,422.0979919433594,432.9830017089844,420.62701416015625,432.9830017089844,51596500,387.3036596679688,0.0253481944879461
2015-12-30,433.2999877929688,434.3869934082031,422.0840148925781,426.6199951171875,46889400,389.0996795654297,-0.0146957422501162
2015-12-31,425.875,432.9209899902344,418.7349853515625,430.5669860839844,45996600,391.4893389892578,0.0092517720968814
2016-01-01,430.7210083007813,436.2460021972656,427.5150146484375,434.3340148925781,36278900,393.41297912597656,0.0087489959294253
2016-01-02,434.62200927734375,436.06201171875,431.8699951171875,433.43798828125,30096600,395.3466790771485,-0.0020629897281927
2016-01-03,433.5780029296875,433.7430114746094,424.70599365234375,430.010986328125,39633800,397.2887786865234,-0.0079065565219937
2016-01-04,430.0610046386719,434.5169982910156,429.0840148925781,433.0910034179688,38477500,399.5472790527344,0.007162647438718
2016-01-05,433.0690002441406,434.1820068359375,429.6759948730469,431.9599914550781,34522600,401.5714587402344,-0.0026114880105212
2016-01-06,431.8559875488281,431.8559875488281,426.3410034179688,429.1050109863281,34042500,403.4516790771484,-0.0066093631938756
2016-01-07,430.010986328125,458.7659912109375,429.0769958496094,458.0480041503906,87562200,405.92083923339845,0.0674496741427814
2016-01-08,457.5379943847656,462.9339904785156,447.93798828125,453.2300109863281,56993000,408.4624597167969,-0.0105185332550441
2016-01-09,453.3829956054688,454.6400146484375,446.8890075683594,447.6109924316406,32278000,410.9742395019532,-0.0123977195209542
2016-01-10,448.2380065917969,448.3089904785156,440.35101318359375,447.9909973144531,35995900,413.3955194091797,0.0008489623562373
2016-01-11,448.697998046875,450.6619873046875,443.8550109863281,448.4280090332031,40450000,415.873359375,0.0009754921892843
2016-01-12,448.1820068359375,448.1820068359375,435.6900024414063,435.6900024414063,115607000,418.1262396240234,-0.0284059120643681
2016-01-13,434.6650085449219,435.1860046386719,424.4429931640625,432.3710021972656,173888000,420.3727398681641,-0.007617802165628
2016-01-14,432.2879943847656,433.3240051269531,427.8450012207031,430.3059997558594,43945500,422.4147399902344,-0.0047759966115028
2016-01-15,430.2550048828125,430.2550048828125,364.33099365234375,364.33099365234375,153351008,422.6476800537109,-0.1533211392380016
2016-01-16,365.072998046875,390.5570068359375,354.9140014648437,387.5360107421875,120352000,423.2375604248047,0.0636921302171362
2016-01-17,387.1520080566406,390.9649963378906,380.0920104980469,382.2990112304688,45319600,423.73592041015627,-0.0135135816196516
2016-01-18,381.7330017089844,388.10400390625,376.6650085449219,387.1679992675781,54403900,424.0534002685547,0.0127360727966259
2016-01-19,387.0260009765625,387.7300109863281,378.9719848632813,380.1489868164063,46819800,424.1099597167969,-0.0181291131096837
2016-01-20,379.739990234375,425.2669982910156,376.5989990234375,420.2300109863281,121720000,425.2647998046875,0.1054350414177982
2016-01-21,419.6319885253906,422.87701416015625,406.2999877929688,410.2619934082031,68338000,426.2862994384766,-0.0237203848309855
2016-01-22,409.7510070800781,410.4100036621094,375.2820129394531,382.4920043945313,91546600,426.7152197265625,-0.0676884270535906
2016-01-23,382.4339904785156,394.5429992675781,381.9809875488281,387.4909973144531,56247400,427.2013793945313,0.0130695357353549
2016-01-24,388.10198974609375,405.4849853515625,387.510009765625,402.9710083007813,54824800,427.4818194580078,0.0399493435811773
2016-01-25,402.3169860839844,402.3169860839844,388.5539855957031,391.72601318359375,59062400,427.5406799316406,-0.0279052211835402
2016-01-26,392.00201416015625,397.7659912109375,390.5750122070313,392.1530151367188,58147000,427.4730200195313,0.0010900525845978
2016-01-27,392.4440002441406,396.8429870605469,391.7820129394531,394.9719848632813,47424400,427.0611999511719,0.007188443331437
2016-01-28,395.14599609375,395.50201416015625,379.7349853515625,380.28900146484375,59247900,426.3157202148437,-0.0371747464659296
2016-01-29,380.1080017089844,384.3789978027344,365.4519958496094,379.4739990234375,86125296,425.5956201171875,-0.0021431133644858
2016-01-30,378.864990234375,380.9169921875,376.4909973144531,378.2550048828125,30284400,424.1219604492188,-0.0032123258609603
2016-01-31,378.2929992675781,380.3469848632813,367.8349914550781,368.7669982910156,37894300,422.7973602294922,-0.0250836247222594
2016-02-01,369.3500061035156,378.0719909667969,367.9570007324219,373.0559997558594,51656700,421.5833801269531,0.0116306542741633
2016-02-02,372.9200134277344,375.8829956054688,372.9200134277344,374.447998046875,40378700,420.1886999511719,0.0037313387049842
2016-02-03,374.64599609375,374.9500122070313,368.0450134277344,369.9490051269531,45933400,418.281259765625,-0.0120150005965813
2016-02-04,370.1740112304688,391.6080017089844,369.9930114746094,389.593994140625,69285504,416.9744598388672,0.0531018836148253
2016-02-05,388.8980102539063,391.093994140625,385.5719909667969,386.5490112304688,43825000,415.5838800048828,-0.0078157850376336
2016-02-06,386.5889892578125,386.6310119628906,372.3869934082031,376.5220031738281,49249300,413.8420001220703,-0.0259398103871033
2016-02-07,376.5140075683594,380.8710021972656,374.9030151367188,376.6199951171875,37076300,412.1279602050781,0.0002602555562047
2016-02-08,376.7569885253906,379.8789978027344,373.3340148925781,373.4469909667969,47671100,410.7432000732422,-0.0084249487322183
2016-02-09,373.4230041503906,377.2460021972656,372.8980102539063,376.0289916992188,55318500,409.4909997558594,0.0069139685012253
2016-02-10,376.14599609375,385.4830017089844,375.7829895019531,381.6489868164063,85130896,408.3925396728516,0.0149456431319074
2016-02-11,382.114013671875,383.1300048828125,376.3989868164063,379.6539916992188,74375600,407.1375994873047,-0.005227303585499
2016-02-12,379.6860046386719,384.9540100097656,379.6000061035156,384.2630004882813,67042800,405.7231597900391,0.012140024574571
2016-02-13,384.6409912109375,391.8599853515625,384.6409912109375,391.8599853515625,61911700,404.4472991943359,0.0197702741446035
2016-02-14,392.9320068359375,407.2300109863281,392.9320068359375,407.2300109863281,74469800,404.2464196777344,0.0392232588407213
2016-02-15,407.5679931640625,410.3810119628906,397.7489929199219,400.18499755859375,74070496,403.7936596679688,-0.0172998385130581
2016-02-16,401.4320068359375,408.9450073242188,401.4320068359375,407.4880065917969,73093104,403.49783996582033,0.018249082493738
2016-02-17,407.656005859375,421.1669921875,406.7839965820313,416.3219909667969,83193600,403.16461975097656,0.0216791273168672
2016-02-18,416.5719909667969,425.9960021972656,415.6380004882813,422.37298583984375,76752600,403.0796795654297,0.0145344108750897
2016-02-19,422.7300109863281,423.10400390625,417.60400390625,420.7850036621094,55711300,402.8840399169922,-0.0037596679498259
2016-02-20,421.60101318359375,441.9840087890625,421.60101318359375,437.16400146484375,93992096,402.9406396484375,0.0389248610577546
2016-02-21,437.7730102539063,448.0459899902344,429.0769958496094,438.7980041503906,89820704,403.0478399658203,0.0037377338483308
2016-02-22,438.989013671875,439.0450134277344,432.9169921875,437.74798583984375,85385200,403.2025799560547,-0.0023929423119869
2016-02-23,438.2550048828125,439.8580017089844,417.8210144042969,420.7359924316406,85244896,402.9554797363281,-0.0388625281177814
2016-02-24,420.95599365234375,425.5499877929688,413.9070129394531,424.9549865722656,67743696,402.8153796386719,0.010027652058578
2016-02-25,425.0369873046875,427.718994140625,420.4150085449219,424.54400634765625,70798000,402.7241595458984,-0.0009671147241367
2016-02-26,424.6289978027344,432.1520080566406,421.6199951171875,432.1520080566406,61486000,402.20623962402345,0.0179204077674677
2016-02-27,432.8389892578125,434.2309875488281,428.1029968261719,432.5190124511719,41893600,401.7920196533203,0.0008492483841082
2016-02-28,432.5710144042969,435.6830139160156,423.8200073242188,433.5039978027344,53033400,401.5098797607422,0.0022773226683849
2016-02-29,433.43798828125,441.5069885253906,431.6929931640625,437.6969909667969,60694700,401.3039996337891,0.0096723287104967
2016-03-01,437.9169921875,439.6530151367188,432.3190002441406,435.12298583984375,74895800,401.0378991699219,-0.005880792374806
2016-03-02,435.1310119628906,435.9169921875,423.989013671875,423.989013671875,74955296,400.8038793945312,-0.0255881038931526
2016-03-03,423.9119873046875,425.37298583984375,419.4110107421875,421.6510009765625,100484000,400.5894793701172,-0.0055143237676481
2016-03-04,421.83599853515625,425.1780090332031,410.9389953613281,410.9389953613281,90856096,400.20213928222654,-0.0254049097249262
2016-03-05,410.781005859375,411.2569885253906,394.0350036621094,400.5700073242188,135384992,400.9269195556641,-0.0252324265989705
2016-03-06,400.5249938964844,411.9070129394531,395.7780151367188,407.7070007324219,91212496,401.3303393554688,0.0178170938355515
2016-03-07,407.7569885253906,415.9169921875,406.3089904785156,414.3210144042969,85762400,401.9707794189453,0.0162224677525608
2016-03-08,414.4649963378906,416.2430114746094,411.093994140625,413.9719848632813,70311696,402.50685913085937,-0.0008424133193375
2016-03-09,413.8940124511719,416.0320129394531,411.6059875488281,414.8599853515625,70012304,403.2010791015625,0.0021450738715436
2016-03-10,414.7439880371094,417.5119934082031,413.2510070800781,417.1310119628906,81022896,403.13909912109375,0.0054742001916709
2016-03-11,417.2380065917969,423.9259948730469,417.0130004882813,421.6900024414063,73969696,403.3676593017578,0.0109293971144999
2016-03-12,421.6050109863281,421.7950134277344,410.093994140625,411.6239929199219,92712896,403.9502990722656,-0.0238706382963941
2016-03-13,411.6480102539063,416.60400390625,411.6419982910156,414.0650024414063,74322800,404.4817791748047,0.0059301925142134
2016-03-14,414.2009887695313,416.6839904785156,414.2009887695313,416.43798828125,95259400,404.75111877441407,0.0057309500340578
2016-03-15,416.3880004882813,418.1310119628906,414.9849853515625,416.8299865722656,66781700,405.2531982421875,0.0009413125172212
2016-03-16,416.8880004882813,417.6860046386719,415.9119873046875,417.010986328125,65185800,405.7503576660157,0.0004342292102057
2016-03-17,417.8890075683594,420.99700927734375,417.8890075683594,420.6210021972656,83528600,406.2633380126953,0.0086568843207888
2016-03-18,420.5469970703125,420.5469970703125,406.1369934082031,409.5480041503906,104940000,406.8485180664063,-0.0263253570055493
2016-03-19,409.2650146484375,410.9840087890625,407.2300109863281,410.4440002441406,58423000,407.4679180908203,0.0021877681850965
2016-03-20,410.4010009765625,414.625,410.4010009765625,413.7550048828125,45947900,408.1779180908203,0.0080668852186958
2016-03-21,413.4179992675781,413.4179992675781,410.3810119628906,413.3070068359375,61655400,409.06871826171874,-0.0010827616381386
2016-03-22,413.1319885253906,418.375,412.531005859375,418.0889892578125,66813300,409.9693780517578,0.0115700492437409
2016-03-23,418.1610107421875,419.26800537109375,417.364013671875,418.0409851074219,61444200,410.8412377929688,-0.0001148180211008
2016-03-24,418.4240112304688,418.6799926757813,415.4859924316406,416.3940124511719,68346704,411.7701379394532,-0.0039397396784595
2016-03-25,416.5079956054688,418.0799865722656,415.5580139160156,417.177001953125,52560000,412.3217980957031,0.0018804052857146
2016-03-26,417.364990234375,418.9869995117188,416.2590026855469,417.9450073242188,44650400,412.9497180175781,0.0018409580765432
2016-03-27,418.1400146484375,428.7969970703125,417.71099853515625,426.7650146484375,71229400,413.9545782470703,0.0211032723675455
2016-03-28,426.5480041503906,426.8569946289063,423.2929992675781,424.2309875488281,68522800,414.9067980957032,-0.00593775734334
2016-03-29,424.3039855957031,426.2030029296875,412.6809997558594,416.5159912109375,75411504,415.76817810058594,-0.0181858387631399
2016-03-30,416.8340148925781,416.8340148925781,412.4960021972656,414.8160095214844,66034100,416.5439184570312,-0.0040814319865865
2016-03-31,415.2569885253906,418.3689880371094,415.2569885253906,416.72900390625,60215200,417.2455187988281,0.0046116696097924
2016-04-01,416.760009765625,418.1730041503906,415.83099365234375,417.9599914550781,51235700,418.0116387939453,0.0029539281818384
2016-04-02,418.4219970703125,422.08099365234375,418.4219970703125,420.87298583984375,45681200,418.74383850097655,0.0069695531733178
2016-04-03,421.1730041503906,421.5799865722656,419.6969909667969,420.9039916992188,38053700,419.3247186279297,7.367034810545903e-05
2016-04-04,421.2990112304688,422.3429870605469,419.60101318359375,421.4440002441406,50634300,419.60899841308594,0.0012829732090251
2016-04-05,421.0169982910156,424.2569885253906,420.614013671875,424.0299987792969,60718000,420.0858984375,0.0061360430654089
2016-04-06,424.2839965820313,424.5270080566406,422.72900390625,423.4129943847656,59091000,420.4043981933594,-0.0014550960929827
2016-04-07,423.6199951171875,423.6570129394531,420.51800537109375,422.7449951171875,57858600,420.5328582763672,-0.0015776541495821
2016-04-08,422.9070129394531,425.3609924316406,419.635009765625,420.3489990234375,63454700,420.4923785400391,-0.0056677101359551
2016-04-09,420.8110046386719,420.8909912109375,416.5150146484375,419.4110107421875,49792700,420.4648986816407,-0.0022314512070426
2016-04-10,419.5920104980469,422.43499755859375,419.2569885253906,421.5639953613281,73478600,420.1528985595703,0.0051333526397667
2016-04-11,421.87200927734375,422.739013671875,420.5329895019531,422.4830017089844,50747500,419.8265985107422,0.0021799924988104
2016-04-12,422.8429870605469,427.2770080566406,422.8429870605469,425.1900024414063,70728800,419.5754388427735,0.0064073601102809
2016-04-13,425.6319885253906,426.6579895019531,422.9159851074219,423.7340087890625,69060400,419.63539916992187,-0.0034243365177533
2016-04-14,423.93499755859375,425.3710021972656,423.0130004882813,424.2820129394531,45281000,419.6219396972657,0.0012932739384234
2016-04-15,424.427001953125,429.9280090332031,424.427001953125,429.7130126953125,54801500,419.72531982421873,0.0128004477923375
2016-04-16,429.5750122070313,432.625,428.9840087890625,430.5719909667969,39392800,419.6937194824219,0.0019989580164132
2016-04-17,430.635986328125,431.3710021972656,426.0790100097656,427.3989868164063,52125900,419.59131896972656,-0.0073692767224965
2016-04-18,427.6109924316406,429.2739868164063,427.08599853515625,428.5910034179688,55670900,419.49305908203127,0.0027890019357359
2016-04-19,428.7030029296875,436.0199890136719,428.10400390625,435.5090026855469,52810500,419.4492993164063,0.0161412610446971
2016-04-20,435.3240051269531,443.0539855957031,434.406005859375,441.3890075683594,72890096,419.5746197509766,0.0135014542674289
2016-04-21,441.4159851074219,450.5480041503906,440.9519958496094,449.4249877929688,68204704,420.0833392333984,0.0182061177030214
2016-04-22,449.68798828125,449.80999755859375,444.1499938964844,445.7369995117188,58804400,420.5650592041016,-0.0082060152003584
2016-04-23,445.8609924316406,450.2820129394531,444.33099365234375,450.2820129394531,50485400,421.351919555664,0.0101966258863706
2016-04-24,450.55999755859375,460.14599609375,448.9280090332031,458.5549926757813,68198400,422.5116192626953,0.01837288521103
2016-04-25,459.1210021972656,466.6199951171875,453.5920104980469,461.4259948730469,87091800,423.5859991455078,0.0062609768580048
2016-04-26,461.6480102539063,467.9649963378906,461.6210021972656,466.0889892578125,78971904,424.6213586425781,0.0101056170145952
2016-04-27,466.2619934082031,467.0790100097656,444.1340026855469,444.68701171875,93564896,425.2356591796875,-0.0459182216965529
2016-04-28,445.0379943847656,449.5509948730469,436.6499938964844,449.010986328125,74064704,425.91867919921873,0.0097236359403942
2016-04-29,449.4079895019531,455.3840026855469,446.0169982910156,455.0969848632813,49258500,426.67799865722657,0.0135542307882612
2016-04-30,455.1780090332031,455.5870056152344,447.6969909667969,448.3179931640625,69322600,427.2105584716797,-0.0148957077824967
2016-05-01,448.4840087890625,452.47900390625,447.927001953125,451.875,40660100,428.01557861328126,0.0079341157173582
2016-05-02,451.9330139160156,452.4450073242188,441.7760009765625,444.66900634765625,92127000,428.6276586914062,-0.0159468739194329
2016-05-03,444.72698974609375,451.0969848632813,442.6170043945313,450.3039855957031,59366400,429.3049786376953,0.0126723004473157
2016-05-04,450.1830139160156,450.37799072265625,445.6300048828125,446.7219848632813,50407300,429.9028186035157,-0.0079546280890302
2016-05-05,446.71099853515625,448.5060119628906,445.8829956054688,447.97601318359375,50440800,430.522119140625,0.0028071784304422
2016-05-06,447.9419860839844,461.375,447.0679931640625,459.6029968261719,72796800,431.3017590332031,0.0259544781425897
2016-05-07,459.6390075683594,460.6749877929688,457.3240051269531,458.5360107421875,38364500,432.2815191650391,-0.0023215385699234
2016-05-08,458.4289855957031,459.4169921875,455.9830017089844,458.5480041503906,40315000,433.24359924316406,2.615586981646878e-05
2016-05-09,458.20599365234375,462.4809875488281,456.531005859375,460.4830017089844,55493100,434.1781591796875,0.0042198363989807
2016-05-10,460.51800537109375,461.9289855957031,448.9540100097656,450.8949890136719,58956100,434.9299188232422,-0.0208216430568091
2016-05-11,450.864013671875,454.5759887695313,450.864013671875,452.7279968261719,50605200,435.62269897460936,0.0040652654324451
2016-05-12,452.4469909667969,454.9490051269531,449.25,454.7659912109375,59849300,436.35719909667966,0.0045015868226681
2016-05-13,454.8500061035156,457.0549926757813,453.4530029296875,455.6700134277344,60845000,437.1427191162109,0.0019878843938827
2016-05-14,455.822998046875,456.83599853515625,454.7860107421875,455.6709899902344,37209000,437.9125988769531,2.1431353198764214e-06
2016-05-15,455.7590026855469,458.6919860839844,455.4590148925781,457.5679931640625,28514000,438.70505859375,0.0041630984098171
2016-05-16,457.58599853515625,458.2000122070313,452.9450073242188,454.1629943847656,59171500,439.2530181884766,-0.00744151433266
2016-05-17,454.0090026855469,455.0719909667969,453.6050109863281,453.7829895019531,64100300,439.8440582275391,-0.0008367147643265
2016-05-18,453.6910095214844,455.99798583984375,453.2990112304688,454.6189880371094,86850096,440.6061181640625,0.0018422870722276
2016-05-19,454.5239868164063,454.6329956054688,438.7149963378906,438.7149963378906,96027400,441.08409790039065,-0.0349831223897769
2016-05-20,437.7929992675781,444.0539855957031,437.3890075683594,442.6759948730469,81987904,441.60303771972656,0.009028637197771
2016-05-21,442.9660034179688,443.7780151367188,441.70599365234375,443.18798828125,42762300,442.10759765625,0.0011565872424366
2016-05-22,443.2179870605469,443.427001953125,439.0350036621094,439.322998046875,39657600,442.4765979003906,-0.0087208821912435
2016-05-23,439.3479919433594,444.3450012207031,438.822998046875,444.1549987792969,50582500,442.9416180419922,0.0109987429611102
2016-05-24,444.2909851074219,447.1000061035156,443.9299926757813,445.9809875488281,65783100,443.43235778808594,0.0041111521305619
2016-05-25,446.06201171875,450.2980041503906,446.06201171875,449.5989990234375,65231000,443.9437377929688,0.0081124791765103
2016-05-26,449.6719970703125,453.6440124511719,447.89599609375,453.3840026855469,65203800,444.5431579589844,0.008418621194288
2016-05-27,453.52099609375,478.1489868164063,453.52099609375,473.4639892578125,164780992,445.5575378417969,0.0442891378022274
2016-05-28,473.0289916992188,533.4730224609375,472.6990051269531,530.0399780273438,181199008,447.751357421875,0.1194937525411763
2016-05-29,527.4769897460938,553.9600219726562,512.1790161132812,526.2329711914062,148736992,449.8877966308594,-0.0071824899889741
2016-05-30,528.4710083007812,544.3489990234375,522.9630126953125,533.864013671875,87958704,452.1337969970703,0.0145012625552365
2016-05-31,534.1909790039062,546.6179809570312,520.6619873046875,531.385986328125,138450000,454.3118566894531,-0.0046416826762799
2016-06-01,531.1069946289062,543.0800170898438,525.635986328125,536.9199829101562,86061800,456.5464562988281,0.0104142689578081
2016-06-02,536.5150146484375,540.3519897460938,533.0780029296875,537.9719848632812,60378200,458.8312158203125,0.0019593272491424
2016-06-03,537.6820068359375,574.6380004882812,536.9199829101562,569.1939697265625,122020000,461.72945495605467,0.0580364512312214
2016-06-04,569.7050170898438,590.1320190429688,564.2379760742188,572.7269897460938,94925296,464.5897344970703,0.006207058063578
2016-06-05,573.3079833984375,582.8079833984375,569.177978515625,574.9769897460938,68874096,467.4778344726562,0.0039285733696563
2016-06-06,574.6019897460938,586.469970703125,574.6019897460938,585.5369873046875,72138896,470.6405944824219,0.0183659481108227
2016-06-07,585.4450073242188,590.2589721679688,567.5139770507812,576.5969848632812,107770000,473.6007141113281,-0.0152680405085225
2016-06-08,577.1669921875,582.8389892578125,573.1300048828125,581.64501953125,80265800,476.5234344482422,0.0087548752430013
2016-06-09,582.2030029296875,582.2030029296875,570.9509887695312,574.6300048828125,71301000,479.18825439453127,-0.0120606459487797
2016-06-10,575.8369750976562,579.1270141601562,573.3250122070312,577.469970703125,66991900,481.7491540527344,0.0049422511810737
2016-06-11,578.6740112304688,607.1160278320312,578.6740112304688,606.7269897460938,82357000,484.96895385742187,0.0506641393098683
2016-06-12,609.6840209960938,684.843994140625,607.0390014648438,672.7839965820312,277084992,489.41899353027344,0.1088743503294313
2016-06-13,671.6539916992188,716.0040283203125,664.4869995117188,704.3759765625,243295008,494.3354132080078,0.0469570919358466
2016-06-14,704.5040283203125,704.5040283203125,662.8040161132812,685.5590209960938,186694000,498.8180737304688,-0.0267143630568391
2016-06-15,685.6849975585938,696.302978515625,672.5609741210938,694.468994140625,99223800,503.385673828125,0.0129966536383481
2016-06-16,696.5230102539062,773.7219848632812,696.5230102539062,766.3079833984375,271633984,509.81809326171873,0.1034444876069811
2016-06-17,768.4869995117188,775.3560180664062,716.5560302734375,748.9089965820312,363320992,515.8160534667969,-0.022704953091112
2016-06-18,748.7559814453125,777.989990234375,733.9290161132812,756.2269897460938,252718000,521.8386535644531,0.0097715385947576
2016-06-19,756.68798828125,766.6209716796875,745.6279907226562,763.781005859375,136184992,528.1479138183594,0.0099890855731259
2016-06-20,763.927001953125,764.083984375,732.7269897460938,737.2260131835938,174511008,533.8549340820313,-0.0347678097151717
2016-06-21,735.8829956054688,735.8829956054688,639.0700073242188,666.6519775390625,309944000,538.2945935058593,-0.0957291717634439
2016-06-22,665.9149780273438,678.6699829101562,587.4829711914062,596.1160278320312,266392992,541.210834350586,-0.1058062558629374
2016-06-23,597.4429931640625,629.3270263671875,558.1389770507812,623.9769897460938,253462000,544.7559344482422,0.0467374816533416
2016-06-24,625.5750122070312,681.7269897460938,625.27197265625,665.2990112304688,224316992,549.1023944091797,0.0662236302995558
2016-06-25,665.281005859375,691.7310180664062,646.5590209960938,665.1229858398438,126656000,553.2127941894531,-0.0002645808691335
2016-06-26,665.9310302734375,665.97998046875,616.9340209960938,629.3670043945312,109225000,556.6294140625,-0.0537584510031085
2016-06-27,629.3489990234375,655.2750244140625,620.5239868164062,655.2750244140625,122134000,560.5639544677734,0.0411652022407109
2016-06-28,658.1019897460938,659.2479858398438,637.7730102539062,647.0009765625,138384992,564.2943139648437,-0.0126268323120678
2016-06-29,644.1220092773438,644.6820068359375,628.2839965820312,639.8900146484375,142456000,568.074214477539,-0.010990650975278
2016-06-30,640.5910034179688,675.4030151367188,636.6079711914062,673.3369750976562,138980000,572.4863940429688,0.0522698583874525
2016-07-01,672.5150146484375,686.1539916992188,669.593994140625,676.2960205078125,134431008,576.9169946289062,0.0043945981278201
2016-07-02,676.7340087890625,703.7020263671875,676.3989868164062,703.7020263671875,112354000,581.8776348876953,0.0405236834586082
2016-07-03,704.968017578125,704.968017578125,649.0089721679688,658.6640014648438,129512000,585.9374951171875,-0.0640015563616456
2016-07-04,658.8040161132812,683.6619873046875,650.5079956054688,683.6619873046875,92008400,590.459375,0.0379525612212738
2016-07-05,683.208984375,683.4910278320312,665.0659790039062,670.6270141601562,130476000,594.7886553955078,-0.0190664003361092
2016-07-06,670.4180297851562,681.8980102539062,670.4180297851562,677.3309936523438,134960992,599.2596154785156,0.0099965843168174
2016-07-07,678.0900268554688,682.4320068359375,611.833984375,640.56201171875,258091008,602.9784759521484,-0.054285101786537
2016-07-08,640.68798828125,666.7069702148438,636.4669799804688,666.5230102539062,141970000,607.5346362304688,0.0405284704060078
2016-07-09,666.3839721679688,666.3839721679688,633.3989868164062,650.9600219726562,180536000,611.700316772461,-0.0233495138829812
2016-07-10,650.5989990234375,652.2940063476562,641.2639770507812,649.3599853515625,102532000,615.8237567138672,-0.0024579644941098
2016-07-11,648.4840087890625,659.6290283203125,644.97998046875,647.6589965820312,107910000,619.9904766845704,-0.0026194850435854
2016-07-12,648.2830200195312,675.2589721679688,646.7789916992188,664.551025390625,138172992,624.3983972167969,0.0260816709066655
2016-07-13,664.7969970703125,668.7000122070312,654.468017578125,654.468017578125,131449000,628.5681378173828,-0.0151726615824168
2016-07-14,652.9229736328125,662.9019775390625,652.9229736328125,658.0780029296875,98511400,632.7377178955078,0.0055159079658642
2016-07-15,659.1710205078125,667.0770263671875,659.0399780273438,663.2550048828125,81673104,636.9351379394532,0.007866851543552
2016-07-16,663.781005859375,666.4600219726562,659.333984375,660.7670288085938,50330200,640.6811987304687,-0.0037511606484723
2016-07-17,661.9929809570312,682.364990234375,661.9929809570312,679.458984375,74407904,643.6695788574219,0.0282882691651686
2016-07-18,679.8090209960938,681.5549926757812,668.625,673.1060180664062,69465000,646.6070397949219,-0.0093500365065266
2016-07-19,672.7379760742188,673.2769775390625,667.6320190429688,672.864013671875,61203300,649.3870397949219,-0.0003595338446481
2016-07-20,672.8060302734375,672.9290161132812,663.3599853515625,665.6849975585938,94636400,652.0730200195312,-0.010669341750207
2016-07-21,665.22802734375,666.218994140625,660.4149780273438,665.0120239257812,60491800,654.6348608398438,-0.0010109490754345
2016-07-22,664.9219970703125,666.5830078125,646.7219848632812,650.6190185546875,134169000,656.8878015136719,-0.0216432257662457
2016-07-23,650.7260131835938,656.3660278320312,648.5239868164062,655.5560302734375,69532200,658.6150427246093,0.0075881761491038
2016-07-24,655.4099731445312,663.1099853515625,652.7930297851562,661.2849731445312,118184000,660.3862023925781,0.0087390590682296
2016-07-25,661.2630004882812,661.8280029296875,653.39501953125,654.0969848632812,78176496,661.9686022949219,-0.0108697287450367
2016-07-26,654.2260131835938,656.2249755859375,645.8790283203125,651.7839965820312,225135008,663.2935424804688,-0.003536154935393
2016-07-27,651.6270141601562,657.4559936523438,648.447021484375,654.3519897460938,147460992,664.848642578125,0.0039399451007222
2016-07-28,654.4920043945312,657.594970703125,654.4920043945312,655.0349731445312,86428400,666.3164416503906,0.0010437553627711
2016-07-29,655.1110229492188,657.7960205078125,654.7860107421875,656.9920043945312,60703500,667.963681640625,0.0029876744452363
2016-07-30,657.0120239257812,658.2230224609375,654.208984375,655.0469970703125,38456100,669.5152221679688,-0.0029604733561579
2016-07-31,655.0999755859375,655.2849731445312,624.364990234375,624.6810302734375,110818000,669.8743029785156,-0.046356928484042
2016-08-01,624.6019897460938,626.1190185546875,605.8839721679688,606.27197265625,121887000,668.5440625,-0.0294695320092069
2016-08-02,606.39697265625,612.8480224609375,531.333984375,547.4650268554688,330932992,665.4058435058594,-0.0969976321734473
2016-08-03,548.656005859375,573.3599853515625,541.5469970703125,566.35498046875,207982000,663.0217626953125,0.0345044024488312
2016-08-04,566.3289794921875,579.4959716796875,565.7769775390625,578.2890014648438,125292000,660.6981628417968,0.0210716271731492
2016-08-05,578.281005859375,578.281005859375,569.9819946289062,575.0430297851562,66127900,656.8728637695312,-0.0056130614130049
2016-08-06,575.030029296875,588.39599609375,569.468994140625,587.7780151367188,80797296,653.650244140625,0.0221461433178669
2016-08-07,587.77099609375,597.5130004882812,586.8159790039062,592.6900024414062,82398400,650.3795043945313,0.0083568748374247
2016-08-08,592.7360229492188,592.9940185546875,588.0469970703125,591.0540161132812,61194100,646.9249645996093,-0.0027602731974321
2016-08-09,591.0380249023438,591.0910034179688,584.7930297851562,587.801025390625,92228096,643.93646484375,-0.0055037113934993
2016-08-10,587.6480102539062,599.9840087890625,586.3709716796875,592.10302734375,102905000,642.4454858398437,0.0073188064792266
2016-08-11,592.1240234375,597.5419921875,589.1199951171875,589.1199951171875,74514400,642.3055651855469,-0.0050380290064463
2016-08-12,588.7979736328125,589.9099731445312,583.8109741210938,587.5590209960938,69218000,641.5772058105468,-0.0026496709227858
2016-08-13,587.3569946289062,589.7739868164062,584.97900390625,585.5880126953125,43563000,639.9829858398438,-0.0033545707415738
2016-08-14,585.5889892578125,585.666015625,564.781005859375,570.4730224609375,60851100,638.0899865722656,-0.0258116455710979
2016-08-15,570.4940185546875,573.5800170898438,563.239990234375,567.239990234375,57262300,636.8474462890625,-0.0056672832882012
2016-08-16,567.2429809570312,581.7379760742188,566.7160034179688,577.4390258789062,58405200,635.2907263183594,0.0179801068685534
2016-08-17,577.760986328125,580.8939819335938,571.4299926757812,573.2160034179688,54443000,633.8150268554688,-0.0073133651722097
2016-08-18,573.7069702148438,577.7919921875,573.4299926757812,574.3179931640625,59896600,632.5035864257812,0.0019224685625014
2016-08-19,574.3389892578125,578.2379760742188,574.1820068359375,575.6300048828125,50631600,630.5494470214844,0.0022844691170509
2016-08-20,576.083984375,582.8179931640625,575.4569702148438,581.697021484375,45301400,628.6574670410156,0.0105397851920481
2016-08-21,581.9390258789062,584.1580200195312,580.218017578125,581.3079833984375,38299400,626.2095861816406,-0.000668798483693
2016-08-22,581.3109741210938,588.447998046875,580.593994140625,586.7529907226562,72844000,624.7713659667969,0.00936682013618
2016-08-23,586.77099609375,589.4739990234375,581.6339721679688,583.4149780273438,85349200,622.76642578125,-0.0056889572751923
2016-08-24,583.4119873046875,583.5900268554688,579.85498046875,580.1820068359375,56328200,620.9575256347656,-0.0055414607323549
2016-08-25,580.1799926757812,580.4509887695312,575.1669921875,577.760986328125,136130000,618.9661254882812,-0.0041728638242604
2016-08-26,577.7529907226562,580.6229858398438,576.8579711914062,579.6510009765625,48856800,617.7479052734375,0.0032712742693985
2016-08-27,579.4520263671875,579.844970703125,568.6300048828125,569.947021484375,59698300,615.8163854980469,-0.0167410726037543
2016-08-28,569.8300170898438,574.0380249023438,569.739990234375,573.9119873046875,86301600,614.2754248046875,0.006956726977862
2016-08-29,574.0709838867188,576.2780151367188,573.4650268554688,574.1069946289062,110398000,612.7703649902344,0.0003397861144782
2016-08-30,574.114013671875,578.3569946289062,574.114013671875,577.5029907226562,70342400,611.3672448730468,0.005915266884956
2016-08-31,577.5910034179688,577.8610229492188,573.6420288085938,575.4719848632812,75840896,609.5856640625,-0.0035168750500036
2016-09-01,575.5460205078125,576.3109741210938,571.8140258789062,572.302978515625,76923400,607.94236328125,-0.0055067951716348
2016-09-02,572.4099731445312,575.6430053710938,570.8109741210938,575.5369873046875,79910800,606.29154296875,0.0056508683520231
2016-09-03,575.5549926757812,599.5,574.0560302734375,598.2119750976562,159014000,604.9906823730469,0.0393979679727598
2016-09-04,598.5900268554688,611.8369750976562,596.8480224609375,608.6339721679688,97942896,603.9480212402344,0.0174219131414263
2016-09-05,608.989990234375,609.0549926757812,602.2420043945312,606.5900268554688,82446800,602.4906420898437,-0.0033582504525986
2016-09-06,606.5059814453125,610.8300170898438,605.0910034179688,610.4359741210938,78529104,601.2372412109376,0.0063402744775777
2016-09-07,610.572998046875,614.5449829101562,608.5130004882812,614.5440063476562,75032400,600.0708410644531,0.0067296692867375
2016-09-08,614.635009765625,628.77001953125,613.843994140625,626.3159790039062,86713000,599.2834606933594,0.0191556219483985
2016-09-09,626.3519897460938,626.8300170898438,620.2630004882812,622.8610229492188,64550200,598.4404406738281,-0.0055163147205381
2016-09-10,622.927001953125,625.094970703125,622.39501953125,623.5089721679688,45016800,597.8982397460937,0.0010402789625236
2016-09-11,623.4240112304688,628.8179931640625,600.5059814453125,606.718994140625,73610800,596.9214990234375,-0.0269282059710612
2016-09-12,607.0050048828125,608.458984375,605.4110107421875,608.2429809570312,72812304,595.8606591796874,0.0025118495236247
2016-09-13,608.0250244140625,611.1929931640625,606.9249877929688,609.2410278320312,86920600,594.9635400390625,0.0016408687091293
2016-09-14,608.8410034179688,611.9520263671875,608.4099731445312,610.6840209960938,47877700,594.1415405273438,0.0023685095030407
2016-09-15,610.5880126953125,611.0859985351562,607.155029296875,607.155029296875,59464600,593.1976013183594,-0.0057787523136147
2016-09-16,607.2459716796875,609.260986328125,606.7349853515625,606.9730224609375,64963400,592.2363623046875,-0.0002997699552094
2016-09-17,607.218017578125,607.8599853515625,605.1920166015625,605.9840087890625,37140300,591.2162023925781,-0.0016294194886373
2016-09-18,606.2830200195312,610.1580200195312,605.8560180664062,609.8740234375,48679400,590.3127429199219,0.0064193354808337
2016-09-19,609.8709716796875,610.9320068359375,608.27001953125,609.2269897460938,54796400,590.003662109375,-0.001060930071688
2016-09-20,609.2540283203125,609.5250244140625,607.93798828125,608.31201171875,72710896,590.044462890625,-0.0015018671902981
2016-09-21,603.5880126953125,603.5880126953125,595.8829956054688,597.1489868164062,82776200,591.0381420898437,-0.0183508211038004
2016-09-22,597.2789916992188,598.4869995117188,596.2130126953125,596.2979736328125,67085300,591.637001953125,-0.0014251270660791
2016-09-23,596.198974609375,603.2050170898438,595.7860107421875,602.8419799804688,51067000,592.1280615234375,0.0109743897128953
2016-09-24,602.9609985351562,604.5800170898438,602.0449829101562,602.625,35359500,592.6797009277344,-0.000359928451691
2016-09-25,602.7490234375,603.3809814453125,599.7109985351562,600.8259887695312,33977800,592.9406604003906,-0.0029852914009023
2016-09-26,600.8070068359375,608.1430053710938,600.3489990234375,608.0430297851562,59153800,593.2477209472656,0.0120118655825878
2016-09-27,608.02197265625,608.2479858398438,604.1099853515625,606.166015625,49422400,593.5499609375,-0.0030869758688286
2016-09-28,606.2429809570312,606.5900268554688,604.6069946289062,604.72802734375,48722600,593.8885009765625,-0.0023722680654858
2016-09-29,605.0189819335938,606.823974609375,604.8480224609375,605.6929931640625,55658600,594.1603002929687,0.0015957021614345
2016-09-30,605.7150268554688,609.7349853515625,604.1420288085938,609.7349853515625,56122400,594.5726000976563,0.0066733348959266
2016-10-01,609.9290161132812,615.2369995117188,609.9290161132812,613.9829711914062,56357000,595.1010791015625,0.0069669380007684
2016-10-02,613.947998046875,614.0050048828125,609.6820068359375,610.8920288085938,39249800,595.6071594238281,-0.0050342477362437
2016-10-03,610.968017578125,612.5679931640625,610.4550170898438,612.1329956054688,46798300,596.4403588867187,0.0020314011942423
2016-10-04,612.052001953125,612.0540161132812,609.47900390625,610.2039794921875,49801600,597.299638671875,-0.0031513022939945
2016-10-05,610.218017578125,613.8140258789062,609.6170043945312,612.510986328125,68077504,598.0010778808594,0.0037807141766879
2016-10-06,612.469970703125,613.8189697265625,611.468994140625,613.02099609375,56812100,598.797177734375,0.0008326540699006
2016-10-07,612.6079711914062,617.9119873046875,611.8209838867188,617.1209716796875,64071400,599.6532373046875,0.0066881487127896
2016-10-08,617.3410034179688,619.8489990234375,617.3410034179688,619.1079711914062,42345900,600.5227966308594,0.0032197893166885
2016-10-09,619.1719970703125,619.197998046875,616.6069946289062,616.7520141601562,39243400,601.223896484375,-0.0038054057464583
2016-10-10,616.822021484375,621.3179931640625,616.197021484375,618.9940185546875,67481104,601.9776171875,0.0036351796881997
2016-10-11,619.2379760742188,642.0800170898438,618.5,641.072021484375,103590000,603.0639978027343,0.0356675545609281
2016-10-12,640.8709716796875,641.3369750976562,635.9650268554688,636.1920166015625,92370200,604.1195385742187,-0.0076122568436429
2016-10-13,636.030029296875,638.8330078125,635.0289916992188,636.7860107421875,61620700,605.2516186523437,0.0009336711639325
2016-10-14,637.0079956054688,641.2849731445312,637.0079956054688,640.3779907226562,58144600,606.5039587402343,0.005640795997202
2016-10-15,640.3109741210938,642.1019897460938,637.3900146484375,638.64599609375,39035400,607.6838586425781,-0.0027046442163818
2016-10-16,639.0830078125,642.8980102539062,638.9010009765625,641.6309814453125,40298100,609.1175378417969,0.0046739279190977
2016-10-17,641.8179931640625,642.3280029296875,638.6630249023438,639.1929931640625,58063600,610.4231579589843,-0.0037996735690011
2016-10-18,639.4110107421875,640.7360229492188,635.9959716796875,637.9600219726562,65546700,611.7002185058594,-0.0019289497923044
2016-10-19,638.1339721679688,638.8740234375,628.0130004882812,630.52001953125,69381696,612.7605590820312,-0.0116621766022277
2016-10-20,630.6630249023438,631.9169921875,628.2579956054688,630.8569946289062,56957300,613.8682592773438,0.0005344399657709
2016-10-21,630.8250122070312,634.093994140625,630.6939697265625,632.8280029296875,55951000,615.078759765625,0.0031243345442188
2016-10-22,633.135986328125,658.197021484375,632.8499755859375,657.2940063476562,78556496,616.7139001464843,0.0386613792447601
2016-10-23,657.6209716796875,661.1290283203125,653.885986328125,657.0709838867188,54474600,617.8910803222657,-0.0003393039625855
2016-10-24,657.1610107421875,657.2520141601562,652.594970703125,653.760986328125,62218200,618.7936206054687,-0.0050375037701625
2016-10-25,654.0020141601562,664.4240112304688,653.697998046875,657.5880126953125,90378800,619.8135803222656,0.0058538616516139
2016-10-26,657.677978515625,679.72802734375,657.677978515625,678.3040161132812,88877104,621.1709411621093,0.031503012551975
2016-10-27,678.2139892578125,688.593994140625,678.0399780273438,688.31298828125,96105296,622.6463208007813,0.0147558792668229
2016-10-28,688.0,690.4439697265625,684.1619873046875,689.6510009765625,81145504,623.9130212402343,0.0019439015652655
2016-10-29,690.2890014648438,720.4019775390625,690.052001953125,714.47900390625,134760992,625.745380859375,0.0360008220020422
2016-10-30,714.1179809570312,714.1179809570312,696.4749755859375,701.864013671875,100665000,627.3124816894531,-0.0176562084615579
2016-10-31,702.6400146484375,709.2890014648438,691.6820068359375,700.9719848632812,97064400,629.1975415039062,-0.0012709425062655
2016-11-01,701.3369750976562,736.4520263671875,701.3369750976562,729.7930297851562,130527000,631.6285424804687,0.0411158299393323
2016-11-02,730.0659790039062,740.8289794921875,722.3489990234375,740.8289794921875,84865200,634.2603015136718,0.0151220267344567
2016-11-03,742.3460083007812,745.7730102539062,678.156005859375,688.7000122070312,172808000,635.8206213378907,-0.0703657237070948
2016-11-04,689.1240234375,706.9299926757812,685.56298828125,703.2349853515625,99907696,637.7422204589843,0.0211049410293344
2016-11-05,703.5250244140625,707.510009765625,697.739013671875,703.4180297851562,53752300,639.6711206054688,0.000260289145743
2016-11-06,703.81201171875,714.2579956054688,699.5599975585938,711.52197265625,59902200,641.7818798828125,0.0115208063028593
2016-11-07,710.7360229492188,710.7360229492188,699.9030151367188,703.1309814453125,65047100,643.6470190429687,-0.0117930176908132
2016-11-08,703.0889892578125,712.9869995117188,702.3900146484375,709.8480224609375,79660800,645.6594396972656,0.0095530437327877
2016-11-09,709.8250122070312,740.0460205078125,708.6099853515625,723.2730102539062,132429000,647.9586596679687,0.0189124817822641
2016-11-10,722.843994140625,723.0180053710938,711.2100219726562,715.5339965820312,68807800,650.3263598632813,-0.0106999895781514
2016-11-11,715.5549926757812,718.3179931640625,714.4099731445312,716.4110107421875,63119700,652.7286206054688,0.0012256778354984
2016-11-12,716.7520141601562,717.1480102539062,704.0349731445312,705.0540161132812,64622500,654.772861328125,-0.0158526243435882
2016-11-13,705.1959838867188,705.2570190429688,687.3150024414062,702.031005859375,80318096,656.7609814453125,-0.0042876292948036
2016-11-14,701.9970092773438,706.2839965820312,699.8079833984375,705.02099609375,62993000,658.8448815917968,0.0042590572345375
2016-11-15,705.7940063476562,715.718017578125,705.260009765625,711.6190185546875,72038496,660.9164013671875,0.0093586183922105
2016-11-16,711.1669921875,747.614990234375,709.0390014648438,744.197998046875,141294000,663.677041015625,0.0457814907172606
2016-11-17,744.8759765625,755.64501953125,739.510986328125,740.9769897460938,108579000,666.4020202636718,-0.0043281603944578
2016-11-18,740.7050170898438,752.8820190429688,736.8900146484375,751.5850219726562,87363104,669.3198608398437,0.0143162775273191
2016-11-19,751.8330078125,756.2369995117188,744.4669799804688,751.6160278320312,110608000,672.1574816894531,4.125396125331804e-05
2016-11-20,751.8790283203125,755.47998046875,717.9439697265625,731.0260009765625,154116000,674.4983422851562,-0.0273943424475111
2016-11-21,731.2650146484375,741.7219848632812,730.510009765625,739.2479858398438,60802400,677.0654614257812,0.0112471852605757
2016-11-22,739.6430053710938,753.8699951171875,736.5269775390625,751.3469848632812,129906000,679.8497412109375,0.0163666310293588
2016-11-23,751.7410278320312,752.25,738.9240112304688,744.593994140625,76543800,682.5375415039063,-0.0089878456408327
2016-11-24,744.6199951171875,746.8319702148438,733.489990234375,740.2890014648438,85919296,685.0931018066407,-0.0057816645173855
2016-11-25,740.4420166015625,741.6489868164062,734.5910034179688,741.6489868164062,67807600,687.6656616210937,0.0018371005767632
2016-11-26,741.510986328125,742.2139892578125,729.625,735.3820190429688,54962700,690.0308825683594,-0.0084500456210949
2016-11-27,735.43701171875,739.0180053710938,731.0850219726562,732.0349731445312,52601800,692.2894226074219,-0.0045514383160922
2016-11-28,732.4840087890625,738.0059814453125,732.4840087890625,735.81298828125,61888600,694.6706420898438,0.0051609762857229
2016-11-29,736.3289794921875,737.4710083007812,734.5590209960938,735.60400390625,68511104,697.002841796875,-0.0002840183284724
2016-11-30,736.2839965820312,747.9290161132812,736.2650146484375,745.6909790039062,84070800,699.0952209472656,0.0137125070609889
2016-12-01,746.0460205078125,758.2750244140625,746.0460205078125,756.7739868164062,80461904,701.5068603515625,0.0148627355359785
2016-12-02,757.5449829101562,781.2960205078125,757.5449829101562,777.9439697265625,127605000,704.33001953125,0.0279739833542826
2016-12-03,778.2479858398438,778.2479858398438,764.8560180664062,771.155029296875,69547296,706.9455603027344,-0.0087267729989265
2016-12-04,771.6380004882812,773.8720092773438,768.1610107421875,773.8720092773438,60557900,709.6500805664062,0.0035232604045207
2016-12-05,773.3939819335938,773.468017578125,751.7130126953125,758.7000122070312,106363000,711.9914611816406,-0.0196053053843883
2016-12-06,758.719970703125,765.6220092773438,758.719970703125,764.2239990234375,116218000,714.4920812988281,0.0072808576875293
2016-12-07,764.2109985351562,771.5430297851562,759.75,768.1320190429688,96426096,717.0955212402343,0.0051137101484972
2016-12-08,768.0759887695312,774.697998046875,765.9459838867188,770.8099975585938,80111904,719.9013208007813,0.0034863518890431
2016-12-09,769.9439697265625,774.5280151367188,769.6489868164062,772.7940063476562,68705296,722.7400610351563,0.0025739271614879
2016-12-10,773.0230102539062,777.0919799804688,772.9099731445312,774.6500244140625,53843100,725.5765014648438,0.0024016983195536
2016-12-11,774.7520141601562,774.7979736328125,765.4119873046875,769.7310180664062,57313400,727.8252416992187,-0.0063499724941943
2016-12-12,770.0399780273438,781.9219970703125,770.0399780273438,780.0869750976562,76571000,730.2855615234375,0.0134539946918919
2016-12-13,780.64697265625,788.4600219726562,777.9619750976562,780.5560302734375,81645600,732.8214624023437,0.0006012857421731
2016-12-14,780.0050048828125,782.0339965820312,776.8389892578125,781.4810180664062,75979000,735.2993225097656,0.0011850370211665
2016-12-15,780.0700073242188,781.4349975585938,777.802001953125,778.0880126953125,81580096,737.2950024414063,-0.0043417630021123
2016-12-16,778.9630126953125,785.031982421875,778.9630126953125,784.906982421875,83608200,739.2268823242188,0.0087637511634981
2016-12-17,785.166015625,792.5089721679688,784.864013671875,790.8289794921875,78989800,741.2504418945313,0.007544839328655
2016-12-18,791.0079956054688,794.7369995117188,788.0260009765625,790.530029296875,60524400,742.7714624023438,-0.0003780212954569
2016-12-19,790.6920166015625,793.6110229492188,790.3200073242188,792.7139892578125,74886400,744.5884619140625,0.0027626527519517
2016-12-20,792.2470092773438,801.3369750976562,791.4970092773438,800.8759765625,99629296,746.5865417480469,0.0102962574336922
2016-12-21,800.6439819335938,834.281005859375,799.405029296875,834.281005859375,155576000,748.6763012695312,0.0417106147199659
2016-12-22,834.1799926757812,875.781982421875,834.1489868164062,864.5399780273438,200027008,751.1505212402344,0.0362695206476619
2016-12-23,864.8880004882812,925.1170043945312,864.677001953125,921.9840087890624,275564000,755.816201171875,0.0664446205169033
2016-12-24,922.1799926757812,923.47900390625,886.3350219726562,898.822021484375,137727008,759.7279418945312,-0.025121897000262
2016-12-25,899.6519775390625,899.6519775390625,862.4240112304688,896.1829833984375,143664992,763.5832409667969,-0.0029361075083353
2016-12-26,896.905029296875,913.1840209960938,896.8980102539062,907.6099853515624,123771000,767.5050012207031,0.0127507464042582
2016-12-27,908.35400390625,940.0479736328124,904.2550048828124,933.197998046875,167308000,772.1063415527344,0.0281927403932218
2016-12-28,934.8309936523438,975.9210205078124,934.8309936523438,975.9210205078124,236630000,777.4278015136719,0.0457813053075062
2016-12-29,975.125,979.39697265625,954.5029907226562,973.4970092773438,199320000,782.4322814941406,-0.0024838190586441
2016-12-30,972.5349731445312,972.5349731445312,934.8330078125,961.2379760742188,187474000,787.3463610839843,-0.0125927795219681
2016-12-31,960.6270141601562,963.7429809570312,947.2360229492188,963.7429809570312,99135104,792.2930004882812,0.0026060194719346
2017-01-01,963.6580200195312,1003.0800170898438,958.698974609375,998.3250122070312,147775008,798.1584204101563,0.0358830434392982
2017-01-02,998.6170043945312,1031.3900146484375,996.7020263671876,1021.75,222184992,804.5528002929688,0.023464290192612
2017-01-03,1021.5999755859376,1044.0799560546875,1021.5999755859376,1043.8399658203125,185168000,811.3291796875,0.0216197365503425
2017-01-04,1044.4000244140625,1159.4200439453125,1044.4000244140625,1154.72998046875,344945984,820.1913989257813,0.1062327734896539
2017-01-05,1156.72998046875,1191.0999755859375,910.4169921875,1013.3800048828124,510199008,825.5750390625,-0.1224095485323399
2017-01-06,1014.239990234375,1046.81005859375,883.9439697265625,902.2009887695312,351876000,828.7995190429688,-0.1097110813096593
2017-01-07,903.4869995117188,908.5850219726562,823.5560302734375,908.5850219726562,279550016,831.9395190429688,0.007076065402934
2017-01-08,908.1749877929688,942.7239990234376,887.2490234375,911.198974609375,158715008,835.1311779785157,0.0028769488528916
2017-01-09,913.2440185546876,913.6859741210938,879.8070068359375,902.8280029296876,141876992,838.5672180175782,-0.0091867659127646
2017-01-10,902.4400024414062,914.8729858398438,901.0599975585938,907.6790161132812,115808000,841.9358386230468,0.0053731310591298
2017-01-11,908.114990234375,919.447998046875,762.7650146484375,777.7570190429688,310928992,842.4640393066406,-0.1431364995377372
2017-01-12,775.177978515625,826.2459716796875,755.7559814453125,804.833984375,222326000,843.6688391113281,0.0348141703244921
2017-01-13,803.7369995117188,829.0009765625,780.0029907226562,823.9840087890625,168968000,845.3427392578125,0.0237937572043924
2017-01-14,825.1420288085938,835.0850219726562,812.4559936523438,818.4119873046875,93063296,846.8779992675782,-0.0067622932301364
2017-01-15,818.1420288085938,823.3070068359375,812.8709716796875,821.7979736328125,71013600,848.606318359375,0.0041372638483414
2017-01-16,821.7830200195312,834.530029296875,820.27099609375,831.5339965820312,82755200,850.596298828125,0.0118472218983214
2017-01-17,830.9459838867188,910.5609741210938,830.7960205078125,907.93798828125,155095008,854.038798828125,0.0918831845880896
2017-01-18,909.3729858398438,917.4990234375,858.3040161132812,886.6179809570312,225676992,857.0590783691406,-0.0234817879628299
2017-01-19,888.3350219726562,904.614013671875,884.3380126953125,899.072998046875,105625000,860.12671875,0.0140477831009016
2017-01-20,898.1719970703125,899.3980102539062,887.0079956054688,895.0260009765625,86728400,862.8917590332031,-0.0045012997599795
2017-01-21,895.5490112304688,927.3670043945312,895.5349731445312,921.7890014648438,111158000,865.7686596679688,0.02990192514975
2017-01-22,922.2050170898438,937.5250244140624,897.5640258789062,924.6729736328124,116573000,868.8390185546875,0.0031286684516584
2017-01-23,925.4990234375,928.2659912109376,916.7379760742188,921.0120239257812,73588600,871.7818188476563,-0.0039591832046829
2017-01-24,910.677001953125,924.14501953125,892.2860107421875,892.68701171875,111349000,874.4615588378906,-0.0307542262980421
2017-01-25,891.9240112304688,903.2520141601562,891.68701171875,901.5419921875,120831000,877.2079187011718,0.0099194682486765
2017-01-26,902.39501953125,919.3259887695312,902.2239990234376,917.5859985351562,131958000,880.1969982910156,0.0177961830804209
2017-01-27,918.3590087890624,923.2230224609376,915.8460083007812,919.75,125594000,883.1757983398437,0.0023583636501629
2017-01-28,919.8109741210938,923.9110107421876,919.8109741210938,921.5900268554688,68979600,886.15171875,0.0020005728246466
2017-01-29,922.0670166015624,923.4180297851562,919.1480102539062,919.4959716796876,60851700,889.0486376953126,-0.0022722198751718
2017-01-30,920.1510009765624,923.0479736328124,919.4739990234376,920.3820190429688,78227296,892.0616577148437,0.0009636228875071
2017-01-31,920.958984375,972.0189819335938,920.958984375,970.4030151367188,164582000,895.867978515625,0.0543480805348226
2017-02-01,970.9409790039062,989.114013671875,970.7420043945312,989.0230102539062,150110000,900.0373181152344,0.0191878990756888
2017-02-02,990.0009765625,1013.52001953125,983.2210083007812,1011.7999877929688,145820992,904.6436975097656,0.0230297751446804
2017-02-03,1011.4600219726562,1033.8699951171875,1008.7899780273438,1029.9100341796875,201278000,909.6801379394532,0.0178988402897908
2017-02-04,1031.3299560546875,1045.9000244140625,1015.1599731445312,1042.9000244140625,155064000,914.8399987792968,0.0126127426700153
2017-02-05,1043.52001953125,1043.6300048828125,1022.3699951171876,1027.3399658203125,114208000,919.5702185058594,-0.0149199906314051
2017-02-06,1028.4000244140625,1044.6400146484375,1028.1600341796875,1038.1500244140625,111762000,924.5226184082032,0.0105223771617979
2017-02-07,1040.1400146484375,1061.9300537109375,1040.1400146484375,1061.3499755859375,146007008,929.8953381347656,0.0223473974149055
2017-02-08,1062.3199462890625,1078.969970703125,1037.489990234375,1063.0699462890625,201855008,935.1392175292968,0.0016205500001782
2017-02-09,1064.699951171875,1088.989990234375,953.343994140625,994.3829956054688,407220000,938.3412573242188,-0.0646118827113534
2017-02-10,995.6320190429688,998.905029296875,946.6909790039062,988.6740112304688,190452000,940.8239379882812,-0.00574123290546
2017-02-11,988.8980102539062,1009.2899780273438,982.8300170898438,1004.4500122070312,102261000,942.4732580566406,0.0159567266837814
2017-02-12,1003.52001953125,1004.760009765625,996.9210205078124,999.1810302734376,67530000,944.480438232422,-0.0052456387770024
2017-02-13,998.885009765625,1002.0999755859376,976.0020141601562,990.6420288085938,100607000,946.369619140625,-0.0085460003804385
2017-02-14,991.7349853515624,1011.510009765625,986.4710083007812,1004.5499877929688,137946000,948.3084191894532,0.0140393387115844
2017-02-15,1006.2100219726562,1008.8400268554688,1001.5800170898438,1007.47998046875,89759400,949.7940588378906,0.0029167216279784
2017-02-16,1007.6500244140624,1033.3699951171875,1007.6500244140624,1027.43994140625,122277000,950.8244372558594,0.0198117692901582
2017-02-17,1026.1199951171875,1053.1700439453125,1025.6400146484375,1046.2099609375,136474000,952.2786962890624,0.0182687267399392
2017-02-18,1049.2099609375,1061.0999755859375,1046.9599609375,1054.4200439453125,99073504,954.1423376464844,0.0078474525328122
2017-02-19,1054.760009765625,1056.81005859375,1043.4599609375,1047.8699951171875,77423296,955.8248779296875,-0.0062119919530519
2017-02-20,1048.68994140625,1080.489990234375,1041.68994140625,1079.97998046875,109478000,957.457977294922,0.0306431002902907
2017-02-21,1079.280029296875,1117.25,1076.9300537109375,1115.300048828125,186868992,959.3289782714844,0.0327043732274043
2017-02-22,1114.800048828125,1125.3900146484375,1100.550048828125,1117.43994140625,136100000,960.8009777832032,0.001918669850659
2017-02-23,1117.27001953125,1176.6199951171875,1116.9599609375,1166.719970703125,189454000,961.0407775878906,0.0441008303630692
2017-02-24,1172.7099609375,1200.3900146484375,1131.9599609375,1173.6800537109375,330759008,964.2467785644532,0.0059655128759115
2017-02-25,1170.4100341796875,1174.8499755859375,1124.5899658203125,1143.8399658203125,139960992,969.0795581054688,-0.0254243801760767
2017-02-26,1144.27001953125,1167.469970703125,1130.199951171875,1165.199951171875,116486000,974.2118566894532,0.0186739281628824
2017-02-27,1163.780029296875,1181.97998046875,1163.3800048828125,1179.969970703125,131570000,979.587276611328,0.0126759527550575
2017-02-28,1180.719970703125,1193.25,1171.8199462890625,1179.969970703125,184956000,985.1301159667968,0.0
2017-03-01,1180.0400390625,1222.5,1179.68994140625,1222.5,229056992,991.4265356445312,0.0360433149595595
2017-03-02,1224.6800537109375,1262.1300048828125,1215.6199951171875,1251.010009765625,368275008,1000.8915954589844,0.0233210713829243
2017-03-03,1250.7099609375,1280.31005859375,1250.7099609375,1274.989990234375,315739008,1010.2947155761718,0.019168496080413
2017-03-04,1277.4300537109375,1279.4000244140625,1230.510009765625,1255.1500244140625,183270000,1018.918035888672,-0.0155608796714281
2017-03-05,1254.2900390625,1267.2900390625,1238.06005859375,1267.1199951171875,134127000,1027.8921960449218,0.0095366852330762
2017-03-06,1267.469970703125,1276.0,1264.5999755859375,1272.8299560546875,153656992,1036.9128356933593,0.004506251151827
2017-03-07,1273.2099609375,1275.550048828125,1204.800048828125,1223.5400390625,291256000,1044.7529565429688,-0.0387246676256491
2017-03-08,1223.22998046875,1232.1600341796875,1148.0799560546875,1150.0,332603008,1049.5941967773438,-0.0601043175659766
2017-03-09,1150.3499755859375,1197.4599609375,1141.22998046875,1188.489990234375,212283008,1055.6316369628903,0.0334695567255434
2017-03-10,1189.3599853515625,1270.469970703125,1077.25,1116.719970703125,563795968,1059.9845764160157,-0.0603875675192658
2017-03-11,1116.3199462890625,1193.8299560546875,1116.3199462890625,1175.8299560546875,283320000,1065.6006555175782,0.052931788543501
2017-03-12,1176.6199951171875,1226.97998046875,1175.3599853515625,1221.3800048828125,227176000,1071.5924755859376,0.0387386361383077
2017-03-13,1221.780029296875,1237.3699951171875,1217.030029296875,1231.9200439453125,380276992,1077.7374169921875,0.0086296148785498
2017-03-14,1232.1600341796875,1244.81005859375,1220.719970703125,1240.0,245306000,1084.117176513672,0.0065588315527449
2017-03-15,1240.1600341796875,1251.6099853515625,1239.75,1249.6099853515625,297804992,1091.255635986328,0.0077499881867439
2017-03-16,1251.3299560546875,1257.97998046875,1152.43994140625,1187.81005859375,638568000,1096.9809973144531,-0.0494553720618884
2017-03-17,1180.1600341796875,1180.1600341796875,1099.5699462890625,1100.22998046875,706598976,1100.633876953125,-0.0737323930634887
2017-03-18,1099.68994140625,1114.0699462890625,957.655029296875,973.8179931640624,621302016,1101.7152368164063,-0.1148959667967146
2017-03-19,976.72998046875,1069.9100341796875,976.72998046875,1036.739990234375,406648000,1104.0182360839844,0.0646137137658247
2017-03-20,1037.239990234375,1063.030029296875,1036.6800537109375,1054.22998046875,286529984,1106.7129162597655,0.0168701799864217
2017-03-21,1055.3599853515625,1122.4300537109375,1055.3599853515625,1120.5400390625,337391008,1110.7160766601562,0.0628990446318611
2017-03-22,1120.6500244140625,1120.6500244140625,1014.2100219726562,1049.1400146484375,380840992,1112.2908166503903,-0.0637192977716345
2017-03-23,1050.050048828125,1058.010009765625,1028.9300537109375,1038.5899658203125,248540000,1113.2821557617187,-0.0100559016726288
2017-03-24,1038.449951171875,1040.469970703125,934.3579711914062,937.52001953125,491038016,1111.7965563964844,-0.097314579974046
2017-03-25,936.5399780273438,975.760986328125,903.7130126953124,972.7789916992188,435803008,1110.653935546875,0.0376087672086169
2017-03-26,974.0150146484376,1007.9600219726562,954.1859741210938,966.7249755859376,303668000,1109.1304345703124,-0.0062234239893547
2017-03-27,972.0549926757812,1046.4000244140625,971.9840087890624,1045.77001953125,372535008,1109.4990356445312,0.0817658030376249
2017-03-28,1044.5799560546875,1064.6500244140625,1027.72998046875,1047.1500244140625,326332000,1109.6790356445313,0.0013196064689549
2017-03-29,1046.0799560546875,1055.1300048828125,1015.8800048828124,1039.969970703125,298457984,1109.251435546875,-0.0068567574306797
2017-03-30,1042.2099609375,1049.2900390625,1020.0399780273438,1026.4300537109375,352968992,1108.5186376953125,-0.0130195268840629
2017-03-31,1026.6400146484375,1074.9200439453125,1026.6400146484375,1071.7900390625,447287008,1110.0667785644532,0.0441919887162001
2017-04-01,1071.7099609375,1091.719970703125,1061.0899658203125,1080.5,289633984,1111.9032983398438,0.0081265552207581
2017-04-02,1080.6099853515625,1107.5899658203125,1075.449951171875,1102.1700439453125,514187008,1113.857698974609,0.0200555705185678
2017-04-03,1102.949951171875,1151.739990234375,1102.949951171875,1143.81005859375,580444032,1116.7502795410155,0.0377800275712298
2017-04-04,1145.52001953125,1156.43994140625,1120.52001953125,1133.25,436310016,1119.6024389648437,-0.0092323533216108
2017-04-05,1134.1400146484375,1135.0899658203125,1113.6300048828125,1124.780029296875,414784000,1122.007039794922,-0.0074740531243105
2017-04-06,1125.81005859375,1188.3699951171875,1125.81005859375,1182.6800537109375,511222016,1125.5110412597655,0.0514767535926621
2017-04-07,1178.93994140625,1186.5799560546875,1163.3900146484375,1176.9000244140625,317022016,1128.500242919922,-0.0048872298799145
2017-04-08,1172.6500244140625,1184.97998046875,1162.5799560546875,1175.949951171875,209312000,1131.0950427246094,-0.0008072675864378
2017-04-09,1176.5699462890625,1197.2099609375,1171.8599853515625,1187.8699951171875,242343008,1133.7640417480468,0.0101365231857306
2017-04-10,1187.300048828125,1190.3399658203125,1179.0400390625,1187.1300048828125,215883008,1136.5492419433594,-0.0006229555737722
2017-04-11,1187.4599609375,1208.0699462890625,1187.4599609375,1205.010009765625,216182000,1139.049842529297,0.0150615390136461
2017-04-12,1204.81005859375,1207.1400146484375,1196.760009765625,1200.3699951171875,288702016,1140.751241455078,-0.0038506025766043
2017-04-13,1201.02001953125,1205.8900146484375,1156.43994140625,1169.280029296875,351968992,1141.788043212891,-0.02590031902395
2017-04-14,1170.3299560546875,1190.800048828125,1159.7900390625,1167.5400390625,254827008,1141.804444580078,-0.0014880868489828
2017-04-15,1167.300048828125,1188.0,1164.9599609375,1172.52001953125,203559008,1141.7812438964845,0.0042653616168477
2017-04-16,1172.6099853515625,1187.219970703125,1172.6099853515625,1182.93994140625,183231008,1142.563243408203,0.008886775237463
2017-04-17,1183.25,1194.9000244140625,1172.6500244140625,1193.9100341796875,253206000,1143.1374450683593,0.0092735838815252
2017-04-18,1193.77001953125,1217.5699462890625,1193.77001953125,1211.6700439453125,270524000,1143.771446533203,0.0148755008812935
2017-04-19,1212.1300048828125,1215.510009765625,1205.0799560546875,1210.2900390625,288060992,1144.3778479003906,-0.0011389279529591
2017-04-20,1211.0799560546875,1240.7900390625,1208.4100341796875,1229.0799560546875,315108000,1144.5094470214844,0.0155251356168661
2017-04-21,1229.4200439453125,1235.93994140625,1215.56005859375,1222.050048828125,272167008,1143.9302478027344,-0.0057196500454927
2017-04-22,1222.7099609375,1235.56005859375,1208.469970703125,1231.7099609375,249320000,1143.0646472167969,0.0079046779783187
2017-04-23,1231.9200439453125,1232.199951171875,1203.93994140625,1207.2099609375,258951008,1142.1058459472656,-0.0198910464127058
2017-04-24,1209.6300048828125,1250.93994140625,1209.6300048828125,1250.1500244140625,235806000,1141.7664465332032,0.0355696729367738
2017-04-25,1250.449951171875,1267.5799560546875,1249.969970703125,1265.489990234375,242556000,1141.619647216797,0.012270499956597
2017-04-26,1265.989990234375,1294.8299560546875,1265.9300537109375,1281.0799560546875,329631008,1142.7704455566409,0.0123193118401712
2017-04-27,1281.8800048828125,1319.699951171875,1281.300048828125,1317.72998046875,449196992,1146.1250451660155,0.0286086939701506
2017-04-28,1317.739990234375,1331.280029296875,1292.3699951171875,1316.47998046875,527488992,1148.6848449707031,-0.0009486010173004
2017-04-29,1317.8399658203125,1327.199951171875,1315.2099609375,1321.7900390625,422705984,1152.7862463378906,0.0040335277957355
2017-04-30,1321.8699951171875,1347.9100341796875,1314.9200439453125,1347.8900146484375,413115008,1156.2274475097656,0.019745931513033
2017-05-01,1348.300048828125,1434.3199462890625,1348.300048828125,1421.5999755859375,713624000,1160.231846923828,0.0546854417915732
2017-05-02,1421.030029296875,1473.9000244140625,1415.68994140625,1452.8199462890625,477337984,1164.649844970703,0.0219611502808707
2017-05-03,1453.780029296875,1492.77001953125,1447.489990234375,1490.0899658203125,583795968,1169.651644287109,0.025653570923533
2017-05-04,1490.719970703125,1608.9100341796875,1490.719970703125,1537.6700439453125,933548992,1175.4128454589843,0.0319310103526577
2017-05-05,1540.8699951171875,1618.030029296875,1530.31005859375,1555.449951171875,946035968,1182.765643310547,0.0115628884730973
2017-05-06,1556.81005859375,1578.800048828125,1542.5,1578.800048828125,582529984,1192.3370446777344,0.0150117961935438
2017-05-07,1579.469970703125,1596.719970703125,1559.760009765625,1596.7099609375,1080029952,1204.794884033203,0.0113440027587208
2017-05-08,1596.9200439453125,1723.3499755859375,1596.9200439453125,1723.3499755859375,1340320000,1218.5270837402345,0.0793130986507288
2017-05-09,1723.8900146484375,1833.489990234375,1716.300048828125,1755.3599853515625,1167920000,1232.5496838378906,0.018574294379609
2017-05-10,1756.52001953125,1788.43994140625,1719.0999755859375,1787.1300048828125,915723008,1245.8814831542968,0.0180988627953069
2017-05-11,1780.3699951171875,1873.9300537109373,1755.3499755859375,1848.5699462890625,799489984,1261.8700817871097,0.034379111334029
2017-05-12,1845.760009765625,1856.1500244140625,1694.010009765625,1724.239990234375,740984000,1275.5830822753906,-0.0672573717344455
2017-05-13,1723.1199951171875,1812.989990234375,1651.0799560546875,1804.9100341796875,579635008,1292.9308825683593,0.0467858560306022
2017-05-14,1800.8599853515625,1831.4200439453125,1776.6199951171875,1808.9100341796875,437196000,1309.6535034179688,0.0022161769419259
2017-05-15,1808.43994140625,1812.800048828125,1708.5400390625,1738.4300537109375,731529024,1325.0876049804688,-0.038962678705418
2017-05-16,1741.699951171875,1785.93994140625,1686.5400390625,1734.449951171875,959044992,1338.8612036132813,-0.0022894809777168
2017-05-17,1726.72998046875,1864.050048828125,1661.9100341796875,1839.0899658203125,1064729984,1354.7000024414062,0.0603303742363612
2017-05-18,1818.699951171875,1904.47998046875,1807.1199951171875,1888.6500244140625,894321024,1371.673603515625,0.0269481425676987
2017-05-19,1897.3699951171875,2004.52001953125,1890.25,1987.7099609375,1157289984,1390.8992016601562,0.0524501285272107
2017-05-20,1984.239990234375,2084.72998046875,1974.9200439453125,2084.72998046875,961336000,1411.1580004882812,0.0488099478484731
2017-05-21,2067.030029296875,2119.080078125,2037.5,2041.199951171875,1147859968,1430.3719995117187,-0.0208804160273491
2017-05-22,2043.18994140625,2303.89990234375,2017.8699951171875,2173.39990234375,1942220032,1451.7965966796876,0.0647658016530803
2017-05-23,2191.56005859375,2320.820068359375,2178.5,2320.419921875,1378749952,1475.3287939453126,0.0676451762847263
2017-05-24,2321.3701171875,2523.719970703125,2321.3701171875,2443.639892578125,1725379968,1501.536591796875,0.0531024447521368
2017-05-25,2446.239990234375,2763.7099609375,2285.300048828125,2304.97998046875,2406700032,1525.1405908203126,-0.0567431856594401
2017-05-26,2320.889892578125,2573.7900390625,2071.989990234375,2202.419921875,1763480064,1545.5353881835938,-0.0444949888774708
2017-05-27,2196.27001953125,2260.199951171875,1855.8299560546875,2038.8699951171875,1700480000,1562.7747875976563,-0.0742591933233951
2017-05-28,2054.080078125,2267.340087890625,2054.080078125,2155.800048828125,1147139968,1582.3717895507812,0.0573504215526095
2017-05-29,2159.429931640625,2307.050048828125,2107.169921875,2255.610107421875,994625024,1603.726591796875,0.0462983840491171
2017-05-30,2255.360107421875,2301.9599609375,2124.570068359375,2175.469970703125,1443970048,1623.4933911132812,-0.0355292505806107
2017-05-31,2187.18994140625,2311.080078125,2145.570068359375,2286.409912109375,1544829952,1645.1213891601562,0.0509958505059913
2017-06-01,2288.330078125,2448.389892578125,2288.330078125,2407.8798828125,1653180032,1669.2715869140625,0.0531269437119699
2017-06-02,2404.030029296875,2488.550048828125,2373.320068359375,2488.550048828125,1317030016,1695.6569873046874,0.0335025707019067
2017-06-03,2493.719970703125,2581.909912109375,2423.570068359375,2515.35009765625,1514950016,1722.6131884765623,0.0107693429114457
2017-06-04,2547.7900390625,2585.889892578125,2452.5400390625,2511.81005859375,1355120000,1749.3989892578124,-0.0014073742918723
2017-06-05,2512.39990234375,2686.81005859375,2510.219970703125,2686.81005859375,1369309952,1779.4763916015625,0.0696708731622703
2017-06-06,2690.840087890625,2999.909912109375,2690.840087890625,2863.199951171875,2089609984,1812.8621899414063,0.0656503023032621
2017-06-07,2869.3798828125,2869.3798828125,2700.56005859375,2732.159912109375,1517709952,1843.271987304688,-0.0457669884385359
2017-06-08,2720.489990234375,2815.300048828125,2670.949951171875,2805.6201171875,1281170048,1875.1785888671875,0.0268872274834783
2017-06-09,2807.43994140625,2901.7099609375,2795.6201171875,2823.81005859375,1348950016,1907.0731909179688,0.0064833942752322
2017-06-10,2828.139892578125,2950.989990234375,2746.550048828125,2947.7099609375,2018889984,1941.586389160156,0.0438768542404908
2017-06-11,2942.409912109375,2996.60009765625,2840.530029296875,2958.110107421875,1752400000,1976.114392089844,0.003528212280786
2017-06-12,2953.219970703125,2997.260009765625,2518.56005859375,2659.6298828125,2569530112,2005.162790527344,-0.1009023375635985
2017-06-13,2680.909912109375,2789.0400390625,2650.3798828125,2717.02001953125,1781200000,2034.500190429688,0.0215782418033523
2017-06-14,2716.8798828125,2786.830078125,2412.93994140625,2506.3701171875,1696560000,2059.31779296875,-0.0775297571712747
2017-06-15,2499.580078125,2534.7099609375,2212.9599609375,2464.580078125,2026259968,2082.987795410156,-0.0166735306872372
2017-06-16,2469.570068359375,2539.919921875,2385.14990234375,2518.56005859375,1195190016,2107.004396972656,0.0219023033367278
2017-06-17,2514.010009765625,2685.18994140625,2484.9599609375,2655.8798828125,1534509952,2133.792395019532,0.0545231485547432
2017-06-18,2655.35009765625,2662.10009765625,2516.330078125,2548.2900390625,1178659968,2158.322395019531,-0.0405100563644713
2017-06-19,2549.030029296875,2662.85009765625,2549.030029296875,2589.60009765625,1446840064,2183.1565966796875,0.0162108935641203
2017-06-20,2591.260009765625,2763.449951171875,2589.820068359375,2721.7900390625,1854189952,2209.160397949219,0.0510464691154013
2017-06-21,2709.429931640625,2772.010009765625,2660.39990234375,2689.10009765625,1626579968,2233.8860009765626,-0.0120104566983828
2017-06-22,2691.030029296875,2723.739990234375,2642.360107421875,2705.409912109375,1097939968,2258.192399902344,0.0060651570640082
2017-06-23,2707.340087890625,2765.169921875,2706.3701171875,2744.909912109375,961318976,2282.337197265625,0.0146003752788805
2017-06-24,2738.52001953125,2757.93994140625,2583.18994140625,2608.719970703125,982750016,2303.40259765625,-0.0496154503306057
2017-06-25,2607.25,2682.260009765625,2552.1201171875,2589.409912109375,1161100032,2323.614794921875,-0.0074021201242789
2017-06-26,2590.570068359375,2615.25,2376.2900390625,2478.449951171875,1663280000,2341.2495947265625,-0.0428514467402769
2017-06-27,2478.449951171875,2552.449951171875,2332.989990234375,2552.449951171875,1489789952,2357.831594238281,0.0298573711222254
2017-06-28,2553.030029296875,2603.97998046875,2484.419921875,2574.7900390625,1183869952,2374.2201953125,0.0087524097702162
2017-06-29,2567.56005859375,2588.830078125,2510.47998046875,2539.320068359375,949979008,2389.263996582032,-0.0137758691640891
2017-06-30,2539.239990234375,2559.25,2478.429931640625,2480.840087890625,860273024,2401.9093994140626,-0.0230297791906686
2017-07-01,2492.60009765625,2515.27001953125,2419.22998046875,2434.550048828125,779913984,2416.115600585937,-0.0186590176805224
2017-07-02,2436.39990234375,2514.280029296875,2394.840087890625,2506.469970703125,803747008,2430.146799316406,0.0295413610041077
2017-07-03,2498.56005859375,2595.0,2480.469970703125,2564.06005859375,964112000,2445.2497998046874,0.0229765720570231
2017-07-04,2561.0,2631.590087890625,2559.35009765625,2601.639892578125,985516032,2462.513996582032,0.0146563782148634
2017-07-05,2602.8701171875,2622.64990234375,2538.550048828125,2601.989990234375,941566016,2479.864797363281,0.000134568068874
2017-07-06,2608.10009765625,2616.719970703125,2581.68994140625,2608.56005859375,761956992,2495.25419921875,0.0025250167694854
2017-07-07,2608.590087890625,2916.139892578125,2498.8701171875,2518.659912109375,917411968,2507.854396972656,-0.0344635141476632
2017-07-08,2520.27001953125,2571.340087890625,2492.31005859375,2571.340087890625,733329984,2519.5269995117187,0.0209159543644503
2017-07-09,2572.610107421875,2635.489990234375,2517.590087890625,2518.43994140625,527856000,2528.2011987304686,-0.0205729871103013
2017-07-10,2525.25,2537.159912109375,2321.1298828125,2372.56005859375,1111200000,2534.8284008789065,-0.0579247018815319
2017-07-11,2385.889892578125,2413.469970703125,2296.81005859375,2337.7900390625,1329760000,2538.1162036132814,-0.0146550640121029
2017-07-12,2332.77001953125,2423.7099609375,2275.139892578125,2398.840087890625,1117410048,2539.684606933594,0.0261144276466365
2017-07-13,2402.699951171875,2425.219970703125,2340.830078125,2357.89990234375,835769984,2537.9698071289063,-0.0170666589046687
2017-07-14,2360.590087890625,2363.25,2183.219970703125,2233.340087890625,882502976,2536.537009277344,-0.052826591293936
2017-07-15,2230.1201171875,2231.139892578125,1990.4100341796875,1998.8599853515625,993608000,2532.465810546875,-0.1049907731520314
2017-07-16,1991.97998046875,2058.77001953125,1843.030029296875,1929.8199462890625,1182870016,2530.2848095703125,-0.0345397074174542
2017-07-17,1932.6199951171875,2230.489990234375,1932.6199951171875,2228.409912109375,1201760000,2531.7370068359373,0.1547242613977975
2017-07-18,2233.52001953125,2387.610107421875,2164.77001953125,2318.8798828125,1512450048,2533.00240234375,0.0405984420601897
2017-07-19,2323.080078125,2397.169921875,2260.22998046875,2273.429931640625,1245100032,2534.9616015625,-0.0195999592340894
2017-07-20,2269.889892578125,2900.699951171875,2269.889892578125,2817.60009765625,2249260032,2545.5854052734376,0.2393608698654388
2017-07-21,2838.409912109375,2838.409912109375,2621.85009765625,2667.760009765625,1489449984,2550.7830078125,-0.0531800407074324
2017-07-22,2668.6298828125,2862.419921875,2657.7099609375,2810.1201171875,1177129984,2557.214409179688,0.0533631611916927
2017-07-23,2808.10009765625,2832.179931640625,2653.93994140625,2730.39990234375,1072840000,2561.5154052734374,-0.0283689705490375
2017-07-24,2732.699951171875,2777.260009765625,2699.18994140625,2754.860107421875,866473984,2566.37640625,0.008958469804049
2017-07-25,2757.5,2768.080078125,2480.9599609375,2576.47998046875,1460089984,2564.1698046875,-0.064751065388965
2017-07-26,2577.77001953125,2610.760009765625,2450.800048828125,2529.449951171875,937404032,2557.4948046875,-0.0182535977975341
2017-07-27,2538.7099609375,2693.320068359375,2529.340087890625,2671.780029296875,789104000,2556.28720703125,0.0562691813922071
2017-07-28,2679.72998046875,2897.449951171875,2679.72998046875,2809.010009765625,1380099968,2556.3550048828124,0.0513627540306393
2017-07-29,2807.02001953125,2808.760009765625,2692.800048828125,2726.449951171875,803745984,2554.407802734375,-0.029391158560036
2017-07-30,2724.389892578125,2758.530029296875,2644.85009765625,2757.179931640625,705942976,2550.5972021484376,0.011271059810044
2017-07-31,2763.239990234375,2889.6201171875,2720.610107421875,2875.340087890625,860574976,2548.9418017578123,0.042855438955589
2017-08-01,2871.300048828125,2921.35009765625,2685.610107421875,2718.260009765625,1324669952,2550.114404296875,-0.0546300866414154
2017-08-02,2727.1298828125,2762.530029296875,2668.590087890625,2710.669921875,1094950016,2549.98740234375,-0.0027922597041331
2017-08-03,2709.56005859375,2813.31005859375,2685.139892578125,2804.72998046875,804796992,2555.954599609375,0.0346999307568542
2017-08-04,2806.929931640625,2899.330078125,2743.719970703125,2895.889892578125,1002120000,2564.5807958984374,0.0325022061817656
2017-08-05,2897.6298828125,3290.010009765625,2874.830078125,3252.909912109375,1945699968,2579.26779296875,0.1232850808472574
2017-08-06,3257.610107421875,3293.2900390625,3155.60009765625,3213.93994140625,1105030016,2590.428994140625,-0.011980033802367
2017-08-07,3212.780029296875,3397.679931640625,3180.889892578125,3378.93994140625,1482279936,2607.0419921875,0.0513388560483818
2017-08-08,3370.219970703125,3484.85009765625,3345.830078125,3419.93994140625,1752760064,2623.6487890625,0.0121339830571054
2017-08-09,3420.39990234375,3422.760009765625,3247.669921875,3342.469970703125,1468960000,2636.0623876953123,-0.0226524360165429
2017-08-10,3341.840087890625,3453.449951171875,3319.469970703125,3381.280029296875,1515110016,2649.905986328125,0.0116111914045367
2017-08-11,3373.820068359375,3679.719970703125,3372.1201171875,3650.6201171875,2021190016,2668.810190429688,0.0796562501647144
2017-08-12,3650.6298828125,3949.919921875,3613.699951171875,3884.7099609375,2219589888,2691.60619140625,0.0641233095297646
2017-08-13,3880.0400390625,4208.39013671875,3857.800048828125,4073.260009765625,3159089920,2720.8969921875,0.0485364546450264
2017-08-14,4066.10009765625,4325.1298828125,3989.159912109375,4325.1298828125,2463089920,2755.6113916015624,0.0618349608036359
2017-08-15,4326.990234375,4455.97021484375,3906.179931640625,4181.93017578125,3258050048,2789.68099609375,-0.0331087645715119
2017-08-16,4200.33984375,4381.22998046875,3994.419921875,4376.6298828125,2272039936,2826.1645947265624,0.0465573787335837
2017-08-17,4384.43994140625,4484.7001953125,4243.7099609375,4331.68994140625,2553359872,2861.302592773437,-0.0102681612586739
2017-08-18,4324.33984375,4370.1298828125,4015.39990234375,4160.6201171875,2941710080,2893.72859375,-0.0394926290969047
2017-08-19,4137.75,4243.259765625,3970.550048828125,4193.7001953125,2975820032,2927.9857958984376,0.0079507566644563
2017-08-20,4189.31005859375,4196.2900390625,4069.8798828125,4087.659912109375,2109769984,2961.0479931640625,-0.0252856137216607
2017-08-21,4090.47998046875,4109.14013671875,3988.60009765625,4001.739990234375,2800890112,2990.9533935546874,-0.0210193420495841
2017-08-22,3998.35009765625,4128.759765625,3674.580078125,4100.52001953125,3764239872,3021.6825927734376,0.0246842697271518
2017-08-23,4089.010009765625,4255.77978515625,4078.409912109375,4151.52001953125,2369819904,3052.6801953125,0.0124374468987058
2017-08-24,4137.60009765625,4376.39013671875,4130.259765625,4334.68017578125,2037750016,3087.3339990234376,0.044118818020461
2017-08-25,4332.81982421875,4455.7001953125,4307.35009765625,4371.60009765625,1727970048,3122.594799804688,0.0085173347000959
2017-08-26,4372.06005859375,4379.27978515625,4269.52001953125,4352.39990234375,1511609984,3159.269599609375,-0.0043920292075192
2017-08-27,4345.10009765625,4416.58984375,4317.2900390625,4382.8798828125,1537459968,3195.5003955078123,0.0070030284791471
2017-08-28,4384.4501953125,4403.93017578125,4224.64013671875,4382.66015625,1959330048,3232.784799804688,-5.01329190794042e-05
2017-08-29,4389.2099609375,4625.68017578125,4352.1298828125,4579.02001953125,2486080000,3276.9139990234376,0.0448038077972408
2017-08-30,4570.35986328125,4626.52001953125,4471.41015625,4565.2998046875,1937849984,3321.464194335937,-0.0029963212183454
2017-08-31,4555.58984375,4736.0498046875,4549.39990234375,4703.39013671875,1944930048,3367.5551953125,0.0302478123976575
2017-09-01,4701.759765625,4892.009765625,4678.52978515625,4892.009765625,2599079936,3418.237392578125,0.0401029094809128
2017-09-02,4901.419921875,4975.0400390625,4469.240234375,4578.77001953125,2722139904,3465.1459912109376,-0.0640308914129346
2017-09-03,4585.27001953125,4714.080078125,4417.58984375,4582.9599609375,1933190016,3516.827990722656,0.0009150801172317
2017-09-04,4591.6298828125,4591.6298828125,4108.39990234375,4236.31005859375,2987330048,3562.95779296875,-0.075638867740149
2017-09-05,4228.2900390625,4427.83984375,3998.110107421875,4376.52978515625,2697969920,3605.920190429688,0.033099495698633
2017-09-06,4376.58984375,4617.25,4376.58984375,4597.1201171875,2172100096,3651.4849951171873,0.0504030231393419
2017-09-07,4589.14013671875,4655.0400390625,4491.330078125,4599.8798828125,1844620032,3698.013994140625,0.0006003248892021
2017-09-08,4605.16015625,4661.0,4075.179931640625,4228.75,2700890112,3726.2369921875,-0.0806825161237863
2017-09-09,4229.81005859375,4308.81982421875,4114.10986328125,4226.06005859375,1386230016,3757.402993164063,-0.0006361079293526
2017-09-10,4229.33984375,4245.43994140625,3951.0400390625,4122.93994140625,1679090048,3783.659389648437,-0.0244010060807829
2017-09-11,4122.47021484375,4261.669921875,4099.39990234375,4161.27001953125,1557330048,3812.276791992188,0.009296783040678
2017-09-12,4168.8798828125,4344.64990234375,4085.219970703125,4130.81005859375,1864530048,3839.795791015625,-0.0073198712879802
2017-09-13,4131.97998046875,4131.97998046875,3789.919921875,3882.590087890625,2219409920,3865.9179931640624,-0.0600899017825153
2017-09-14,3875.3701171875,3920.60009765625,3153.860107421875,3154.949951171875,2716310016,3878.427993164063,-0.1874110117851947
2017-09-15,3166.300048828125,3733.449951171875,2946.6201171875,3637.52001953125,4148069888,3897.74279296875,0.1529564892717645
2017-09-16,3637.75,3808.840087890625,3487.7900390625,3625.0400390625,1818400000,3914.063393554688,-0.0034309035831391
2017-09-17,3606.280029296875,3664.81005859375,3445.639892578125,3582.8798828125,1239149952,3931.1919921875,-0.0116302594718108
2017-09-18,3591.090087890625,4079.22998046875,3591.090087890625,4065.199951171875,1943209984,3957.352392578125,0.1346179844524293
2017-09-19,4073.7900390625,4094.070068359375,3868.8701171875,3924.969970703125,1563980032,3978.344990234375,-0.0344952233969022
2017-09-20,3916.360107421875,4031.389892578125,3857.72998046875,3905.949951171875,1213830016,4002.0987890625,-0.0048459019236375
2017-09-21,3901.469970703125,3916.419921875,3613.6298828125,3631.0400390625,1411480064,4020.50619140625,-0.0703823437437788
2017-09-22,3628.02001953125,3758.27001953125,3553.530029296875,3630.699951171875,1194829952,4037.0255908203126,-9.366128904286786e-05
2017-09-23,3629.919921875,3819.2099609375,3594.580078125,3792.39990234375,928113984,4054.955791015625,0.0445368533193395
2017-09-24,3796.14990234375,3796.14990234375,3666.89990234375,3682.840087890625,768014976,4063.55439453125,-0.0288893094806313
2017-09-25,3681.580078125,3950.25,3681.580078125,3926.070068359375,1374210048,4077.796997070313,0.0660441329691461
2017-09-26,3928.409912109375,3969.889892578125,3869.89990234375,3892.35009765625,1043740032,4088.0652001953126,-0.0085887338014871
2017-09-27,3892.93994140625,4210.0498046875,3884.820068359375,4200.669921875,1686880000,4103.679799804688,0.0792117400755914
2017-09-28,4197.1298828125,4279.31005859375,4109.7001953125,4174.72998046875,1712320000,4120.325,-0.0061751915500829
2017-09-29,4171.6201171875,4214.6298828125,4039.2900390625,4163.06982421875,1367049984,4135.960795898438,-0.0027930324367207
2017-09-30,4166.10986328125,4358.43017578125,4160.85986328125,4338.7099609375,1207449984,4149.722592773437,0.0421900530461822
2017-10-01,4341.0498046875,4403.740234375,4269.81005859375,4403.740234375,1208210048,4160.103198242187,0.0149883891808819
2017-10-02,4395.81005859375,4470.22998046875,4377.4599609375,4409.31982421875,1431730048,4166.82439453125,0.0012670115735247
2017-10-03,4408.4599609375,4432.47021484375,4258.89013671875,4317.47998046875,1288019968,4166.671396484375,-0.020828573886965
2017-10-04,4319.3701171875,4352.31005859375,4210.419921875,4229.35986328125,1116770048,4167.619990234375,-0.0204100812478886
2017-10-05,4229.8798828125,4362.64013671875,4164.0498046875,4328.41015625,1161769984,4166.655595703125,0.0234196890713158
2017-10-06,4324.4599609375,4413.27001953125,4320.52978515625,4370.81005859375,1069939968,4167.437998046875,0.0097957219425073
2017-10-07,4369.35009765625,4443.8798828125,4321.0498046875,4426.89013671875,906928000,4172.7633984375,0.0128305914403068
2017-10-08,4429.669921875,4624.14013671875,4405.64013671875,4610.47998046875,1313869952,4181.098994140625,0.0414715156870999
2017-10-09,4614.52001953125,4878.7099609375,4564.25,4772.02001953125,1968739968,4194.786196289063,0.0350375752084006
2017-10-10,4776.2099609375,4922.169921875,4765.10009765625,4781.990234375,1597139968,4210.391201171875,0.002089307002683
2017-10-11,4789.25,4873.72998046875,4751.6298828125,4826.47998046875,1222279936,4224.910400390625,0.009303604548152
2017-10-12,4829.580078125,5446.91015625,4822.0,5446.91015625,2791610112,4250.818203125,0.1285471354469378
2017-10-13,5464.16015625,5840.2998046875,5436.85009765625,5647.2099609375,3615480064,4277.068798828125,0.0367731060255636
2017-10-14,5643.52978515625,5837.7001953125,5591.64013671875,5831.7900390625,1669030016,4306.27259765625,0.0326851807178703
2017-10-15,5835.9599609375,5852.47998046875,5478.60986328125,5678.18994140625,1976039936,4332.7883984375,-0.02633841352782
2017-10-16,5687.56982421875,5776.22998046875,5544.2099609375,5725.58984375,2008070016,4359.64259765625,0.0083477134144638
2017-10-17,5741.580078125,5800.35009765625,5472.72021484375,5605.509765625,1821570048,4384.09958984375,-0.0209725253470746
2017-10-18,5603.81982421875,5603.81982421875,5151.43994140625,5590.68994140625,2399269888,4404.33298828125,-0.0026437959861618
2017-10-19,5583.740234375,5744.35009765625,5531.06005859375,5708.52001953125,1780540032,4427.197392578125,0.0210761246572299
2017-10-20,5708.10986328125,6060.10986328125,5627.22998046875,6011.4501953125,2354429952,4453.35859375,0.0530663245017619
2017-10-21,5996.7900390625,6194.8798828125,5965.06982421875,6031.60009765625,2207099904,4476.150400390625,0.003351920366813
2017-10-22,6036.66015625,6076.259765625,5792.33984375,6008.419921875,2034630016,4504.7433984375,-0.0038431221244686
2017-10-23,6006.0,6075.58984375,5732.47021484375,5930.31982421875,2401840128,4531.690595703125,-0.0129984419650679
2017-10-24,5935.52001953125,5935.52001953125,5504.18017578125,5526.64013671875,2735699968,4557.497197265625,-0.0680704750275723
2017-10-25,5524.60009765625,5754.330078125,5397.8798828125,5750.7998046875,1966989952,4584.98259765625,0.0405598451180932
2017-10-26,5747.9501953125,5976.7998046875,5721.22021484375,5904.830078125,1905040000,4611.136796875,0.0267841480609269
2017-10-27,5899.740234375,5988.39013671875,5728.81982421875,5780.89990234375,1710130048,4634.757197265625,-0.0209879326147522
2017-10-28,5787.81982421875,5876.72021484375,5689.18994140625,5753.08984375,1403920000,4665.243994140625,-0.0048106798359326
2017-10-29,5754.43994140625,6255.7099609375,5724.580078125,6153.85009765625,2859040000,4703.799794921875,0.0696600026751927
2017-10-30,6114.85009765625,6214.990234375,6040.85009765625,6130.52978515625,1772150016,4743.951591796875,-0.0037895483526454
2017-10-31,6132.02001953125,6470.43017578125,6103.330078125,6468.39990234375,2311379968,4790.094189453125,0.0551127111404921
2017-11-01,6440.97021484375,6767.31005859375,6377.8798828125,6767.31005859375,2870320128,4842.824189453125,0.0462108343273106
2017-11-02,6777.77001953125,7367.330078125,6758.72021484375,7078.5,4653770240,4906.742387695313,0.0459842889880703
2017-11-03,7087.52978515625,7461.2900390625,7002.93994140625,7207.759765625,3369860096,4987.798583984375,0.018260897877375
2017-11-04,7164.47998046875,7492.85986328125,7031.27978515625,7379.9501953125,2483800064,5062.6471875,0.0238895905644225
2017-11-05,7404.52001953125,7617.47998046875,7333.18994140625,7407.41015625,2380410112,5138.29458984375,0.0037208870264384
2017-11-06,7403.22021484375,7445.77001953125,7007.31005859375,7022.759765625,3111899904,5207.0921875,-0.0519277834642991
2017-11-07,7023.10009765625,7253.31982421875,7023.10009765625,7144.3798828125,2326340096,5268.675786132812,0.0173179948120689
2017-11-08,7141.3798828125,7776.419921875,7114.02001953125,7459.68994140625,4602200064,5339.370185546875,0.0441339995584926
2017-11-09,7446.830078125,7446.830078125,7101.52001953125,7143.580078125,3226249984,5404.122788085938,-0.0423757375660655
2017-11-10,7173.72998046875,7312.0,6436.8701171875,6618.14013671875,5208249856,5463.864790039062,-0.0735541473126685
2017-11-11,6618.60986328125,6873.14990234375,6204.22021484375,6357.60009765625,4908680192,5518.40279296875,-0.0393675615324269
2017-11-12,6295.4501953125,6625.0498046875,5519.009765625,5950.06982421875,8957349888,5561.55619140625,-0.0641012751946662
2017-11-13,5938.25,6811.18994140625,5844.2900390625,6559.490234375,6263249920,5619.0891943359375,0.1024223964020905
2017-11-14,6561.47998046875,6764.97998046875,6461.75,6635.75,3197110016,5673.28279296875,0.0116258676970599
2017-11-15,6634.759765625,7342.25,6634.759765625,7315.5400390625,4200880128,5741.746591796875,0.1024435879987191
2017-11-16,7323.240234375,7967.3798828125,7176.580078125,7871.68994140625,5123809792,5815.1669921875,0.0760230822843013
2017-11-17,7853.56982421875,8004.58984375,7561.08984375,7708.990234375,4651670016,5885.852197265625,-0.0206689679398353
2017-11-18,7697.2099609375,7884.990234375,7463.43994140625,7790.14990234375,3667190016,5958.393798828125,0.0105279246050737
2017-11-19,7766.02978515625,8101.91015625,7694.10009765625,8036.490234375,3149319936,6032.349404296875,0.0316220271906624
2017-11-20,8039.06982421875,8336.8603515625,7949.35986328125,8200.6396484375,3488450048,6108.287392578125,0.0204255103005503
2017-11-21,8205.740234375,8348.66015625,7762.7099609375,8071.259765625,4277609984,6181.52619140625,-0.0157768038054386
2017-11-22,8077.9501953125,8302.259765625,8075.47021484375,8253.5498046875,3633530112,6260.247587890625,0.0225850789537045
2017-11-23,8232.3798828125,8267.400390625,8038.77001953125,8038.77001953125,4225179904,6336.435791015625,-0.0260227163146539
2017-11-24,8074.02001953125,8374.16015625,7940.93017578125,8253.6904296875,5058610176,6414.941396484375,0.0267354843631641
2017-11-25,8241.7099609375,8790.919921875,8191.14990234375,8790.919921875,4342060032,6503.34359375,0.0650896101282345
2017-11-26,8789.0400390625,9522.9296875,8775.58984375,9330.5498046875,5475579904,6601.416787109375,0.0613849162099298
2017-11-27,9352.7197265625,9818.349609375,9352.7197265625,9818.349609375,5653320192,6705.5741796875,0.0522798564820303
2017-11-28,9823.4296875,10125.7001953125,9736.2998046875,10058.7998046875,6348819968,6811.309775390625,0.0244898791425096
2017-11-29,10077.400390625,11517.400390625,9601.0302734375,9888.6103515625,11568799744,6913.442177734375,-0.0169194592227285
2017-11-30,9906.7900390625,10801.0,9202.0498046875,10233.599609375,8310689792,7021.5845703125,0.0348875368274561
2017-12-01,10198.599609375,11046.7001953125,9694.650390625,10975.599609375,6783119872,7132.158359375,0.0725062566763168
2017-12-02,10978.2998046875,11320.2001953125,10905.099609375,11074.599609375,5138500096,7240.70615234375,0.0090200083388098
2017-12-03,11082.7001953125,11858.7001953125,10862.0,11323.2001953125,6608309760,7350.53435546875,0.0224478170503836
2017-12-04,11315.400390625,11657.2001953125,11081.7998046875,11657.2001953125,6132409856,7470.114560546875,0.029496961480754
2017-12-05,11685.7001953125,12032.0,11604.599609375,11916.7001953125,6895260160,7593.936767578125,0.0222609199166321
2017-12-06,11923.400390625,14369.099609375,11923.400390625,14291.5,12656300032,7767.656572265625,0.1992833389919166
2017-12-07,14266.099609375,17899.69921875,14057.2998046875,17899.69921875,17950699520,8013.8367578125,0.2524716942763181
2017-12-08,17802.900390625,18353.400390625,14336.900390625,16569.400390625,21135998976,8231.054365234375,-0.0743196191102198
2017-12-09,16523.30078125,16783.0,13674.900390625,15178.2001953125,13911300096,8414.389365234376,-0.083962012053233
2017-12-10,15168.400390625,15850.599609375,13226.599609375,15455.400390625,13433299968,8602.86537109375,0.0182630477754608
2017-12-11,15427.400390625,17513.900390625,15404.7998046875,16936.80078125,12153900032,8821.43298828125,0.0958500170285845
2017-12-12,16919.80078125,17781.80078125,16571.599609375,17415.400390625,14603799552,9051.134599609377,0.0282579700591882
2017-12-13,17500.0,17653.099609375,16039.7001953125,16408.19921875,12976900096,9268.76578125,-0.0578339371638675
2017-12-14,16384.599609375,17085.80078125,16185.900390625,16564.0,13777399808,9485.02978515625,0.009495300439305
2017-12-15,16601.30078125,18154.099609375,16601.30078125,17706.900390625,14309999616,9721.07119140625,0.0689990576325163
2017-12-16,17760.30078125,19716.69921875,17515.30078125,19497.400390625,12740599808,9995.401201171877,0.1011187706769949
2017-12-17,19475.80078125,20089.0,18974.099609375,19140.80078125,13314599936,10263.155419921875,-0.0182895977017769
2017-12-18,19106.400390625,19371.0,18355.900390625,19114.19921875,14839499776,10522.36240234375,-0.0013897831550526
2017-12-19,19118.30078125,19177.80078125,17275.400390625,17776.69921875,16894499840,10755.285791015624,-0.0699741582000456
2017-12-20,17760.30078125,17934.69921875,16077.7001953125,16624.599609375,22149699584,10958.40978515625,-0.0648095349534755
2017-12-21,16642.400390625,17567.69921875,15342.7001953125,15802.900390625,16516599808,11139.121591796877,-0.049426707292645
2017-12-22,15898.0,15943.400390625,11833.0,13831.7998046875,22197999616,11274.187587890625,-0.1247303050208964
2017-12-23,13948.7001953125,15603.2001953125,13828.7998046875,14699.2001953125,13086000128,11424.016396484374,0.0627105946350556
2017-12-24,14608.2001953125,14626.0,12747.7001953125,13925.7998046875,11572299776,11554.933388671874,-0.0526151341806769
2017-12-25,13995.900390625,14593.0,13448.900390625,14026.599609375,10664699904,11687.317177734374,0.0072383494019188
2017-12-26,14036.599609375,16461.19921875,14028.900390625,16099.7998046875,13454300160,11868.857978515623,0.1478049030448427
2017-12-27,16163.5,16930.900390625,15114.2998046875,15838.5,12487600128,12042.740380859375,-0.016230003345223
2017-12-28,15864.099609375,15888.400390625,13937.2998046875,14606.5,12336499712,12185.67658203125,-0.0777851437951826
2017-12-29,14695.7998046875,15279.0,14307.0,14656.2001953125,13025500160,12335.928984375,0.0034026081068359
2017-12-30,14681.900390625,14681.900390625,12350.099609375,12952.2001953125,14452599808,12462.610185546877,-0.1162647874136566
2017-12-31,12897.7001953125,14377.400390625,12755.599609375,14156.400390625,12136299520,12618.58619140625,0.0929726360891418
2018-01-01,14112.2001953125,14112.2001953125,13154.7001953125,13657.2001953125,10291200000,12772.728798828124,-0.0352632153328392
2018-01-02,13625.0,15444.599609375,13163.599609375,14982.099609375,16846600192,12941.180986328123,0.0970110560814097
2018-01-03,14978.2001953125,15572.7998046875,14844.5,15201.0,16871900160,13112.485986328124,0.0146107953045528
2018-01-04,15270.7001953125,15739.7001953125,14522.2001953125,15599.2001953125,21783199744,13278.159189453125,0.026195657872015
2018-01-05,15477.2001953125,17705.19921875,15202.7998046875,17429.5,23840899072,13469.315390625,0.1173329261610154
2018-01-06,17462.099609375,17712.400390625,16764.599609375,17527.0,18314600448,13665.6755859375,0.0055939642560027
2018-01-07,17527.30078125,17579.599609375,16087.7001953125,16477.599609375,15866000384,13839.424580078125,-0.059873360565128
2018-01-08,16476.19921875,16537.900390625,14208.2001953125,15170.099609375,18413899776,13982.096767578125,-0.0793501499609259
2018-01-09,15123.7001953125,15497.5,14424.0,14595.400390625,16659999744,14109.991982421874,-0.0378836812907175
2018-01-10,14588.5,14973.2998046875,13691.2001953125,14973.2998046875,18500800512,14248.032783203123,0.0258916784705156
2018-01-11,14968.2001953125,15018.7998046875,13105.900390625,13405.7998046875,16534099968,14351.077783203124,-0.104686343053739
2018-01-12,13453.900390625,14229.900390625,13158.099609375,13980.599609375,12065699840,14469.914375,0.0428769497577097
2018-01-13,13952.400390625,14659.5,13952.400390625,14360.2001953125,12763599872,14592.0445703125,0.0271519531739503
2018-01-14,14370.7998046875,14511.7998046875,13268.0,13772.0,11084099584,14691.666171875,-0.040960445349815
2018-01-15,13767.2998046875,14445.5,13641.7001953125,13819.7998046875,12750799872,14781.451171875,0.0034707961579654
2018-01-16,13836.099609375,13843.099609375,10194.900390625,11490.5,18853799936,14814.8941796875,-0.1685480135462911
2018-01-17,11431.099609375,11678.0,9402.2900390625,11188.599609375,18830600192,14837.49017578125,-0.0262739124167791
2018-01-18,11198.7998046875,12107.2998046875,10942.5,11474.900390625,15020399616,14869.2159765625,0.0255886162027021
2018-01-19,11429.7998046875,11992.7998046875,11172.099609375,11607.400390625,10740400128,14896.6919921875,0.0115469411924702
2018-01-20,11656.2001953125,13103.0,11656.2001953125,12899.2001953125,11801700352,14935.16400390625,0.111291052364391
2018-01-21,12889.2001953125,12895.900390625,11288.2001953125,11600.099609375,9935179776,14945.67400390625,-0.1007117159410849
2018-01-22,11633.099609375,11966.400390625,10240.2001953125,10931.400390625,10537400320,14937.8380078125,-0.0576459893680196
2018-01-23,10944.5,11377.599609375,10129.7001953125,10868.400390625,9660609536,14922.06201171875,-0.005763214020962
2018-01-24,10903.400390625,11501.400390625,10639.7998046875,11359.400390625,9940989952,14910.916015625,0.0451768413338482
2018-01-25,11421.7001953125,11785.7001953125,11057.400390625,11259.400390625,8873169920,14850.2740234375,-0.008803281560753
2018-01-26,11256.0,11656.7001953125,10470.2998046875,11171.400390625,9746199552,14715.708046875,-0.0078156915063853
2018-01-27,11174.900390625,11614.900390625,10989.2001953125,11440.7001953125,7583269888,14613.13404296875,0.0241061814339316
2018-01-28,11475.2998046875,12040.2998046875,11475.2998046875,11786.2998046875,8350360064,14545.29603515625,0.0302079071625878
2018-01-29,11755.5,11875.599609375,11179.2001953125,11296.400390625,7107359744,14462.11603515625,-0.0415651580377807
2018-01-30,11306.7998046875,11307.2001953125,10036.2001953125,10106.2998046875,8637859840,14325.506015625,-0.1053521958132058
2018-01-31,10108.2001953125,10381.599609375,9777.419921875,10221.099609375,8041160192,14181.62,0.0113592320538773
2018-02-01,10237.2998046875,10288.7998046875,8812.2802734375,9170.5400390625,9959400448,14036.86681640625,-0.1027834196380305
2018-02-02,9142.2802734375,9142.2802734375,7796.490234375,8830.75,12726899712,13882.20181640625,-0.037052347802326
2018-02-03,8852.1201171875,9430.75,8251.6298828125,9174.91015625,7263790080,13711.56201171875,0.0389729248648189
2018-02-04,9175.7001953125,9334.8701171875,8031.22021484375,8277.009765625,7073549824,13487.15419921875,-0.0978647611075892
2018-02-05,8270.5400390625,8364.83984375,6756.68017578125,6955.27001953125,9285289984,13243.443583984375,-0.1596880737755109
2018-02-06,7051.75,7850.7001953125,6048.259765625,7754.0,13999800320,13016.239599609376,0.1148380980502292
2018-02-07,7755.490234375,8509.1103515625,7236.7900390625,7621.2998046875,9169280000,12813.131611328125,-0.0171137729317126
2018-02-08,7637.85986328125,8558.76953125,7637.85986328125,8265.58984375,9346750464,12645.951416015623,0.0845380782246918
2018-02-09,8271.83984375,8736.98046875,7884.7099609375,8736.98046875,6784820224,12504.633017578126,0.0570304883149312
2018-02-10,8720.080078125,9122.5498046875,8295.4697265625,8621.900390625,7780960256,12400.435029296876,-0.0131716075750212
2018-02-11,8616.1298828125,8616.1298828125,7931.10009765625,8129.97021484375,6122189824,12269.0504296875,-0.057055887158723
2018-02-12,8141.43017578125,8985.919921875,8141.43017578125,8926.5703125,6256439808,12169.06583984375,0.0979831508117721
2018-02-13,8926.7197265625,8958.4697265625,8455.41015625,8598.3095703125,5696719872,12060.5000390625,-0.0367734449733546
2018-02-14,8599.919921875,9518.5400390625,8599.919921875,9494.6298828125,7909819904,11928.396640625,0.1042437824749573
2018-02-15,9488.3203125,10234.7998046875,9395.580078125,10166.400390625,9062540288,11814.9546484375,0.0707526797888733
2018-02-16,10135.7001953125,10324.099609375,9824.8203125,10233.900390625,7296159744,11727.50265625,0.0066395181584866
2018-02-17,10207.5,11139.5,10149.400390625,11112.7001953125,8660880384,11656.63265625,0.0858714440383399
2018-02-18,11123.400390625,11349.7998046875,10326.0,10551.7998046875,8744009728,11608.6246484375,-0.0504738165132535
2018-02-19,10552.599609375,11273.7998046875,10513.2001953125,11225.2998046875,7652089856,11550.00263671875,0.063827973660077
2018-02-20,11231.7998046875,11958.5,11231.7998046875,11403.7001953125,9926540288,11504.93263671875,0.0158927060950748
2018-02-21,11372.2001953125,11418.5,10479.099609375,10690.400390625,9405339648,11419.09865234375,-0.0625498559652333
2018-02-22,10660.400390625,11039.099609375,9939.08984375,10005.0,8040079872,11315.17865234375,-0.0641136314432212
2018-02-23,9937.0703125,10487.2998046875,9734.5595703125,10301.099609375,7739500032,11209.216640625,0.029595163355822
2018-02-24,10287.7001953125,10597.2001953125,9546.9697265625,9813.0703125,6917929984,11056.888046875,-0.0473764273117839
2018-02-25,9796.419921875,9923.2197265625,9407.0595703125,9664.73046875,5706939904,10899.64265625,-0.0151165577159926
2018-02-26,9669.4296875,10475.0,9501.73046875,10366.7001953125,7287690240,10777.42466796875,0.0726321058649543
2018-02-27,10393.900390625,10878.5,10246.099609375,10725.599609375,6966179840,10688.53466796875,0.0346204102849221
2018-02-28,10687.2001953125,11089.7998046875,10393.099609375,10397.900390625,6936189952,10604.58466796875,-0.0305529975651492
2018-03-01,10385.0,11052.2998046875,10352.7001953125,10951.0,7317279744,10524.138671875,0.0531933937233797
2018-03-02,10977.400390625,11189.0,10850.099609375,11086.400390625,7620590080,10477.75068359375,0.0123642033261801
2018-03-03,11101.900390625,11528.2001953125,11002.400390625,11489.7001953125,6690570240,10427.9326953125,0.0363778855604512
2018-03-04,11497.400390625,11512.599609375,11136.099609375,11512.599609375,6084149760,10370.98068359375,0.0019930384320943
2018-03-05,11532.400390625,11704.099609375,11443.900390625,11573.2998046875,6468539904,10327.0066796875,0.0052725012049468
2018-03-06,11500.099609375,11500.099609375,10694.2998046875,10779.900390625,6832169984,10266.20869140625,-0.0685542954431329
2018-03-07,10803.900390625,10929.5,9692.1201171875,9965.5703125,8797910016,10235.71009765625,-0.0755415215926486
2018-03-08,9951.4404296875,10147.400390625,9335.8701171875,9395.009765625,7186089984,10199.83830078125,-0.0572531755818666
2018-03-09,9414.6904296875,9466.349609375,8513.0302734375,9337.5498046875,8704190464,10157.0912890625,-0.0061160086440503
2018-03-10,9350.58984375,9531.3203125,8828.4697265625,8866.0,5386319872,10102.26328125,-0.0505003790663348
2018-03-11,8852.7802734375,9711.8896484375,8607.1201171875,9578.6298828125,6296370176,10035.851875,0.0803778347408639
2018-03-12,9602.9296875,9937.5,8956.4296875,9205.1201171875,6457399808,9987.95228515625,-0.0389940701535206
2018-03-13,9173.0400390625,9470.3798828125,8958.1904296875,9194.849609375,5991139840,9953.22126953125,-0.00111573859784
2018-03-14,9214.650390625,9355.849609375,8068.58984375,8269.8095703125,6438230016,9901.249453125,-0.1006041510585813
2018-03-15,8290.759765625,8428.349609375,7783.0498046875,8300.8603515625,6834429952,9840.07865234375,0.0037547153880626
2018-03-16,8322.91015625,8585.150390625,8005.31005859375,8338.349609375,5289379840,9781.65763671875,0.0045163099033997
2018-03-17,8321.91015625,8346.5302734375,7812.81982421875,7916.8798828125,4426149888,9716.5672265625,-0.0505459409004189
2018-03-18,7890.52001953125,8245.509765625,7397.990234375,8223.6796875,6639190016,9652.22681640625,0.0387526158320983
2018-03-19,8344.1201171875,8675.8701171875,8182.39990234375,8630.650390625,6729110016,9589.113828125,0.0494876647182156
2018-03-20,8619.669921875,9051.01953125,8389.8896484375,8913.4697265625,6361789952,9541.45521484375,0.0327691799733553
2018-03-21,8937.48046875,9177.3701171875,8846.330078125,8929.2802734375,6043129856,9517.91482421875,0.0017737814072429
2018-03-22,8939.4404296875,9100.7099609375,8564.900390625,8728.4697265625,5530390016,9488.0622265625,-0.022488995834565
2018-03-23,8736.25,8879.6201171875,8360.6201171875,8879.6201171875,5954120192,9482.243828125,0.0173169404672413
2018-03-24,8901.9501953125,8996.1796875,8665.7001953125,8668.1201171875,5664600064,9478.99123046875,-0.0238185865170761
2018-03-25,8612.8095703125,8682.009765625,8449.099609375,8495.7802734375,4569880064,9465.4086328125,-0.0198820322538306
2018-03-26,8498.4697265625,8530.080078125,7921.43017578125,8209.400390625,5921039872,9464.0564453125,-0.0337084851061746
2018-03-27,8200.0,8232.7802734375,7797.27978515625,7833.0400390625,5378250240,9481.611845703124,-0.0458450475862155
2018-03-28,7836.830078125,8122.89013671875,7809.169921875,7954.47998046875,4935289856,9485.6214453125,0.015503551724572
2018-03-29,7979.06982421875,7994.330078125,7081.3798828125,7165.7001953125,6361229824,9476.509453125,-0.0991617034794232
2018-03-30,7171.4501953125,7276.66015625,6683.93017578125,6890.52001953125,6289509888,9449.008056640623,-0.0384024126436746
2018-03-31,6892.47998046875,7207.85009765625,6863.52001953125,6973.52978515625,4553269760,9413.73904296875,0.0120469522459418
2018-04-01,7003.06005859375,7060.9501953125,6526.8701171875,6844.22998046875,4532100096,9378.185634765625,-0.0185415146519809
2018-04-02,6844.85986328125,7135.47021484375,6816.580078125,7083.7998046875,4333440000,9357.2622265625,0.0350031814977587
2018-04-03,7102.259765625,7530.93994140625,7072.490234375,7456.10986328125,5499700224,9327.853017578123,0.0525579588439786
2018-04-04,7456.41015625,7469.8798828125,6803.8798828125,6853.83984375,4936000000,9292.963623046877,-0.0807753681979956
2018-04-05,6848.64990234375,6933.81982421875,6644.7998046875,6811.47021484375,5639320064,9239.3004296875,-0.0061818819628367
2018-04-06,6815.9599609375,6857.490234375,6575.0,6636.31982421875,3766810112,9168.698818359377,-0.0257140360451562
2018-04-07,6630.509765625,7050.5400390625,6630.509765625,6911.08984375,3976610048,9102.242607421877,0.0414039749152079
2018-04-08,6919.97998046875,7111.56005859375,6919.97998046875,7023.52001953125,3652499968,9020.45900390625,0.0162680819267493
2018-04-09,7044.31982421875,7178.10986328125,6661.990234375,6770.72998046875,4894060032,8944.837607421876,-0.0359919297388677
2018-04-10,6795.43994140625,6872.41015625,6704.14990234375,6834.759765625,4272750080,8857.026806640624,0.009456851084145
2018-04-11,6843.47021484375,6968.31982421875,6817.58984375,6968.31982421875,4641889792,8768.31919921875,0.01954129525744
2018-04-12,6955.3798828125,7899.22998046875,6806.509765625,7889.25,8906250240,8712.29619140625,0.1321595734714284
2018-04-13,7901.08984375,8183.9599609375,7758.93017578125,7895.9599609375,7764460032,8670.115390625,0.0008505194964667
2018-04-14,7874.669921875,8140.7099609375,7846.0,7986.240234375,5191430144,8623.818203125,0.0114337298927718
2018-04-15,7999.330078125,8338.419921875,7999.330078125,8329.1103515625,5244480000,8594.13900390625,0.042932607475504
2018-04-16,8337.5703125,8371.150390625,7925.72998046875,8058.669921875,5631309824,8562.01779296875,-0.0324693056367979
2018-04-17,8071.66015625,8285.9599609375,7881.72021484375,7902.08984375,6900879872,8512.7255859375,-0.0194300150822617
2018-04-18,7944.43017578125,8197.7998046875,7886.009765625,8163.419921875,6529909760,8461.4819921875,0.0330710082133138
2018-04-19,8159.27001953125,8298.6904296875,8138.77978515625,8294.3095703125,7063209984,8419.41017578125,0.0160336782488381
2018-04-20,8286.8798828125,8880.23046875,8244.5400390625,8845.830078125,8438110208,8377.30677734375,0.0664938417281331
2018-04-21,8848.7900390625,8997.5703125,8652.150390625,8895.580078125,7548550144,8333.49037109375,0.0056241188854653
2018-04-22,8925.0595703125,9001.6396484375,8779.6103515625,8802.4599609375,6629899776,8279.74556640625,-0.0104681332043191
2018-04-23,8794.3896484375,8958.5498046875,8788.8095703125,8930.8798828125,6925190144,8228.111171875,0.0145890946899942
2018-04-24,8934.33984375,9732.6103515625,8927.830078125,9697.5,10678800384,8190.59517578125,0.0858392596526644
2018-04-25,9701.0302734375,9745.3203125,8799.83984375,8845.740234375,11083100160,8151.91197265625,-0.0878329224671307
2018-04-26,8867.3203125,9281.509765625,8727.08984375,9281.509765625,8970559488,8138.23076171875,0.0492632068887324
2018-04-27,9290.6298828125,9375.4697265625,8987.0498046875,8987.0498046875,7566289920,8130.0715625,-0.0317254378191855
2018-04-28,8939.26953125,9412.08984375,8931.990234375,9348.48046875,7805479936,8130.29017578125,0.040216831097785
2018-04-29,9346.41015625,9531.490234375,9193.7099609375,9419.080078125,8853000192,8141.35177734375,0.0075519876851644
2018-04-30,9426.1103515625,9477.1396484375,9166.8095703125,9240.5498046875,8673920000,8134.59017578125,-0.0189541093139361
2018-05-01,9251.4697265625,9255.8798828125,8891.0498046875,9119.009765625,7713019904,8132.86796875,-0.0131529012484566
2018-05-02,9104.599609375,9256.51953125,9015.1396484375,9235.919921875,7558159872,8133.689375,0.01282048810724
2018-05-03,9233.9697265625,9798.330078125,9188.150390625,9743.8603515625,10207299584,8163.170390625,0.0549961924728752
2018-05-04,9695.5,9779.2001953125,9585.9599609375,9700.759765625,8217829888,8191.16837890625,-0.0044233583387295
2018-05-05,9700.2802734375,9964.5,9695.1201171875,9858.150390625,7651939840,8221.56439453125,0.0162245668177165
2018-05-06,9845.3095703125,9940.1396484375,9465.25,9654.7998046875,7222280192,8256.32279296875,-0.0206276611615586
2018-05-07,9645.669921875,9665.849609375,9231.5302734375,9373.009765625,7394019840,8279.30939453125,-0.0291865232592071
2018-05-08,9380.8701171875,9462.75,9127.76953125,9234.8203125,7415869952,8291.39279296875,-0.0147433382211765
2018-05-09,9223.73046875,9374.759765625,9031.6201171875,9325.1796875,7226890240,8299.6269921875,0.0097846381350477
2018-05-10,9325.9599609375,9396.0400390625,9040.51953125,9043.9404296875,6906699776,8301.9201953125,-0.0301591247822805
2018-05-11,9052.9599609375,9052.9599609375,8394.4599609375,8441.490234375,8488520192,8296.18060546875,-0.0666136845986851
2018-05-12,8441.4404296875,8664.8603515625,8223.5,8504.8896484375,6821380096,8288.68599609375,0.007510452811321
2018-05-13,8515.490234375,8773.5498046875,8395.1201171875,8723.9404296875,5866379776,8289.80240234375,0.0257558640152659
2018-05-14,8713.099609375,8881.1201171875,8367.9697265625,8716.7900390625,7364149760,8294.22259765625,-0.0008196285477451
2018-05-15,8705.1904296875,8836.1904296875,8456.4501953125,8510.3798828125,6705710080,8300.2421875,-0.0236796062914232
2018-05-16,8504.41015625,8508.4296875,8175.490234375,8368.830078125,6760220160,8310.95798828125,-0.0166326070794292
2018-05-17,8370.0498046875,8445.5400390625,8054.1201171875,8094.31982421875,5862530048,8313.75478515625,-0.0328015088541208
2018-05-18,8091.830078125,8274.1201171875,7974.81982421875,8250.9697265625,5764190208,8335.46017578125,0.0193530655750768
2018-05-19,8255.73046875,8372.0595703125,8183.35009765625,8247.1796875,4712399872,8362.593369140624,-0.0004593446816679
2018-05-20,8246.990234375,8562.41015625,8205.240234375,8513.25,5191059968,8393.3877734375,0.0322619759216928
2018-05-21,8522.330078125,8557.51953125,8365.1201171875,8418.990234375,5154990080,8424.882978515625,-0.0110721247026693
2018-05-22,8419.8701171875,8423.25,8004.580078125,8041.77978515625,5137010176,8444.042578125,-0.044804713952344
2018-05-23,8037.080078125,8054.66015625,7507.8798828125,7557.81982421875,6491120128,8446.07677734375,-0.0601807030118889
2018-05-24,7561.1201171875,7738.60009765625,7331.14013671875,7587.33984375,6049220096,8460.74677734375,0.0039058908809461
2018-05-25,7592.2998046875,7659.14013671875,7392.64990234375,7480.14013671875,4867829760,8474.12017578125,-0.0141287604402687
2018-05-26,7486.47998046875,7595.16015625,7349.1201171875,7355.8798828125,4051539968,8488.511376953125,-0.0166120221860921
2018-05-27,7362.080078125,7381.740234375,7270.9599609375,7368.22021484375,4056519936,8497.653984375,0.0016776146739541
2018-05-28,7371.31005859375,7419.0498046875,7100.89013671875,7135.990234375,5040600064,8499.903388671875,-0.0315177849870593
2018-05-29,7129.4599609375,7526.419921875,7090.68017578125,7472.58984375,5662660096,8513.9405859375,0.0471692923223963
2018-05-30,7469.72998046875,7573.77001953125,7313.60009765625,7406.52001953125,4922540032,8525.375791015626,-0.0088416232658627
2018-05-31,7406.14990234375,7608.89990234375,7361.1298828125,7494.169921875,5127130112,8535.89279296875,0.011834154516914
2018-06-01,7500.7001953125,7604.72998046875,7407.33984375,7541.4501953125,4921460224,8528.936796875,0.0063089406739353
2018-06-02,7536.72021484375,7695.830078125,7497.259765625,7643.4501953125,4939299840,8523.8866015625,0.0135252500989
2018-06-03,7632.08984375,7754.89013671875,7613.0400390625,7720.25,4851760128,8518.566796875,0.010047792910929
2018-06-04,7722.52978515625,7753.81982421875,7474.0400390625,7514.47021484375,4993169920,8502.273994140625,-0.026654549419546
2018-06-05,7500.89990234375,7643.22998046875,7397.0,7633.759765625,4961739776,8493.775791015625,0.0158746455000393
2018-06-06,7625.97021484375,7680.43017578125,7502.009765625,7653.97998046875,4692259840,8488.81359375,0.0026487884691894
2018-06-07,7650.81982421875,7741.27001953125,7650.81982421875,7678.240234375,4485799936,8479.11,0.0031696259943396
2018-06-08,7685.14013671875,7698.18994140625,7558.39990234375,7624.919921875,4227579904,8465.72220703125,-0.006944340222814
2018-06-09,7632.52001953125,7683.580078125,7531.97998046875,7531.97998046875,3845220096,8439.445205078126,-0.0121889727837818
2018-06-10,7499.5498046875,7499.5498046875,6709.06982421875,6786.02001953125,5804839936,8397.25400390625,-0.0990390259761517
2018-06-11,6799.2900390625,6910.18017578125,6706.6298828125,6906.919921875,4745269760,8359.343203125,0.0178160250037253
2018-06-12,6905.81982421875,6907.9599609375,6542.080078125,6582.35986328125,4654380032,8312.372802734375,-0.0469905634153701
2018-06-13,6596.8798828125,6631.66015625,6285.6298828125,6349.89990234375,5052349952,8245.42080078125,-0.0353155958905019
2018-06-14,6342.75,6707.14013671875,6334.4599609375,6675.35009765625,5138710016,8202.012998046876,0.0512528071808464
2018-06-15,6674.080078125,6681.080078125,6433.8701171875,6456.580078125,3955389952,8145.514404296875,-0.0327728158569632
2018-06-16,6455.4501953125,6592.490234375,6402.2900390625,6550.16015625,3194170112,8096.776611328125,0.0144937531932811
2018-06-17,6545.52978515625,6589.10986328125,6499.27001953125,6499.27001953125,3104019968,8039.79240234375,-0.0077692965522669
2018-06-18,6510.06982421875,6781.14013671875,6446.68017578125,6734.81982421875,4039200000,7986.107197265625,0.0362425016932115
2018-06-19,6742.39013671875,6822.5,6709.919921875,6769.93994140625,4057029888,7936.695,0.00521470775821
2018-06-20,6770.759765625,6821.56005859375,6611.8798828125,6776.5498046875,3888640000,7889.84580078125,0.0009763547887364
2018-06-21,6780.08984375,6810.93994140625,6715.169921875,6729.740234375,3529129984,7839.72220703125,-0.006907581536569
2018-06-22,6737.8798828125,6747.080078125,6006.60009765625,6083.68994140625,5079810048,7766.518798828125,-0.0959992912755791
2018-06-23,6090.10009765625,6224.81982421875,6071.81005859375,6162.47998046875,3431360000,7695.753203125,0.0129510280473446
2018-06-24,6164.27978515625,6223.77978515625,5826.41015625,6173.22998046875,4566909952,7622.054794921875,0.0017444275736506
2018-06-25,6171.97021484375,6327.3701171875,6119.68017578125,6249.18017578125,5500810240,7553.94240234375,0.0123031533820698
2018-06-26,6253.5498046875,6290.16015625,6093.669921875,6093.669921875,3279759872,7488.35560546875,-0.024884904824625
2018-06-27,6084.39990234375,6180.0,6052.85009765625,6157.1298828125,3296219904,7426.801796875,0.0104140791593736
2018-06-28,6153.16015625,6170.41015625,5873.0498046875,5903.43994140625,3467800064,7358.367001953125,-0.0412026295099637
2018-06-29,5898.1298828125,6261.66015625,5835.75,6218.2998046875,3966230016,7301.854189453125,0.0533349820454425
2018-06-30,6214.22021484375,6465.509765625,6214.22021484375,6404.0,4543860224,7261.104384765625,0.0298634998544964
2018-07-01,6411.68017578125,6432.85009765625,6289.2900390625,6385.81982421875,4788259840,7218.72298828125,-0.0028388781669659
2018-07-02,6380.3798828125,6683.85986328125,6305.7001953125,6614.18017578125,4396930048,7176.527783203125,0.0357605378555192
2018-07-03,6596.66015625,6671.3701171875,6447.75,6529.58984375,4672309760,7132.783779296875,-0.0127892391472776
2018-07-04,6550.8701171875,6771.919921875,6450.4599609375,6597.5498046875,4176689920,7094.527177734375,0.0104079984445806
2018-07-05,6599.7099609375,6749.5400390625,6546.64990234375,6639.14013671875,4999240192,7059.93337890625,0.0063039057320493
2018-07-06,6638.68994140625,6700.93994140625,6533.5498046875,6673.5,4313959936,7031.516982421875,0.0051753483995944
2018-07-07,6668.7099609375,6863.990234375,6579.240234375,6856.93017578125,3961080064,7003.63619140625,0.0274863528555107
2018-07-08,6857.7998046875,6885.91015625,6747.97998046875,6773.8798828125,3386210048,6974.1701953125,-0.0121118767202974
2018-07-09,6775.080078125,6838.68017578125,6724.33984375,6741.75,3718129920,6938.7401953125,-0.0047432023254536
2018-07-10,6739.2099609375,6767.740234375,6320.72021484375,6329.9501953125,4052430080,6896.95939453125,-0.0610820342919123
2018-07-11,6330.77001953125,6444.9599609375,6330.47021484375,6394.7099609375,3644859904,6864.017998046875,0.0102306911787326
2018-07-12,6396.77978515625,6397.10009765625,6136.419921875,6228.81005859375,3770170112,6837.437802734375,-0.025943303661489
2018-07-13,6235.02978515625,6310.5498046875,6192.240234375,6238.0498046875,3805400064,6810.452001953125,0.0014833886419449
2018-07-14,6247.5,6298.18994140625,6212.22021484375,6276.1201171875,2923670016,6786.3716015625,0.0061029189717902
2018-07-15,6272.7001953125,6403.4599609375,6256.509765625,6359.64013671875,3285459968,6766.446806640625,0.0133075878045301
2018-07-16,6357.009765625,6741.75,6357.009765625,6741.75,4725799936,6753.91740234375,0.0600835668476045
2018-07-17,6739.64990234375,7387.240234375,6684.169921875,7321.0400390625,5961950208,6757.6183984375,0.0859257669095561
2018-07-18,7315.31982421875,7534.990234375,7280.47021484375,7370.77978515625,6103410176,6755.582197265625,0.0067940819649061
2018-07-19,7378.2001953125,7494.4599609375,7295.4599609375,7466.85986328125,5111629824,6756.788994140625,0.0130352664067501
2018-07-20,7467.39990234375,7594.669921875,7323.259765625,7354.1298828125,4936869888,6753.988193359375,-0.0150973746036278
2018-07-21,7352.72021484375,7437.64013671875,7262.41015625,7419.2900390625,3726609920,6751.544990234375,0.0088603488500096
2018-07-22,7417.7998046875,7537.9501953125,7383.81982421875,7418.490234375,3695460096,6747.045791015625,-0.000107800703745
2018-07-23,7414.7099609375,7771.5,7409.10009765625,7711.10986328125,5132480000,6746.86298828125,0.0394446335657814
2018-07-24,7716.509765625,8424.26953125,7705.5,8424.26953125,7277689856,6765.058974609375,0.0924846981320643
2018-07-25,8379.66015625,8416.8701171875,8086.35986328125,8181.39013671875,5845400064,6776.01158203125,-0.0288309144941628
2018-07-26,8176.85009765625,8290.330078125,7878.7099609375,7951.580078125,4899089920,6781.963583984375,-0.0280893655911045
2018-07-27,7950.39990234375,8262.66015625,7839.759765625,8165.009765625,5195879936,6791.698974609375,0.0268411668376642
2018-07-28,8169.06005859375,8222.849609375,8110.77001953125,8192.150390625,3988750080,6803.043583984375,0.0033240162325662
2018-07-29,8205.8203125,8272.259765625,8141.18017578125,8218.4599609375,4107190016,6816.77318359375,0.0032115585112559
2018-07-30,8221.580078125,8235.5,7917.5,8180.47998046875,5551400000,6844.6623828125,-0.0046213013933594
2018-07-31,8181.2001953125,8181.52978515625,7696.93017578125,7780.43994140625,5287530000,6862.132783203125,-0.0489017808267501
2018-08-01,7769.0400390625,7769.0400390625,7504.9501953125,7624.91015625,4797620000,6882.9837890625,-0.0199898445753106
2018-08-02,7634.18994140625,7712.77001953125,7523.43994140625,7567.14990234375,4214110000,6907.3287890625,-0.0075752045234139
2018-08-03,7562.14013671875,7562.14013671875,7328.64990234375,7434.39013671875,4627150000,6922.50958984375,-0.0175442230348682
2018-08-04,7438.669921875,7497.490234375,6984.06982421875,7032.85009765625,4268390000,6934.034990234375,-0.0540111605226738
2018-08-05,7031.080078125,7102.77001953125,6940.7001953125,7068.47998046875,3679110000,6944.40138671875,0.0050662081969263
2018-08-06,7062.93994140625,7166.5498046875,6890.5400390625,6951.7998046875,3925900000,6953.451982421875,-0.0165071098883571
2018-08-07,6958.31982421875,7146.56005859375,6748.240234375,6753.1201171875,4682800000,6953.81798828125,-0.0285796042869406
2018-08-08,6746.85009765625,6746.85009765625,6226.22021484375,6305.7998046875,5064430000,6944.535185546875,-0.0662390576115351
2018-08-09,6305.56005859375,6625.72998046875,6249.06982421875,6568.22998046875,4267040000,6940.3687890625,0.0416172704350952
2018-08-10,6571.419921875,6591.259765625,6124.52001953125,6184.7099609375,4528680000,6929.46818359375,-0.0583901630533161
2018-08-11,6185.7900390625,6455.740234375,6109.02978515625,6295.72998046875,4047850000,6933.708984375,0.0179507236770115
2018-08-12,6283.64990234375,6409.85009765625,6237.5,6322.68994140625,5665250000,6936.91318359375,0.0042822613138011
2018-08-13,6341.35986328125,6537.0498046875,6225.72021484375,6297.56982421875,4083980000,6939.39998046875,-0.0039730110791915
2018-08-14,6287.66015625,6287.93994140625,5971.0498046875,6199.7099609375,5301700000,6938.410576171875,-0.015539305797755
2018-08-15,6221.419921875,6588.490234375,6221.419921875,6308.52001953125,4895450000,6942.707578125,0.0175508304871243
2018-08-16,6294.22998046875,6473.5,6276.41015625,6334.72998046875,4328420000,6946.259580078125,0.0041546925200131
2018-08-17,6340.91015625,6582.5,6324.97021484375,6580.6298828125,4992990000,6959.80337890625,0.038817740156551
2018-08-18,6583.43017578125,6617.35009765625,6353.72998046875,6423.759765625,3984520000,6963.912578125,-0.0238381613889604
2018-08-19,6422.56982421875,6537.97998046875,6361.5498046875,6506.06982421875,3311170000,6965.953974609375,0.0128133774606904
2018-08-20,6500.509765625,6536.919921875,6297.93017578125,6308.52978515625,3665100000,6964.408173828125,-0.0303624222302626
2018-08-21,6301.06982421875,6500.8701171875,6298.240234375,6488.759765625,3377180000,6961.899765625,0.0285692525210587
2018-08-22,6486.25,6816.7900390625,6310.10986328125,6376.7099609375,4668110000,6958.84216796875,-0.0172682929765866
2018-08-23,6371.33984375,6546.5400390625,6371.33984375,6534.8798828125,3426180000,6957.58876953125,0.0248043148965404
2018-08-24,6551.52001953125,6719.9599609375,6498.64013671875,6719.9599609375,4097820000,6959.205166015625,0.028321879123101
2018-08-25,6719.9501953125,6789.6298828125,6700.9599609375,6763.18994140625,3312600000,6960.99896484375,0.0064330711373343
2018-08-26,6754.64013671875,6774.75,6620.75,6707.259765625,3295500000,6958.005556640625,-0.0082697922527399
2018-08-27,6710.7998046875,6884.64013671875,6689.7099609375,6884.64013671875,4019000000,6960.22076171875,0.0264460267370039
2018-08-28,6891.080078125,7109.56005859375,6882.33984375,7096.27978515625,4659940000,6967.311357421875,0.0307408439997807
2018-08-29,7091.7099609375,7113.2998046875,6970.81982421875,7047.16015625,4145880000,6981.655556640625,-0.0069218844793854
2018-08-30,7043.759765625,7072.68994140625,6834.68994140625,6978.22998046875,4463250000,6993.32595703125,-0.0097812699375247
2018-08-31,6973.97021484375,7057.169921875,6920.16015625,7037.580078125,4495650000,7009.501357421875,0.008505036065358
2018-09-01,7044.81005859375,7242.2900390625,7038.0498046875,7193.25,4116050000,7028.605361328125,0.0221198082504057
2018-09-02,7189.580078125,7306.31005859375,7132.16015625,7272.72021484375,4329540000,7048.53736328125,0.0110478872336912
2018-09-03,7279.02978515625,7317.93994140625,7208.14990234375,7260.06005859375,4087760000,7066.54576171875,-0.001740773173724
2018-09-04,7263.0,7388.259765625,7255.43994140625,7361.66015625,4273640000,7078.94396484375,0.0139943880403559
2018-09-05,7361.4599609375,7388.43017578125,6792.830078125,6792.830078125,5800460000,7068.379765625,-0.0772692661779649
2018-09-06,6755.14013671875,6755.14013671875,6404.72021484375,6529.169921875,5523470000,7051.547568359375,-0.038814478386419
2018-09-07,6528.919921875,6555.2900390625,6396.8701171875,6467.06982421875,4264680000,7031.551767578125,-0.0095111780516222
2018-09-08,6460.169921875,6534.25,6197.52001953125,6225.97998046875,3835060000,7008.98876953125,-0.0372796104422955
2018-09-09,6223.3798828125,6446.259765625,6201.22021484375,6300.85986328125,3671890000,6986.620166015625,0.01202700346731
2018-09-10,6301.56982421875,6374.97998046875,6292.759765625,6329.7001953125,3714100000,6964.844365234375,0.0045772057555697
2018-09-11,6331.8798828125,6398.919921875,6260.2099609375,6321.2001953125,3849910000,6937.046171875,-0.0013428756082783
2018-09-12,6317.009765625,6363.8701171875,6265.08984375,6351.7998046875,4064230000,6895.59677734375,0.0048407910570038
2018-09-13,6354.240234375,6535.41015625,6354.240234375,6517.31005859375,4210910000,6862.31517578125,0.0260572214168504
2018-09-14,6515.41015625,6596.10009765625,6456.169921875,6512.7099609375,4076220000,6833.5377734375,-0.0007058276520363
2018-09-15,6509.39990234375,6561.72021484375,6493.5498046875,6543.2001953125,3216300000,6801.10158203125,0.0046816508884746
2018-09-16,6536.68017578125,6544.330078125,6460.10009765625,6517.18017578125,3273730000,6767.602177734375,-0.003976650378188
2018-09-17,6514.06005859375,6540.2099609375,6257.52001953125,6281.2001953125,3910780000,6728.856982421875,-0.0362089084702129
2018-09-18,6280.91015625,6384.18017578125,6265.7099609375,6371.2998046875,4180090000,6692.67337890625,0.0143443301556029
2018-09-19,6371.85009765625,6448.4599609375,6208.33984375,6398.5400390625,4431340000,6665.035380859375,0.0042754595153344
2018-09-20,6398.85009765625,6529.259765625,6395.9501953125,6519.669921875,4348110000,6642.930576171875,0.0189308626769564
2018-09-21,6513.8701171875,6794.330078125,6496.35986328125,6734.9501953125,6531940000,6626.28658203125,0.033020118505568
2018-09-22,6735.0498046875,6814.56005859375,6616.7998046875,6721.97998046875,4509660000,6612.03837890625,-0.0019258070910126
2018-09-23,6715.31982421875,6766.14990234375,6679.419921875,6710.6298828125,4197500000,6605.593974609375,-0.0016885051263509
2018-09-24,6704.77001953125,6713.56005859375,6580.89990234375,6595.41015625,4177310000,6596.132578125,-0.017169733478761
2018-09-25,6603.64013671875,6603.64013671875,6381.85986328125,6446.47021484375,4726180000,6586.025986328125,-0.0225823622606867
2018-09-26,6452.7900390625,6585.91015625,6397.89013671875,6495.0,4437300000,6580.863583984375,0.0075281174873815
2018-09-27,6495.2900390625,6712.10009765625,6464.9501953125,6676.75,4606810000,6588.282587890625,0.027983063895304
2018-09-28,6678.75,6785.02978515625,6598.31982421875,6644.1298828125,5014430000,6589.8005859375,-0.0048856280656757
2018-09-29,6643.10009765625,6643.10009765625,6511.64990234375,6601.9599609375,4363690000,6598.1455859375,-0.0063469442378133
2018-09-30,6604.7099609375,6643.77978515625,6566.5400390625,6625.56005859375,4002280000,6604.7421875,0.0035747108125294
2018-10-01,6619.85009765625,6653.2998046875,6549.080078125,6589.6201171875,4000970000,6610.080791015625,-0.0054244382495082
2018-10-02,6593.240234375,6611.83984375,6537.89990234375,6556.10009765625,3979260000,6615.251396484375,-0.0050867908825003
2018-10-03,6553.85986328125,6571.4599609375,6454.02978515625,6502.58984375,3887310000,6621.308994140625,-0.0081619031297858
2018-10-04,6497.91015625,6603.31005859375,6497.91015625,6576.68994140625,3838410000,6626.672392578125,0.0113954746396116
2018-10-05,6574.14990234375,6623.6201171875,6557.41015625,6622.47998046875,3671500000,6632.427392578125,0.0069624749639192
2018-10-06,6622.4501953125,6628.5400390625,6577.7998046875,6588.31005859375,3259740000,6632.58099609375,-0.0051596866998125
2018-10-07,6590.68017578125,6641.490234375,6557.0400390625,6602.9501953125,3306630000,6636.1648046875,0.0022221383918707
2018-10-08,6600.18994140625,6675.06005859375,6576.0400390625,6652.22998046875,3979460000,6639.0880078125,0.0074632980256665
2018-10-09,6653.080078125,6661.41015625,6606.93994140625,6642.64013671875,3580810000,6645.77021484375,-0.0014415983479458
2018-10-10,6640.2900390625,6640.2900390625,6538.9599609375,6585.52978515625,3787650000,6647.705615234375,-0.0085975380853178
2018-10-11,6586.740234375,6586.740234375,6243.740234375,6256.240234375,5181640000,6645.296220703125,-0.0500019833671494
2018-10-12,6239.25,6328.5,6236.47021484375,6274.580078125,3783500000,6640.090224609375,0.0029314481322555
2018-10-13,6278.080078125,6308.509765625,6259.81005859375,6285.990234375,3064030000,6631.410830078125,0.0018184732855317
2018-10-14,6288.490234375,6363.2099609375,6280.14990234375,6290.93017578125,3085320000,6621.965634765625,0.0007858652689651
2018-10-15,6292.64013671875,6965.06005859375,6258.68017578125,6596.5400390625,7370770000,6619.751240234375,0.0485794397238397
2018-10-16,6601.41015625,6673.58984375,6571.3701171875,6596.10986328125,4074800000,6613.980634765625,-6.521233536105342e-05
2018-10-17,6590.52001953125,6601.2099609375,6517.4501953125,6544.43017578125,4088420000,6602.943642578125,-0.0078348736711749
2018-10-18,6542.330078125,6567.5400390625,6450.0400390625,6476.7099609375,3924080000,6591.534638671875,-0.0103477633689729
2018-10-19,6478.06982421875,6493.68017578125,6445.31005859375,6465.41015625,3578870000,6581.2782421875,-0.0017446828336689
2018-10-20,6460.919921875,6497.72021484375,6449.0,6489.18994140625,3379130000,6570.310439453125,0.0036780010210586
2018-10-21,6490.08984375,6556.3798828125,6476.0,6482.35009765625,3253610000,6556.09244140625,-0.0010540366073054
2018-10-22,6486.0498046875,6543.7998046875,6462.97998046875,6487.16015625,3672860000,6540.381240234375,0.0007420238835125
2018-10-23,6472.35986328125,6506.009765625,6451.27001953125,6475.740234375,3716150000,6524.69484375,-0.0017603884596555
2018-10-24,6478.89013671875,6521.990234375,6468.85986328125,6495.83984375,3424670000,6507.3784375,0.0031038319400622
2018-10-25,6484.64990234375,6504.64990234375,6447.02978515625,6476.2900390625,3230550000,6501.04763671875,-0.0030095884685811
2018-10-26,6468.43994140625,6498.2900390625,6449.60986328125,6474.75,3306050000,6499.95923828125,-0.0002377964935497
2018-10-27,6480.83984375,6507.41015625,6453.52978515625,6480.3798828125,3393250000,6500.225439453125,0.0008695135429939
2018-10-28,6482.66015625,6502.27978515625,6447.91015625,6486.39013671875,3445190000,6505.433642578125,0.0009274539479067
2018-10-29,6492.35009765625,6503.60009765625,6306.990234375,6332.6298828125,4199910000,6506.06904296875,-0.0237050579236407
2018-10-30,6337.0400390625,6364.990234375,6310.14013671875,6334.27001953125,3781100000,6506.160439453125,0.0002589977227631
2018-10-31,6336.990234375,6349.16015625,6316.8798828125,6317.60986328125,4191240000,6506.0886328125,-0.0026301619916153
2018-11-01,6318.14013671875,6547.14013671875,6311.830078125,6377.77978515625,3789400000,6506.608232421875,0.0095241591641666
2018-11-02,6378.919921875,6396.85986328125,6327.3798828125,6388.43994140625,4234870000,6504.030830078125,0.0016714525444749
2018-11-03,6387.240234375,6400.06982421875,6342.3701171875,6361.259765625,3658640000,6501.001826171875,-0.0042545873531788
2018-11-04,6365.47021484375,6388.6298828125,6294.56982421875,6376.1298828125,4390020000,6497.660419921875,0.0023376057157507
2018-11-05,6363.6201171875,6480.58984375,6363.6201171875,6419.66015625,4174800000,6495.71001953125,0.0068270681804711
2018-11-06,6433.3798828125,6463.5498046875,6408.16015625,6461.009765625,4700040000,6499.3062109375,0.0064410900839888
2018-11-07,6468.5,6552.16015625,6468.31005859375,6530.14013671875,4941260000,6502.483017578125,0.0106996233718064
2018-11-08,6522.27001953125,6536.919921875,6438.52978515625,6453.72021484375,4665260000,6503.58662109375,-0.0117026465397417
2018-11-09,6442.60009765625,6456.4599609375,6373.3701171875,6385.6201171875,4346820000,6500.905625,-0.010552068479761
2018-11-10,6386.1298828125,6437.27978515625,6385.31005859375,6409.22021484375,3705320000,6494.391025390625,0.00369581923496
2018-11-11,6413.6298828125,6423.25,6350.169921875,6411.27001953125,3939060000,6488.176826171875,0.0003198212292272
2018-11-12,6411.759765625,6434.2099609375,6360.47021484375,6371.27001953125,4295770000,6481.38962890625,-0.0062390134681808
2018-11-13,6373.18994140625,6395.27001953125,6342.669921875,6359.490234375,4503800000,6476.67123046875,-0.0018488912132336
2018-11-14,6351.240234375,6371.5498046875,5544.08984375,5738.35009765625,7398940000,6462.508828125,-0.0976713720482337
2018-11-15,5736.14990234375,5774.81982421875,5358.3798828125,5648.02978515625,7032140000,6445.569423828125,-0.0157397703107884
2018-11-16,5645.31982421875,5657.02001953125,5498.93994140625,5575.5498046875,5279320000,6423.545419921875,-0.0128327900570277
2018-11-17,5578.580078125,5578.580078125,5519.56005859375,5554.330078125,4303150000,6401.749423828125,-0.0038058536477711
2018-11-18,5559.740234375,5653.60986328125,5559.740234375,5623.5400390625,4159680000,6382.181025390625,0.0124605415889982
2018-11-19,5620.77978515625,5620.77978515625,4842.91015625,4871.490234375,7039560000,6347.09962890625,-0.1337324531280254
2018-11-20,4863.93017578125,4951.60986328125,4272.10986328125,4451.8701171875,8428290000,6304.34462890625,-0.0861379366474982
2018-11-21,4465.5400390625,4675.72998046875,4343.97998046875,4602.169921875,6120120000,6265.266025390625,0.0337610488920672
2018-11-22,4611.56982421875,4629.64013671875,4365.64013671875,4365.93994140625,4569370000,6222.53302734375,-0.0513301300210371
2018-11-23,4360.7001953125,4396.419921875,4195.68017578125,4347.10986328125,4871490000,6177.94142578125,-0.0043129494170125
2018-11-24,4347.68994140625,4413.08984375,3795.159912109375,3880.760009765625,4679500000,6123.107026367187,-0.1072781383913814
2018-11-25,3880.780029296875,4120.8701171875,3585.06005859375,4009.969970703125,6825640000,6071.540224609375,0.033295014536419
2018-11-26,4015.070068359375,4107.14013671875,3643.919921875,3779.1298828125,6476900000,6015.063818359375,-0.0575665377988225
2018-11-27,3765.949951171875,3862.9599609375,3661.010009765625,3820.719970703125,5998720000,5958.433618164063,0.011005202038643
2018-11-28,3822.469970703125,4385.89990234375,3822.469970703125,4257.419921875,7280280000,5910.729213867187,0.1142978167781056
2018-11-29,4269.00439453125,4413.0205078125,4145.76513671875,4278.8466796875,6503347767,5864.595551757812,0.0050328034832569
2018-11-30,4289.0888671875,4322.9765625,3942.822021484375,4017.2685546875,6048016717,5819.816118164063,-0.0611328576557232
2018-12-01,4024.46435546875,4309.37744140625,3969.710693359375,4214.671875,5375314093,5778.617954101563,0.0491386915326241
2018-12-02,4200.7333984375,4301.51953125,4110.978515625,4139.8779296875,5262697895,5735.695708007813,-0.0177460897385991
2018-12-03,4147.32373046875,4155.9794921875,3840.4462890625,3894.130859375,5089570994,5687.759721679688,-0.0593609460197417
2018-12-04,3886.294921875,4075.627685546875,3832.75,3956.893798828125,5028069239,5634.966796875,0.0161173164743617
2018-12-05,3958.894775390625,3969.535888671875,3753.994873046875,3753.994873046875,5302481574,5578.124497070313,-0.0512773241074452
2018-12-06,3754.074462890625,3874.966064453125,3521.101806640625,3521.101806640625,5878333109,5517.6579296875,-0.0620387278838305
2018-12-07,3512.59033203125,3512.59033203125,3280.228759765625,3419.937255859375,6835615448,5456.522475585937,-0.0287309360355496
2018-12-08,3421.910400390625,3506.04345703125,3350.650634765625,3476.11474609375,5305024497,5396.736567382813,0.0164264680991226
2018-12-09,3473.2275390625,3685.3056640625,3469.09423828125,3614.234375,4947372847,5339.237456054688,0.0397339095498676
2018-12-10,3612.04638671875,3647.33251953125,3470.14453125,3502.656005859375,5020968740,5279.64357421875,-0.0308719240546277
2018-12-11,3497.5546875,3513.18505859375,3392.25,3424.588134765625,4696765188,5218.392133789062,-0.0222881924354418
2018-12-12,3421.458251953125,3534.228515625,3413.4814453125,3486.9501953125,4139364829,5158.6163330078125,0.0182100907007736
2018-12-13,3487.87939453125,3489.739501953125,3298.132080078125,3313.67724609375,4343372456,5094.973081054687,-0.0496918336980208
2018-12-14,3311.751953125,3329.555908203125,3206.542236328125,3242.48486328125,4372763663,5030.296977539063,-0.021484404643338
2018-12-15,3243.99755859375,3275.3779296875,3191.303466796875,3236.76171875,3551763561,4965.537211914063,-0.001765048958612
2018-12-16,3236.274658203125,3305.753173828125,3233.81982421875,3252.839111328125,3744248994,4900.986396484375,0.0049671226908645
2018-12-17,3253.123046875,3597.91796875,3253.123046875,3545.86474609375,5409247918,4842.175888671875,0.0900830396883611
2018-12-18,3544.761474609375,3701.349365234375,3487.169189453125,3696.05908203125,5911325473,4789.44447265625,0.042357604334164
2018-12-19,3706.824951171875,3949.322998046875,3687.22998046875,3745.95068359375,6810689119,4737.6780859375,0.0134985941661627
2018-12-20,3742.195068359375,4191.228515625,3728.974609375,4134.44140625,8927129279,4694.014716796875,0.1037095134107701
2018-12-21,4133.70361328125,4198.4296875,3850.9462890625,3896.543701171875,7206015706,4644.389995117188,-0.0575404708163228
2018-12-22,3898.083740234375,4014.1826171875,3855.739013671875,4014.1826171875,5605823233,4596.904848632813,0.0301905804316386
2018-12-23,4020.99462890625,4085.7236328125,3976.40576171875,3998.980224609375,6151275490,4549.6592578125,-0.0037871701484214
2018-12-24,4000.331787109375,4271.79248046875,4000.331787109375,4078.59912109375,7240968501,4503.708642578125,0.0199098000021122
2018-12-25,4081.030517578125,4089.5615234375,3760.0205078125,3815.49072265625,6158207293,4451.62525390625,-0.0645095020681862
2018-12-26,3819.666748046875,3893.359619140625,3769.86376953125,3857.297607421875,5326547918,4399.551010742188,0.0109571449138579
2018-12-27,3854.6884765625,3874.4169921875,3645.448486328125,3654.83349609375,5130222366,4342.044877929688,-0.0524885896640594
2018-12-28,3653.1318359375,3956.135986328125,3642.632080078125,3923.918701171875,5631554348,4291.44884765625,0.0736244771111243
2018-12-29,3932.49169921875,3963.7587890625,3820.40869140625,3820.40869140625,4991655917,4240.144619140625,-0.0263792442322293
2018-12-30,3822.384765625,3901.908935546875,3797.21923828125,3865.95263671875,4770578575,4189.279267578125,0.0119212233536554
2018-12-31,3866.839111328125,3868.742919921875,3725.867431640625,3742.700439453125,4661840806,4135.9078759765625,-0.0318814555809551
2019-01-01,3746.71337890625,3850.913818359375,3707.231201171875,3843.52001953125,4324200990,4085.352875976562,0.0269376568360508
2019-01-02,3849.21630859375,3947.981201171875,3817.409423828125,3943.409423828125,5244856836,4037.031259765625,0.0259890422813662
2019-01-03,3931.048583984375,3935.68505859375,3826.222900390625,3836.7412109375,4530215219,3998.99908203125,-0.0270497433632126
2019-01-04,3832.0400390625,3865.9345703125,3783.853759765625,3857.717529296875,4847965467,3963.1928369140624,0.0054672226262164
2019-01-05,3851.973876953125,3904.903076171875,3836.900146484375,3845.194580078125,5137609824,3928.585732421875,-0.0032462068888264
2019-01-06,3836.51904296875,4093.29736328125,3826.51318359375,4076.632568359375,5597027440,3899.0317822265615,0.0601888886144605
2019-01-07,4078.5849609375,4092.613525390625,4020.89404296875,4025.248291015625,5228625637,3867.065947265625,-0.0126045888321079
2019-01-08,4028.47216796875,4109.02099609375,3996.955322265625,4030.847900390625,5306593305,3850.253100585937,0.0013911214837352
2019-01-09,4031.552001953125,4068.403564453125,4022.662841796875,4035.29638671875,5115905225,3841.9216259765626,0.0011036105648376
2019-01-10,4034.411376953125,4064.066650390625,3659.174560546875,3678.924560546875,6874143796,3823.45671875,-0.0883136681966635
2019-01-11,3674.015380859375,3713.8818359375,3653.06982421875,3687.365478515625,5538712865,3809.885229492188,0.0022943982214995
2019-01-12,3686.97314453125,3698.978271484375,3653.810791015625,3661.301025390625,4778170883,3796.169052734375,-0.0070685841359811
2019-01-13,3658.8681640625,3674.760009765625,3544.92724609375,3552.953125,4681302466,3789.612915039064,-0.0295927321023994
2019-01-14,3557.31103515625,3727.836181640625,3552.28515625,3706.05224609375,5651384490,3783.534560546875,0.0430906673146018
2019-01-15,3704.21630859375,3720.1533203125,3619.94921875,3630.67529296875,5537192302,3780.56546875,-0.0203388803286431
2019-01-16,3631.509765625,3685.777099609375,3624.67333984375,3655.0068359375,5394457145,3777.251206054688,0.0067016576822143
2019-01-17,3651.87109375,3680.135986328125,3621.9609375,3678.56396484375,5464420383,3765.674086914063,0.006445166852939
2019-01-18,3677.990478515625,3682.52001953125,3637.080810546875,3657.83935546875,5002961727,3753.253940429688,-0.0056338858242146
2019-01-19,3652.3779296875,3758.533447265625,3652.3779296875,3728.568359375,5955691380,3747.4799365234376,0.0193362794351548
2019-01-20,3725.446044921875,3743.387939453125,3583.01953125,3601.013671875,5582489560,3735.2067724609374,-0.0342100976046959
2019-01-21,3600.372802734375,3608.8408203125,3558.537109375,3576.032470703125,5004347059,3723.92986328125,-0.0069372691825597
2019-01-22,3575.081298828125,3620.74658203125,3539.721435546875,3604.5771484375,5313623556,3718.1387890625,0.0079822199513648
2019-01-23,3605.55712890625,3623.06787109375,3565.31396484375,3585.123046875,5433755649,3710.703374023437,-0.0053970551222445
2019-01-24,3584.500244140625,3616.08740234375,3569.0927734375,3600.865478515625,5262869046,3707.640786132813,0.0043910436084884
2019-01-25,3607.390380859375,3612.927734375,3575.597412109375,3599.765869140625,5265847539,3709.2140673828126,-0.0003053736335224
2019-01-26,3599.71533203125,3654.93310546875,3593.345947265625,3602.46044921875,5098183235,3712.86453125,0.00074854314866
2019-01-27,3604.687255859375,3612.67138671875,3567.245849609375,3583.9658203125,5570752966,3715.021552734375,-0.0051338881208983
2019-01-28,3584.283203125,3586.7509765625,3439.23291015625,3470.450439453125,6908930483,3712.1458740234375,-0.0316731203785524
2019-01-29,3468.8701171875,3476.0654296875,3400.81982421875,3448.116943359375,5897159493,3711.0550927734375,-0.0064353306532939
2019-01-30,3443.89697265625,3495.1748046875,3429.387939453125,3486.181640625,5955112627,3712.286962890625,0.0110392709675732
2019-01-31,3485.4091796875,3504.804931640625,3447.915771484375,3457.792724609375,5831198271,3711.7038134765626,-0.0081432693250416
2019-02-01,3460.547119140625,3501.9541015625,3431.591552734375,3487.9453125,5422926707,3715.189174804688,0.008720183739189
2019-02-02,3484.6259765625,3523.287353515625,3467.57470703125,3521.060791015625,5071623601,3720.760693359375,0.009494265405179
2019-02-03,3516.1396484375,3521.38818359375,3447.92431640625,3464.013427734375,5043937584,3725.3057275390624,-0.0162017547174455
2019-02-04,3467.211669921875,3476.223876953125,3442.5869140625,3459.154052734375,5332718886,3729.432026367188,-0.0014028164443861
2019-02-05,3454.950927734375,3478.148193359375,3451.93701171875,3466.357421875,5227549545,3727.841879882813,0.0020824077305636
2019-02-06,3469.091796875,3469.091796875,3398.5654296875,3413.767822265625,5482196038,3722.1960546875,-0.0151714301812906
2019-02-07,3414.929443359375,3427.945556640625,3394.218505859375,3399.4716796875,5004962683,3715.266474609375,-0.0041877899501193
2019-02-08,3401.37646484375,3695.614013671875,3391.023681640625,3666.7802734375,7735623101,3705.913251953125,0.0786323931883947
2019-02-09,3671.5859375,3679.94140625,3646.559326171875,3671.20361328125,6158833645,3701.4064501953126,0.0012063280354683
2019-02-10,3673.201416015625,3695.0361328125,3640.97998046875,3690.188232421875,6282256903,3694.9265625,0.005171224791767
2019-02-11,3695.613037109375,3695.613037109375,3642.287841796875,3648.4306640625,6277056434,3687.9155712890624,-0.011315836951756
2019-02-12,3642.751953125,3668.5869140625,3618.556884765625,3653.528564453125,6480384532,3679.41416015625,0.001397285808619
2019-02-13,3653.60400390625,3669.74658203125,3617.246337890625,3632.070556640625,6438903823,3675.745756835937,-0.005873228423961
2019-02-14,3631.170166015625,3646.256591796875,3607.69775390625,3616.880859375,6271044418,3670.937421875,-0.0041821041273146
2019-02-15,3617.368408203125,3647.795166015625,3608.20654296875,3620.810791015625,6091952231,3670.256967773437,0.0010865526937218
2019-02-16,3615.270263671875,3652.84130859375,3615.270263671875,3629.78759765625,5934744052,3664.374345703125,0.0024792255543701
2019-02-17,3633.359375,3680.537353515625,3619.18212890625,3673.836181640625,7039512503,3661.442895507813,0.0121353062126325
2019-02-18,3671.369873046875,3936.6650390625,3669.982421875,3915.71435546875,9908216640,3662.438129882813,0.0658380400946754
2019-02-19,3911.66162109375,4010.87939453125,3908.153076171875,3947.094482421875,9933626655,3666.5260107421873,0.0080138958321356
2019-02-20,3946.68505859375,4000.486328125,3926.246826171875,3999.820556640625,8693373948,3669.652021484375,0.0133581991648696
2019-02-21,4000.2568359375,4010.009521484375,3940.108154296875,3954.1181640625,7775128102,3669.8661962890624,-0.0114261107294547
2019-02-22,3952.406494140625,4006.538330078125,3950.81640625,4005.526611328125,7826525254,3673.241904296875,0.0130012420298555
2019-02-23,3998.916259765625,4166.2861328125,3968.726806640625,4142.52685546875,8922258316,3678.938090820313,0.0342028046332711
2019-02-24,4145.4580078125,4210.6416015625,3793.708984375,3810.427490234375,10794227451,3678.2427490234377,-0.0801683071277992
2019-02-25,3807.00244140625,3913.707275390625,3807.00244140625,3882.6962890625,9318796067,3674.3640234375,0.0189660606358053
2019-02-26,3878.697265625,3891.578857421875,3837.986328125,3854.35791015625,7931218996,3670.946215820312,-0.0072986339379875
2019-02-27,3857.479736328125,3888.802490234375,3787.058837890625,3851.04736328125,8301309684,3667.350205078125,-0.0008589100836423
2019-02-28,3848.261962890625,3906.058349609375,3845.8212890625,3854.785400390625,8399767798,3663.7399853515626,0.0009706546704713
2019-03-01,3853.757080078125,3907.79541015625,3851.6923828125,3859.583740234375,7661247975,3667.353168945313,0.0012447748305945
2019-03-02,3855.318115234375,3874.607421875,3832.1279296875,3864.4150390625,7578786076,3670.89416015625,0.0012517668104363
2019-03-03,3862.26611328125,3875.483642578125,3836.90576171875,3847.17578125,7253558152,3674.6116552734375,-0.0044610264783262
2019-03-04,3845.091552734375,3867.3818359375,3733.749755859375,3761.55712890625,9029175788,3678.7837353515615,-0.0222549364032259
2019-03-05,3759.83251953125,3903.916748046875,3745.18310546875,3896.375,10174126415,3682.590190429688,0.0358409739566951
2019-03-06,3897.0810546875,3919.510498046875,3871.460693359375,3903.942626953125,9175291529,3688.055537109375,0.001942222438324
2019-03-07,3903.384765625,3939.373291015625,3894.113037109375,3911.484375,9584165519,3693.185087890625,0.0019318286070102
2019-03-08,3913.225830078125,3950.43212890625,3875.228515625,3901.131591796875,10638638944,3697.636440429688,-0.0026467658337827
2019-03-09,3894.552490234375,3987.23779296875,3892.390380859375,3963.313720703125,10796103518,3703.745927734375,0.0159395107401667
2019-03-10,3966.17431640625,3966.17431640625,3924.381103515625,3951.599853515625,9713267607,3708.206557617188,-0.0029555740506511
2019-03-11,3953.740234375,3966.384765625,3889.239013671875,3905.227294921875,10125901903,3714.290830078125,-0.0117351352142838
2019-03-12,3903.75830078125,3926.88916015625,3863.55908203125,3909.15625,9809887079,3720.953305664063,0.0010060759032475
2019-03-13,3913.04736328125,3926.59765625,3891.904296875,3906.71728515625,9469184841,3726.9961083984376,-0.000623910810357
2019-03-14,3905.576904296875,3946.50439453125,3901.296875,3924.369140625,10480789570,3733.781030273437,0.0045183344942361
2019-03-15,3926.663330078125,3968.54296875,3914.015380859375,3960.9111328125,9394210605,3740.981943359375,0.0093115583366554
2019-03-16,3963.900146484375,4077.036376953125,3961.657470703125,4048.725830078125,9856166973,3749.961142578125,0.0221703275638176
2019-03-17,4047.719482421875,4054.1220703125,4006.4111328125,4025.22900390625,8221625400,3758.416513671875,-0.0058035113164038
2019-03-18,4029.968505859375,4071.556640625,4009.1171875,4032.50732421875,9646954186,3767.38734375,0.0018081754616785
2019-03-19,4032.69189453125,4082.216064453125,4023.8125,4071.190185546875,9344919956,3779.402138671875,0.0095927566196347
2019-03-20,4070.7939453125,4089.4619140625,4031.11083984375,4087.476318359375,10175916388,3792.189326171875,0.0040003370194585
2019-03-21,4083.953857421875,4097.35986328125,4005.1513671875,4029.326904296875,10831212662,3803.052231445312,-0.0142262387677489
2019-03-22,4028.5146484375,4053.90673828125,4021.54248046875,4023.96826171875,9252935969,3814.3757421875,-0.0013299101079167
2019-03-23,4022.71337890625,4049.882568359375,4015.964599609375,4035.826416015625,9578850549,3825.3333642578127,0.0029468806724162
2019-03-24,4035.16357421875,4040.69970703125,4006.19287109375,4022.168212890625,9144851065,3835.355512695312,-0.0033842394882989
2019-03-25,4024.11279296875,4038.8408203125,3934.03125,3963.070556640625,10359818883,3845.336655273437,-0.0146929847589661
2019-03-26,3969.228759765625,3985.080810546875,3944.753173828125,3985.080810546875,10707678815,3855.855190429688,0.0055538385178051
2019-03-27,3984.244873046875,4087.066162109375,3977.810546875,4087.066162109375,10897131934,3868.269365234375,0.0255917900817936
2019-03-28,4087.58447265625,4094.902099609375,4040.266357421875,4069.107177734375,9353915899,3881.37615234375,-0.004394101700994
2019-03-29,4068.2998046875,4113.5009765625,4034.09716796875,4098.37451171875,10918665557,3895.354208984375,0.0071925689607101
2019-03-30,4092.13623046875,4296.806640625,4053.90966796875,4106.66015625,9732688060,3904.151806640625,0.0020216904305738
2019-03-31,4105.4560546875,4113.0234375,4094.100830078125,4105.404296875,9045122443,3912.8358203125,-0.0003058103975535
2019-04-01,4105.3623046875,4164.953125,4096.9013671875,4158.18310546875,10157794171,3922.1957177734375,0.0128559344651937
2019-04-02,4156.91943359375,4905.95458984375,4155.31689453125,4879.8779296875,21315047816,3946.8246630859376,0.1735601357404375
2019-04-03,4879.9580078125,5307.00341796875,4876.62109375,4973.02197265625,22899891582,3973.21453125,0.0190873715102777
2019-04-04,4971.3076171875,5063.15966796875,4836.7939453125,4922.798828125,18251810240,3999.029096679688,-0.010099119772122
2019-04-05,4922.80615234375,5053.509765625,4919.49169921875,5036.68115234375,16837325387,4027.425102539063,0.0231336538816324
2019-04-06,5036.79296875,5205.82177734375,4992.22216796875,5059.8173828125,16929795194,4056.205234375,0.0045935467759328
2019-04-07,5062.7939453125,5235.1865234375,5050.412109375,5198.89697265625,16655416140,4087.587421875,0.0274870769676756
2019-04-08,5199.83544921875,5318.83642578125,5148.2119140625,5289.77099609375,17154113634,4119.906118164063,0.0174794814968357
2019-04-09,5289.91796875,5289.91796875,5167.4189453125,5204.95849609375,14722104361,4145.6910009765625,-0.0160333027767421
2019-04-10,5204.10546875,5421.6513671875,5193.38232421875,5324.5517578125,15504590933,4173.240146484375,0.0229767944948078
2019-04-11,5325.08154296875,5354.2255859375,5017.29638671875,5064.48779296875,16555616019,4194.533491210937,-0.0488424146618855
2019-04-12,5061.20068359375,5103.2744140625,4955.8525390625,5089.5390625,13675206312,4217.241909179687,0.0049464566912431
2019-04-13,5088.85009765625,5127.1220703125,5061.58935546875,5096.58642578125,10823289598,4239.06310546875,0.0013846761356397
2019-04-14,5095.7587890625,5184.01611328125,5053.568359375,5167.72216796875,10391952498,4259.56701171875,0.0139575269101015
2019-04-15,5167.32177734375,5196.60693359375,5024.0693359375,5067.1083984375,12290155061,4284.700629882813,-0.0194696553454223
2019-04-16,5066.57763671875,5238.9453125,5055.19482421875,5235.5595703125,11618660197,4311.7578955078125,0.0332440434720013
2019-04-17,5236.13525390625,5274.275390625,5219.20556640625,5251.93798828125,12438480677,4339.709497070313,0.0031283032403301
2019-04-18,5251.48046875,5319.986328125,5250.5068359375,5298.3857421875,13256489918,4368.656264648437,0.0088439265676574
2019-04-19,5298.154296875,5336.68017578125,5233.3349609375,5303.8125,13780238655,4397.636806640625,0.0010242285247921
2019-04-20,5304.16064453125,5358.49072265625,5295.8779296875,5337.88623046875,13169647522,4427.202856445312,0.0064243844345459
2019-04-21,5335.87890625,5359.9248046875,5257.33935546875,5314.53125,13731844223,4456.205180664063,-0.004375323763073
2019-04-22,5312.49462890625,5422.6875,5280.27685546875,5399.365234375,14601631648,4487.248969726563,0.0159626466351101
2019-04-23,5399.36572265625,5633.80224609375,5389.40869140625,5572.3623046875,15867308108,4523.465073242188,0.0320402608090144
2019-04-24,5571.50830078125,5642.04443359375,5418.26318359375,5464.86669921875,17048033399,4554.834907226563,-0.0192908500185503
2019-04-25,5466.5244140625,5542.23828125,5181.3388671875,5210.515625,15330283408,4580.9663671875,-0.046542960371771
2019-04-26,5210.3046875,5383.63427734375,5177.36865234375,5279.34814453125,16812108040,4608.323642578125,0.0132103086306838
2019-04-27,5279.47119140625,5310.75,5233.6357421875,5268.291015625,13111274675,4635.666831054688,-0.0020944117727306
2019-04-28,5271.74658203125,5326.23193359375,5255.68359375,5285.13916015625,12819992056,4662.10333984375,0.00319802844628
2019-04-29,5284.8583984375,5311.27490234375,5216.48779296875,5247.3525390625,13735490672,4688.018393554688,-0.0071495981370967
2019-04-30,5247.72607421875,5363.25732421875,5224.18994140625,5350.7265625,13878964574,4716.92837890625,0.0197002245738131
2019-05-01,5350.91455078125,5418.00390625,5347.64599609375,5402.697265625,13679528236,4746.79919921875,0.009712831055362
2019-05-02,5402.4228515625,5522.2626953125,5394.21728515625,5505.28369140625,14644460907,4778.77052734375,0.0189880018697257
2019-05-03,5505.55224609375,5865.8818359375,5490.20166015625,5768.28955078125,18720780006,4815.648935546875,0.0477733526767298
2019-05-04,5769.20263671875,5886.8935546875,5645.46923828125,5831.16748046875,17567780766,4853.0540625,0.0109006195222955
2019-05-05,5831.068359375,5833.86279296875,5708.03515625,5795.70849609375,14808830723,4887.993715820313,-0.0060809408225314
2019-05-06,5791.693359375,5802.95751953125,5653.6875,5746.80712890625,15737171804,4922.425278320313,-0.0084375132428518
2019-05-07,5745.59912109375,5988.17822265625,5741.39599609375,5829.50146484375,18026409033,4958.365161132812,0.0143896139338921
2019-05-08,5849.4814453125,5989.98095703125,5794.7158203125,5982.45751953125,15320605300,4996.5905078125,0.0262382736516904
2019-05-09,5982.31640625,6183.0390625,5982.31640625,6174.52880859375,16784645411,5038.331557617187,0.0321057505942055
2019-05-10,6175.82275390625,6434.61767578125,6161.51904296875,6378.84912109375,19419875368,5085.322001953125,0.0330908347557834
2019-05-11,6379.6669921875,7333.0029296875,6375.69873046875,7204.771484375,28867562329,5148.93806640625,0.129478272271728
2019-05-12,7203.50732421875,7503.8720703125,6815.77099609375,6972.37158203125,27773333680,5207.668969726563,-0.0322563877074736
2019-05-13,6971.17822265625,8047.4130859375,6898.2822265625,7814.9150390625,28677672181,5283.52390625,0.1208402976115901
2019-05-14,7807.88427734375,8268.712890625,7696.39111328125,7994.416015625,32031452227,5364.150815429687,0.0229690247002396
2019-05-15,7989.37451171875,8216.423828125,7899.10693359375,8205.16796875,28344112920,5448.55255859375,0.0263623950408744
2019-05-16,8194.5009765625,8320.82421875,7729.6083984375,7884.9091796875,33167197581,5524.509418945312,-0.0390313507635955
2019-05-17,7886.92578125,7929.1455078125,7038.12451171875,7343.8955078125,30066644905,5590.005185546875,-0.0686138114651615
2019-05-18,7341.66455078125,7447.27197265625,7251.50439453125,7271.2080078125,21354286562,5653.46185546875,-0.0098976762295533
2019-05-19,7267.962890625,8261.94140625,7267.962890625,8197.689453125,25902422040,5735.28244140625,0.1274178161753931
2019-05-20,8196.923828125,8200.9677734375,7678.78173828125,7978.30908203125,23843404340,5812.740537109375,-0.0267612444150493
2019-05-21,7977.96923828125,8062.16796875,7843.33984375,7963.32763671875,25127245056,5888.843427734375,-0.0018777719888342
2019-05-22,7956.2919921875,7997.6123046875,7615.9873046875,7680.06640625,24719473175,5944.847197265625,-0.0355707115656823
2019-05-23,7677.26904296875,7943.79150390625,7533.19677734375,7881.8466796875,24457107820,6003.02369140625,0.0262732459283545
2019-05-24,7881.6953125,8140.7197265625,7824.44873046875,7987.37158203125,25919126991,6064.315146484375,0.0133883475068985
2019-05-25,7991.88525390625,8117.92578125,7965.97607421875,8052.5439453125,22256813107,6124.63240234375,0.0081594254895895
2019-05-26,8055.2060546875,8687.5205078125,7924.67041015625,8673.2158203125,26677970091,6196.90037109375,0.077077738316635
2019-05-27,8674.072265625,8907.1748046875,8668.705078125,8805.7783203125,27949839564,6269.037998046875,0.0152841232994043
2019-05-28,8802.7578125,8807.0166015625,8634.7216796875,8719.9619140625,24226919267,6337.64181640625,-0.0097454652080037
2019-05-29,8718.591796875,8755.8525390625,8482.728515625,8659.4873046875,23473479966,6406.732392578125,-0.0069351919160878
2019-05-30,8661.7607421875,9008.314453125,8221.2734375,8319.47265625,29246528551,6466.630810546875,-0.0392649860752662
2019-05-31,8320.2861328125,8586.6591796875,8172.55078125,8574.501953125,25365190957,6536.83109375,0.0306545026845432
2019-06-01,8573.83984375,8625.6005859375,8481.578125,8564.0166015625,22488303544,6606.32064453125,-0.0012228525481504
2019-06-02,8565.4736328125,8809.3037109375,8561.2353515625,8742.9580078125,20266216022,6679.248076171875,0.0208945655496921
2019-06-03,8741.7470703125,8743.5,8204.185546875,8208.9951171875,22004511436,6740.07353515625,-0.0610734822411206
2019-06-04,8210.9853515625,8210.9853515625,7564.48876953125,7707.77099609375,24609731549,6792.886787109375,-0.0610579143900715
2019-06-05,7704.34326171875,7901.84912109375,7668.66845703125,7824.2314453125,21760923463,6844.660224609375,0.0151094848663473
2019-06-06,7819.63330078125,7937.3408203125,7571.47119140625,7822.0234375,19474611077,6896.06193359375,-0.0002822012395636
2019-06-07,7826.9013671875,8126.1533203125,7788.37353515625,8043.951171875,19141423231,6950.9732421875,0.0283721643316796
2019-06-08,8036.77490234375,8076.89111328125,7837.61083984375,7954.1279296875,16522722810,7003.97955078125,-0.0111665573631972
2019-06-09,7949.6748046875,7975.97412109375,7583.2197265625,7688.0771484375,16610726547,7050.983369140625,-0.0334481395825944
2019-06-10,7692.28466796875,8031.90966796875,7586.73095703125,8000.32958984375,18689275117,7104.6993359375,0.0406151545279056
2019-06-11,8004.24365234375,8026.39404296875,7772.8037109375,7927.71435546875,17107279932,7155.266318359375,-0.0090765303553472
2019-06-12,7925.43408203125,8196.6484375,7862.35986328125,8145.857421875,19034432883,7206.736220703125,0.0275165144233242
2019-06-13,8145.54541015625,8311.5673828125,8087.06103515625,8230.923828125,18669407147,7262.05736328125,0.0104429039012592
2019-06-14,8230.8984375,8710.63671875,8183.39306640625,8693.8330078125,19831162906,7331.7237109375,0.0562402458525668
2019-06-15,8689.74609375,8859.1279296875,8618.3955078125,8838.375,18371033226,7402.904248046875,0.0166258072886391
2019-06-16,8841.4404296875,9335.8671875,8814.556640625,8994.48828125,23348550311,7477.428193359375,0.0176631203416917
2019-06-17,8988.923828125,9416.4072265625,8988.923828125,9320.3525390625,15562951919,7558.1324609375,0.036229327074871
2019-06-18,9335.466796875,9348.3740234375,9004.9013671875,9081.7626953125,15848210536,7634.8206640625,-0.0255988003404428
2019-06-19,9078.7275390625,9299.62109375,9070.3955078125,9273.521484375,15546809946,7713.2765625,0.021114710381221
2019-06-20,9273.060546875,9594.419921875,9232.484375,9527.16015625,17846823784,7795.7658203125,0.0273508474965369
2019-06-21,9525.07421875,10144.556640625,9525.07421875,10144.556640625,20624008643,7888.551279296875,0.0648038318081569
2019-06-22,10175.923828125,11157.345703125,10107.03515625,10701.69140625,29995204861,7987.21931640625,0.0549195775982847
2019-06-23,10696.69140625,11246.14453125,10556.095703125,10855.37109375,20998326502,8087.703388671875,0.0143603176045843
2019-06-24,10853.744140625,11065.896484375,10610.427734375,11011.1025390625,19271652365,8192.01126953125,0.0143460268624222
2019-06-25,11007.2021484375,11790.9169921875,11007.2021484375,11790.9169921875,24879684533,8312.893466796875,0.0708207420972208
2019-06-26,11778.5810546875,13796.4892578125,11755.59765625,13016.2314453125,45105733173,8456.62806640625,0.103920200094435
2019-06-27,13017.125,13311.14453125,10491.8525390625,11182.806640625,39977475223,8560.635048828124,-0.140856807317126
2019-06-28,11162.16796875,12445.1748046875,10914.4951171875,12407.33203125,35087757766,8685.29111328125,0.1095007210601795
2019-06-29,12400.763671875,12400.91015625,11508.37890625,11959.37109375,29923961128,8796.901552734374,-0.0361045337040818
2019-06-30,11931.9912109375,12178.3837890625,10799.0087890625,10817.1552734375,27256473494,8869.149228515626,-0.0955080172158404
2019-07-01,10796.9306640625,11206.439453125,10089.314453125,10583.134765625,29378589324,8941.3644921875,-0.0216342006652302
2019-07-02,10588.68359375,10912.1884765625,9737.884765625,10801.677734375,31015895223,9001.09974609375,0.0206501167744597
2019-07-03,10818.15625,11968.078125,10818.15625,11961.26953125,30796494294,9080.43681640625,0.1073529339969792
2019-07-04,11972.71875,12006.0751953125,11166.5693359375,11215.4375,25920294033,9140.64220703125,-0.0623539189800413
2019-07-05,11203.1025390625,11395.6611328125,10874.96484375,10978.4599609375,23838480210,9202.51322265625,-0.021129584919224
2019-07-06,10982.5439453125,11620.96484375,10982.5439453125,11208.55078125,21092024306,9279.806328125,0.0209583877093131
2019-07-07,11217.6162109375,11541.6201171875,11148.8046875,11450.8466796875,19369044277,9363.3991015625,0.0216170585445194
2019-07-08,11446.5966796875,12345.8330078125,11393.3740234375,12285.9580078125,23482551458,9445.16447265625,0.0729300942965547
2019-07-09,12284.326171875,12779.1318359375,12233.26171875,12573.8125,28167921523,9537.074541015623,0.0234295520141332
2019-07-10,12571.537109375,13129.529296875,11710.978515625,12156.5126953125,33627574244,9620.9382421875,-0.0331880091807874
2019-07-11,12139.7138671875,12144.623046875,11158.9228515625,11358.662109375,28595327690,9694.51015625,-0.0656315347941147
2019-07-12,11354.2998046875,11905.4873046875,11179.14453125,11815.986328125,23534692797,9773.19294921875,0.0402621553794211
2019-07-13,11813.126953125,11841.95703125,10908.4794921875,11392.37890625,21042616384,9841.293095703126,-0.035850364930324
2019-07-14,11381.0205078125,11451.2041015625,10234.576171875,10256.05859375,22486000001,9885.363388671874,-0.0997439008876891
2019-07-15,10257.8388671875,11052.7666015625,9992.0068359375,10895.08984375,25384047207,9929.800869140625,0.0623076832253497
2019-07-16,10896.6533203125,10996.6328125,9448.1064453125,9477.6416015625,24151199070,9943.238134765625,-0.130099729558506
2019-07-17,9471.2138671875,9963.134765625,9163.134765625,9693.802734375,24569921549,9962.714951171874,0.0228074812173593
2019-07-18,9698.5029296875,10736.8427734375,9376.798828125,10666.482421875,25187024648,10002.854853515624,0.1003403632354513
2019-07-19,10653.9560546875,10716.98046875,10229.62890625,10530.732421875,20727426310,10047.080048828126,-0.0127267823290648
2019-07-20,10525.8193359375,11048.662109375,10451.2763671875,10767.1396484375,20206615155,10090.932802734374,0.0224492672581275
2019-07-21,10777.529296875,10841.8876953125,10389.599609375,10599.10546875,17130580467,10131.634580078126,-0.0156062041706577
2019-07-22,10596.9482421875,10651.791015625,10154.921875,10343.1064453125,16334414913,10163.637548828125,-0.0241528895237694
2019-07-23,10346.748046875,10346.748046875,9883.5947265625,9900.767578125,17851916995,10197.472998046876,-0.0427665391946119
2019-07-24,9887.73046875,9908.796875,9614.306640625,9811.92578125,17398734322,10239.55609375,-0.0089732231540602
2019-07-25,9809.0966796875,10154.25390625,9773.95703125,9911.841796875,15821952090,10281.30830078125,0.01018311979244
2019-07-26,9913.126953125,9916.517578125,9717.982421875,9870.3037109375,14495714483,10322.27390625,-0.0041907535237897
2019-07-27,9871.1650390625,10167.3203125,9411.521484375,9477.677734375,16817809536,10350.9484375,-0.0397785101716193
2019-07-28,9491.626953125,9575.544921875,9252.296875,9552.8603515625,13738687093,10382.9230859375,0.0079325990284324
2019-07-29,9548.1787109375,9681.6484375,9472.9482421875,9519.1455078125,13791445323,10419.544453125,-0.0035292930608459
2019-07-30,9522.3291015625,9701.759765625,9437.3359375,9607.423828125,13829811132,10451.686337890626,0.0092737651966816
2019-07-31,9604.05078125,10085.6279296875,9598.09765625,10085.6279296875,16631520648,10494.844609375,0.049774435906803
2019-08-01,10077.4423828125,10446.919921875,9922.01953125,10399.6689453125,17165337858,10539.92083984375,0.0311374777866439
2019-08-02,10402.04296875,10657.953125,10371.013671875,10518.1748046875,17489094082,10585.665859375,0.0113951569033756
2019-08-03,10519.2783203125,10946.78125,10503.5048828125,10821.7265625,15352685061,10628.22373046875,0.0288597369267165
2019-08-04,10821.6328125,11009.20703125,10620.2783203125,10970.1845703125,16530894787,10670.859921875,0.013718514042569
2019-08-05,10960.7353515625,11895.091796875,10960.7353515625,11805.6533203125,23875988832,10727.08322265625,0.0761581306718344
2019-08-06,11811.544921875,12273.8212890625,11290.7314453125,11478.1689453125,23635107660,10770.23955078125,-0.0277396232224216
2019-08-07,11476.193359375,12036.990234375,11433.701171875,11941.96875,22194988641,10827.443671875,0.0404071247685291
2019-08-08,11954.0400390625,11979.419921875,11556.16796875,11966.4072265625,19481591730,10881.30138671875,0.0020464361508649
2019-08-09,11953.4697265625,11970.4580078125,11709.7451171875,11862.9365234375,18339989960,10928.0169140625,-0.0086467643266661
2019-08-10,11861.556640625,11915.6552734375,11323.8984375,11354.0244140625,18125355447,10952.20626953125,-0.0428993368016044
2019-08-11,11349.740234375,11523.5791015625,11248.294921875,11523.5791015625,15774371518,10968.6440234375,0.0149334439769213
2019-08-12,11528.189453125,11528.189453125,11320.951171875,11382.6162109375,13647198229,10979.18892578125,-0.0122325615490318
2019-08-13,11385.052734375,11420.0498046875,10830.3271484375,10895.830078125,16681503537,10976.8834765625,-0.0427657511938907
2019-08-14,10889.4873046875,10889.556640625,10028.1357421875,10051.7041015625,19990838300,10942.09921875,-0.0774723881071904
2019-08-15,10038.421875,10437.4111328125,9675.31640625,10311.5458984375,22899115082,10888.0055078125,0.0258505218865932
2019-08-16,10319.419921875,10524.349609375,9855.478515625,10374.3388671875,20228207096,10871.83615234375,0.0060895785528642
2019-08-17,10358.72265625,10452.625,10086.6982421875,10231.744140625,13778035685,10828.32439453125,-0.0137449459081683
2019-08-18,10233.005859375,10487.0703125,10119.0947265625,10345.810546875,12999813869,10796.05318359375,0.0111482856375484
2019-08-19,10350.283203125,10916.0537109375,10313.2041015625,10916.0537109375,16038264603,10798.03115234375,0.0551182685473343
2019-08-20,10916.3466796875,10947.0419921875,10618.9609375,10763.232421875,15053082175,10801.63310546875,-0.013999682770833
2019-08-21,10764.572265625,10798.7294921875,9962.7216796875,10138.0498046875,19473084768,10788.360546875,-0.0580850243386819
2019-08-22,10142.521484375,10232.99609375,9831.462890625,10131.0556640625,17097508856,10751.75626953125,-0.0006898901425563
2019-08-23,10136.3095703125,10442.443359375,10078.1923828125,10407.96484375,15627023886,10735.60681640625,0.0273327073574147
2019-08-24,10407.64453125,10418.0205078125,9982.296875,10159.9609375,15451030650,10719.2368359375,-0.0238282805498643
2019-08-25,10160.7373046875,10304.6220703125,10008.7890625,10138.517578125,14153856610,10697.836171875,-0.002110574982218
2019-08-26,10126.2998046875,10512.328125,10126.2998046875,10370.8203125,18438654080,10676.23564453125,0.0229128896394301
2019-08-27,10372.826171875,10381.328125,10087.30078125,10185.5,14762609503,10634.226484375,-0.017869397686568
2019-08-28,10203.4267578125,10279.3662109375,9716.65625,9754.4228515625,17603790323,10577.83869140625,-0.0423226300562074
2019-08-29,9756.7861328125,9756.7861328125,9421.6298828125,9510.2001953125,17045878501,10524.91244140625,-0.0250371200804442
2019-08-30,9514.8447265625,9656.1240234375,9428.302734375,9598.173828125,13595263986,10489.70267578125,0.0092504501488688
2019-08-31,9597.5390625,9673.220703125,9531.7998046875,9630.6640625,11454806419,10445.99623046875,0.0033850433381186
2019-09-01,9630.5927734375,9796.755859375,9582.9443359375,9757.970703125,11445355859,10413.30806640625,0.0132188849905696
2019-09-02,9757.4736328125,10396.591796875,9730.650390625,10346.7607421875,17248102294,10415.122109375,0.0603393940170304
2019-09-03,10345.7255859375,10736.1044921875,10308.5478515625,10623.5400390625,19384917989,10409.69111328125,0.0267503331498204
2019-09-04,10621.1806640625,10762.64453125,10434.7099609375,10594.4931640625,16742664769,10432.02814453125,-0.0027341992305008
2019-09-05,10588.18359375,10627.26953125,10516.41796875,10575.533203125,14551239508,10449.66275390625,-0.0017896052830365
2019-09-06,10578.1982421875,10898.76171875,10292.2998046875,10353.302734375,19536574783,10443.39916015625,-0.0210136420057129
2019-09-07,10353.931640625,10558.673828125,10348.9189453125,10517.2548828125,15307366476,10443.129609375,0.0158357340303734
2019-09-08,10518.1142578125,10595.6376953125,10409.0908203125,10441.2763671875,13670567493,10436.61234375,-0.0072241774561502
2019-09-09,10443.228515625,10450.3115234375,10144.9296875,10334.974609375,17595943368,10431.3297265625,-0.0101809160177543
2019-09-10,10336.408203125,10394.353515625,10020.5732421875,10115.9755859375,14906809639,10426.787109375,-0.0211900881922673
2019-09-11,10123.03515625,10215.9482421875,9980.7763671875,10178.3720703125,15428063426,10432.33919921875,0.0061681133811493
2019-09-12,10176.8193359375,10442.25390625,10099.2421875,10410.126953125,15323563925,10444.30322265625,0.0227693467296665
2019-09-13,10415.3623046875,10441.4892578125,10226.5966796875,10360.546875,14109864675,10453.27732421875,-0.004762677568511
2019-09-14,10345.4033203125,10422.1337890625,10291.6943359375,10358.048828125,13468713124,10463.0322265625,-0.0002411114881423
2019-09-15,10356.4658203125,10387.03515625,10313.0927734375,10347.712890625,12043433567,10480.4329296875,-0.0009978652998753
2019-09-16,10347.22265625,10386.8671875,10189.744140625,10276.7939453125,15160167779,10494.9116015625,-0.0068535864941471
2019-09-17,10281.513671875,10296.771484375,10199.7392578125,10241.2724609375,15304603363,10509.354140625,-0.0034564752941458
2019-09-18,10247.7958984375,10275.9287109375,10191.4697265625,10198.248046875,16169268880,10521.170625,-0.0042010808936686
2019-09-19,10200.49609375,10295.6689453125,9851.6923828125,10266.4150390625,19937691247,10524.7863671875,0.0066841865263698
2019-09-20,10266.318359375,10285.8720703125,10132.1865234375,10181.6416015625,14734189639,10520.4258203125,-0.0082573553842745
2019-09-21,10183.6484375,10188.09765625,10000.7080078125,10019.716796875,13425266806,10510.45666015625,-0.0159036048433143
2019-09-22,10024.115234375,10074.4443359375,9922.533203125,10070.392578125,13199651698,10495.42998046875,0.005057606145695
2019-09-23,10067.962890625,10074.23828125,9727.1435546875,9729.32421875,15144925408,10470.6127734375,-0.0338684273457096
2019-09-24,9729.3212890625,9804.3173828125,8370.8017578125,8620.56640625,25002886689,10406.91103515625,-0.1139604136496184
2019-09-25,8603.4287109375,8744.828125,8325.396484375,8486.9931640625,21744728353,10347.08751953125,-0.0154947176197909
2019-09-26,8487.669921875,8515.685546875,7895.62939453125,8118.9677734375,19258205289,10270.6275,-0.0433634602397672
2019-09-27,8113.10107421875,8271.5205078125,7965.9228515625,8251.845703125,16408941156,10196.33626953125,0.0163663575709995
2019-09-28,8251.2734375,8285.6171875,8125.431640625,8245.9150390625,14141152736,10123.99583984375,-0.0007187075808087
2019-09-29,8246.037109375,8261.70703125,7990.4970703125,8104.185546875,13034629109,10058.9990625,-0.0171878428914317
2019-09-30,8104.2265625,8314.2314453125,7830.7587890625,8293.8681640625,17115474183,9994.40484375,0.0234055126317587
2019-10-01,8299.720703125,8497.6923828125,8232.6796875,8343.2763671875,15305343413,9933.618046875,0.005957196587605
2019-10-02,8344.212890625,8393.0419921875,8227.6953125,8393.0419921875,13125712443,9883.56228515625,0.0059647580650352
2019-10-03,8390.7744140625,8414.2275390625,8146.43701171875,8259.9921875,13668823409,9847.728046875,-0.0158523935435265
2019-10-04,8259.494140625,8260.0556640625,8151.23681640625,8205.939453125,13139456229,9805.61591796875,-0.0065439207626368
2019-10-05,8210.1494140625,8215.5263671875,8071.12060546875,8151.50048828125,12200497197,9761.159150390626,-0.0066340929219284
2019-10-06,8149.876953125,8161.41015625,7958.8505859375,7988.15576171875,13160830305,9716.2873828125,-0.020038608449736
2019-10-07,7989.12060546875,8308.4501953125,7905.76611328125,8245.623046875,18009742607,9674.2836328125,0.0322311297921977
2019-10-08,8246.849609375,8332.71484375,8185.76318359375,8228.783203125,15592264032,9620.53822265625,-0.0020422766908295
2019-10-09,8229.8408203125,8627.7060546875,8169.298828125,8595.740234375,19384942333,9577.18837890625,0.0445943248463081
2019-10-10,8585.2802734375,8625.2724609375,8471.93359375,8586.4736328125,17618660671,9546.15685546875,-0.0010780457889411
2019-10-11,8585.2626953125,8721.7802734375,8316.181640625,8321.7568359375,19604381101,9509.97087890625,-0.0308295125793441
2019-10-12,8315.6650390625,8415.2421875,8313.3408203125,8336.5556640625,14532641605,9468.5426953125,0.0017783297946283
2019-10-13,8336.90234375,8470.98828125,8276.6123046875,8321.005859375,13808286059,9431.76359375,-0.0018652553061611
2019-10-14,8320.83203125,8390.208984375,8284.130859375,8374.6865234375,15151387859,9396.48697265625,0.0064512229614668
2019-10-15,8373.4580078125,8410.71484375,8182.70654296875,8205.369140625,15220412632,9353.17794921875,-0.0202177576842603
2019-10-16,8204.6748046875,8216.8125,7985.08984375,8047.52685546875,16071646996,9310.418486328124,-0.0192364636436365
2019-10-17,8047.8125,8134.83154296875,8000.94287109375,8103.9111328125,14313052244,9277.408251953126,0.0070064105850649
2019-10-18,8100.93359375,8138.41357421875,7902.1640625,7973.20751953125,15651592610,9246.6683984375,-0.0161284608307259
2019-10-19,7973.8037109375,8082.62939453125,7944.77685546875,7988.560546875,13797825640,9214.4761328125,0.001925577291967
2019-10-20,7997.80712890625,8281.818359375,7949.439453125,8222.078125,15504249442,9186.3044140625,0.0292314963070974
2019-10-21,8225.115234375,8296.6943359375,8196.416015625,8243.720703125,15868748866,9156.0194140625,0.0026322515787333
2019-10-22,8243.40234375,8296.6513671875,8074.462890625,8078.203125,16803377857,9110.64826171875,-0.0200780186624052
2019-10-23,8076.228515625,8092.99951171875,7469.32275390625,7514.671875,21942878958,9048.4708984375,-0.0697594800823976
2019-10-24,7509.72802734375,7532.86767578125,7446.98876953125,7493.48876953125,16268708849,8986.450810546876,-0.0028188995901766
2019-10-25,7490.703125,8691.5400390625,7479.984375,8660.7001953125,28705065488,8948.154150390625,0.1557634183061922
2019-10-26,8667.5771484375,10021.744140625,8662.6220703125,9244.97265625,44496255609,8925.987548828125,0.0674624969992299
2019-10-27,9241.70703125,9749.529296875,9112.5419921875,9551.71484375,32593129501,8906.676748046875,0.0331793504324351
2019-10-28,9565.1015625,9805.1181640625,9256.1484375,9256.1484375,30948255332,8882.974189453125,-0.0309438054930417
2019-10-29,9248.4404296875,9516.1806640625,9232.6484375,9427.6875,28426779937,8864.828447265625,0.0185324450724053
2019-10-30,9422.462890625,9426.8740234375,9085.3701171875,9205.7265625,27706531577,8846.623466796875,-0.0235435187579138
2019-10-31,9202.4580078125,9383.1611328125,9028.7177734375,9199.5849609375,26583653947,8827.047724609374,-0.0006671501180056
2019-11-01,9193.9921875,9275.6572265625,9132.0478515625,9261.1044921875,24324691031,8804.067275390626,0.0066872072502421
2019-11-02,9259.783203125,9377.486328125,9249.587890625,9324.7177734375,21242676385,8783.350693359374,0.0068688655120632
2019-11-03,9324.787109375,9379.806640625,9141.251953125,9235.3544921875,21132220847,8760.896806640625,-0.0095834837494558
2019-11-04,9235.607421875,9505.0517578125,9191.4853515625,9412.6123046875,26170255634,8742.194794921876,0.0191933956243854
2019-11-05,9413.0048828125,9457.41796875,9256.931640625,9342.52734375,26198609048,8723.509462890624,-0.0074458565453288
2019-11-06,9340.8642578125,9423.2373046875,9305.9091796875,9360.8798828125,23133895765,8705.901611328125,0.0019644083862144
2019-11-07,9352.3935546875,9368.4765625,9202.353515625,9267.5615234375,22700383839,8687.287880859374,-0.009968973060571
2019-11-08,9265.3681640625,9272.759765625,8775.5341796875,8804.880859375,24333037836,8658.057197265625,-0.0499247469674076
2019-11-09,8809.46875,8891.818359375,8793.1630859375,8813.58203125,17578630606,8630.696005859376,0.0009882214210468
2019-11-10,8812.4892578125,9103.826171875,8806.162109375,9055.5263671875,20587919881,8611.412197265625,0.0274513058458691
2019-11-11,9056.91796875,9081.279296875,8700.6083984375,8757.7880859375,20265510765,8585.160107421874,-0.0328791799810608
2019-11-12,8759.751953125,8853.7685546875,8685.427734375,8815.662109375,20309769107,8566.886865234375,0.0066082922844901
2019-11-13,8812.033203125,8836.841796875,8761.6513671875,8808.2626953125,17545755405,8570.640791015625,-0.0008393486468396
2019-11-14,8811.9365234375,8826.943359375,8692.5517578125,8708.0947265625,19084739975,8575.062822265625,-0.0113720460225722
2019-11-15,8705.7080078125,8730.873046875,8484.84375,8491.9921875,21796856471,8582.523310546874,-0.024816282533459
2019-11-16,8491.166015625,8591.9970703125,8473.9736328125,8550.7607421875,16495389808,8588.501611328125,0.006920467352055
2019-11-17,8549.470703125,8727.7890625,8500.9677734375,8577.9755859375,18668638897,8595.142822265625,0.0031827394743637
2019-11-18,8573.98046875,8653.2802734375,8273.5732421875,8309.2861328125,21579470673,8599.244833984376,-0.031323177646423
2019-11-19,8305.134765625,8408.5166015625,8099.96337890625,8206.1455078125,21083613816,8597.490380859375,-0.0124126938646038
2019-11-20,8203.61328125,8237.240234375,8010.51171875,8027.26806640625,20764300437,8591.17021484375,-0.0217979855750733
2019-11-21,8023.64453125,8110.09814453125,7597.3818359375,7642.75,22514243371,8576.164375,-0.0479014856891898
2019-11-22,7643.5693359375,7697.3828125,6936.70654296875,7296.57763671875,34242315785,8556.896083984375,-0.0452942152080403
2019-11-23,7296.16455078125,7442.2587890625,7151.41796875,7397.796875,21008924418,8540.733232421875,0.013872152579023
2019-11-24,7398.6337890625,7408.5771484375,7029.2890625,7047.9169921875,30433517289,8518.6615625,-0.047295145936607
2019-11-25,7039.97705078125,7319.85693359375,6617.1669921875,7146.1337890625,42685231262,8501.821123046875,0.0139355779847962
2019-11-26,7145.1591796875,7320.23046875,7098.572265625,7218.37109375,21129505542,8481.276083984376,0.0101085855400668
2019-11-27,7220.880859375,7619.693359375,6974.17431640625,7531.66357421875,23991412764,8467.33369140625,0.0434021022748487
2019-11-28,7536.8203125,7730.07275390625,7454.12158203125,7463.10595703125,19050116751,8444.681005859375,-0.0091025862363497
2019-11-29,7466.72705078125,7781.1796875,7460.75634765625,7761.24365234375,19709695456,8428.17640625,0.0399482061529106
2019-11-30,7764.05712890625,7836.10205078125,7515.849609375,7569.6298828125,17158194786,8413.1338671875,-0.0246885393777562
2019-12-01,7571.6162109375,7571.6162109375,7291.341796875,7424.29248046875,18720708479,8394.888603515625,-0.0192000671887209
2019-12-02,7424.0361328125,7474.81884765625,7233.3994140625,7321.98828125,17082040706,8374.908251953126,-0.0137796563763999
2019-12-03,7323.9755859375,7418.85888671875,7229.35693359375,7320.1455078125,14797485769,8353.817431640626,-0.0002516766439273
2019-12-04,7320.125,7539.78466796875,7170.9228515625,7252.03466796875,21664240918,8334.7507421875,-0.0093045745840787
2019-12-05,7253.24169921875,7743.431640625,7232.6767578125,7448.3076171875,18816085231,8322.766357421875,0.0270645354310923
2019-12-06,7450.5615234375,7546.99658203125,7392.17529296875,7546.99658203125,18104466307,8311.62806640625,0.0132498508273233
2019-12-07,7547.265625,7589.95166015625,7525.71142578125,7556.23779296875,15453520564,8303.288671875,0.0012244885547587
2019-12-08,7551.3388671875,7634.6064453125,7476.09130859375,7564.34521484375,15409908086,8294.804365234375,0.0010729442478032
2019-12-09,7561.79541015625,7618.091796875,7365.9853515625,7400.8994140625,17872021272,8278.380791015625,-0.0216073957677811
2019-12-10,7397.13427734375,7424.02294921875,7246.0439453125,7278.11962890625,18249031195,8259.06876953125,-0.0165898464885166
2019-12-11,7277.19775390625,7324.15625,7195.52734375,7217.42724609375,16350490689,8241.853251953125,-0.0083390196791284
2019-12-12,7216.73876953125,7266.6396484375,7164.7412109375,7243.13427734375,18927080224,8236.4225,0.0035617998454939
2019-12-13,7244.662109375,7293.560546875,7227.12255859375,7269.6845703125,17125736940,8231.946416015626,0.0036655806660659
2019-12-14,7268.90283203125,7308.83642578125,7097.208984375,7124.673828125,17137029730,8201.225888671876,-0.0199473224436292
2019-12-15,7124.23974609375,7181.07568359375,6924.3759765625,7152.3017578125,16881129804,8159.372470703125,0.0038777816857296
2019-12-16,7153.6630859375,7171.1689453125,6903.6826171875,6932.48046875,20213265950,8106.987783203125,-0.0307343421049577
2019-12-17,6931.3154296875,6964.0751953125,6587.97412109375,6640.51513671875,22363804217,8054.6751171875,-0.0421155650343858
2019-12-18,6647.6982421875,7324.98486328125,6540.04931640625,7276.802734375,31836522778,8011.657421875,0.0958190117115909
2019-12-19,7277.5908203125,7346.6025390625,7041.3818359375,7202.84423828125,25904604416,7971.599775390625,-0.010163597776861
2019-12-20,7208.63671875,7257.921875,7086.1240234375,7218.81640625,22633815180,7931.984404296875,0.0022174806840695
2019-12-21,7220.59375,7223.22607421875,7112.73583984375,7191.15869140625,19312552168,7890.58548828125,-0.003831336508268
2019-12-22,7191.1884765625,7518.033203125,7167.17919921875,7511.5888671875,23134537956,7854.32291015625,0.0445589076158448
2019-12-23,7508.90234375,7656.17626953125,7326.1923828125,7355.62841796875,27831788041,7816.728388671875,-0.0207626444919029
2019-12-24,7354.39306640625,7535.716796875,7269.52880859375,7322.5322265625,22991622105,7774.926787109375,-0.004499437644974
2019-12-25,7325.755859375,7357.02001953125,7220.9912109375,7275.15576171875,21559505149,7733.57935546875,-0.0064699564819792
2019-12-26,7274.79931640625,7388.302734375,7200.38671875,7238.966796875,22787010034,7691.14109375,-0.0049743216542762
2019-12-27,7238.14111328125,7363.529296875,7189.93408203125,7290.08837890625,22777360996,7651.591630859375,0.007061999794407
2019-12-28,7289.03125,7399.041015625,7286.9052734375,7317.990234375,21365673026,7621.853818359375,0.0038273686159255
2019-12-29,7317.6474609375,7513.9482421875,7279.865234375,7422.65283203125,22445257702,7594.035234375,0.0143020958356319
2019-12-30,7420.27294921875,7454.82421875,7276.30810546875,7292.9951171875,22874131672,7558.784609375,-0.0174678403769921
2019-12-31,7294.43896484375,7335.2900390625,7169.77783203125,7193.59912109375,21167946112,7527.500830078125,-0.0136289678652742
2020-01-01,7194.89208984375,7254.33056640625,7174.9443359375,7200.17431640625,18565664997,7495.19107421875,0.0009140341575637
2020-01-02,7202.55126953125,7212.1552734375,6935.27001953125,6985.47021484375,20802083465,7458.735224609375,-0.0298192921625907
2020-01-03,6984.4287109375,7413.71533203125,6914.99609375,7344.88427734375,28111481032,7431.471015625,0.0514516634451127
2020-01-04,7345.37548828125,7427.3857421875,7309.51416015625,7410.65673828125,18444271275,7409.844306640625,0.0089548668779415
2020-01-05,7410.45166015625,7544.4970703125,7400.53564453125,7411.3173828125,19725074095,7387.055439453125,8.914790612779555e-05
2020-01-06,7410.4521484375,7781.8671875,7409.29296875,7769.21923828125,23276261598,7370.8803125,0.0482912601069758
2020-01-07,7768.68212890625,8178.2158203125,7768.2275390625,8163.6923828125,28767291327,7367.9684375,0.0507738464358893
2020-01-08,8161.935546875,8396.73828125,7956.7744140625,8079.86279296875,31672559265,7365.442783203125,-0.0102685875352482
2020-01-09,8082.2958984375,8082.2958984375,7842.40380859375,7879.0712890625,24045990466,7362.47884765625,-0.0248508556458387
2020-01-10,7878.3076171875,8166.55419921875,7726.77490234375,8166.55419921875,28714583844,7372.954931640625,0.0364869030383474
2020-01-11,8162.19091796875,8218.359375,8029.64208984375,8037.53759765625,25521165085,7387.774130859375,-0.0157981687765988
2020-01-12,8033.26171875,8200.0634765625,8009.05908203125,8192.494140625,22903438381,7403.668076171875,0.0192791064534409
2020-01-13,8189.77197265625,8197.7880859375,8079.70068359375,8144.1943359375,22482910688,7425.593623046875,-0.0058956166288836
2020-01-14,8140.93310546875,8879.51171875,8140.93310546875,8827.7646484375,44841784107,7459.226240234375,0.0839334480862816
2020-01-15,8825.34375,8890.1171875,8657.1875,8807.0107421875,40102834650,7490.999033203125,-0.0023509809194645
2020-01-16,8812.4814453125,8846.4609375,8612.095703125,8723.7861328125,31313981931,7514.841484375,-0.0094498135418793
2020-01-17,8725.2099609375,8958.1220703125,8677.31640625,8929.0380859375,36372139320,7544.160126953125,0.0235278524714164
2020-01-18,8927.2119140625,9012.1982421875,8827.33203125,8942.80859375,32337772627,7567.79142578125,0.0015422162701026
2020-01-19,8941.4453125,9164.3623046875,8620.080078125,8706.2451171875,34217320471,7590.52373046875,-0.0264529285271554
2020-01-20,8704.6318359375,8745.5908203125,8560.4736328125,8657.642578125,26422375678,7615.190732421875,-0.0055824914654137
2020-01-21,8658.9912109375,8755.7060546875,8544.5205078125,8745.89453125,24097418512,7643.668857421875,0.0101935315911496
2020-01-22,8744.2109375,8792.994140625,8636.7470703125,8680.8759765625,22600204051,7670.883466796875,-0.0074341800550168
2020-01-23,8680.650390625,8687.7470703125,8333.6376953125,8406.515625,25770680779,7693.9730859375,-0.0316051458750529
2020-01-24,8405.5673828125,8514.6669921875,8266.8408203125,8445.4345703125,24397913026,7713.915625,0.0046296167221482
2020-01-25,8440.119140625,8458.453125,8296.21875,8367.84765625,19647331549,7730.332646484375,-0.0091868468598684
2020-01-26,8364.41015625,8602.4013671875,8325.498046875,8596.830078125,22177678796,7751.1444921875,0.027364554337216
2020-01-27,8597.30859375,8977.7265625,8597.30859375,8909.8193359375,28647338393,7778.053974609375,0.0364075193958892
2020-01-28,8912.5244140625,9358.58984375,8908.447265625,9358.58984375,34398744403,7817.207783203125,0.0503680816514873
2020-01-29,9357.470703125,9406.431640625,9269.4677734375,9316.6298828125,30682598115,7857.97798828125,-0.0044835772950903
2020-01-30,9316.0166015625,9553.1259765625,9230.8974609375,9508.9931640625,32378792851,7903.809306640625,0.020647303120292
2020-01-31,9508.3134765625,9521.7060546875,9230.7763671875,9350.529296875,29432489719,7945.95720703125,-0.016664631518128
2020-02-01,9346.357421875,9439.3232421875,9313.2392578125,9392.875,25922656496,7988.421015625,0.0045286958396197
2020-02-02,9389.8203125,9468.7978515625,9217.82421875,9344.365234375,30835736946,8032.81484375,-0.0051645279666768
2020-02-03,9344.68359375,9540.3720703125,9248.6337890625,9293.521484375,30934096509,8075.63923828125,-0.0054411133046214
2020-02-04,9292.841796875,9331.265625,9112.8115234375,9180.962890625,29893183716,8120.60888671875,-0.0121115116524175
2020-02-05,9183.416015625,9701.2998046875,9163.7041015625,9613.423828125,35222060874,8180.067060546875,0.0471040938354734
2020-02-06,9617.8212890625,9824.619140625,9539.818359375,9729.8017578125,37628823716,8229.127041015625,0.0121057733194935
2020-02-07,9726.0029296875,9834.716796875,9726.0029296875,9795.943359375,34522718159,8280.9890234375,0.0067978365036462
2020-02-08,9793.0703125,9876.7490234375,9678.91015625,9865.119140625,35172043762,8333.915078125,0.0070616763196977
2020-02-09,9863.89453125,10129.435546875,9850.392578125,10116.673828125,35807884663,8392.425380859375,0.0254994069421916
2020-02-10,10115.5595703125,10165.765625,9784.5634765625,9856.611328125,39386548075,8439.325830078125,-0.0257063244716865
2020-02-11,9855.8916015625,10210.052734375,9729.3349609375,10208.236328125,37648059389,8496.37798828125,0.035674025108068
2020-02-12,10202.3876953125,10393.611328125,10202.3876953125,10326.0546875,43444303830,8556.4484375,0.0115414999798149
2020-02-13,10323.9609375,10457.626953125,10116.1611328125,10214.3798828125,49356071373,8615.232919921875,-0.0108148569872175
2020-02-14,10211.55078125,10321.99609375,10125.5341796875,10312.1162109375,43338264162,8676.695908203124,0.0095685033498174
2020-02-15,10313.8564453125,10341.5556640625,9874.427734375,9889.4248046875,43865054831,8728.68263671875,-0.0409897830477971
2020-02-16,9889.1796875,10053.96875,9722.38671875,9934.43359375,43374780305,8781.01150390625,0.0045512039326256
2020-02-17,9936.560546875,9938.8154296875,9507.6376953125,9690.142578125,45998298413,8826.361298828126,-0.0245903315291864
2020-02-18,9691.23046875,10161.935546875,9632.3828125,10141.99609375,47271023953,8883.341318359375,0.0466302236506857
2020-02-19,10143.798828125,10191.67578125,9611.2236328125,9633.38671875,46992019710,8932.1370703125,-0.0501488435115282
2020-02-20,9629.3251953125,9643.216796875,9507.900390625,9608.4755859375,44925260237,8980.303095703124,-0.0025859164113087
2020-02-21,9611.7822265625,9723.0146484375,9589.7431640625,9686.44140625,40930547513,9034.32251953125,0.0081142757365806
2020-02-22,9687.70703125,9698.2314453125,9600.728515625,9663.181640625,35838025154,9080.688466796875,-0.0024012704614092
2020-02-23,9663.318359375,9937.404296875,9657.791015625,9924.515625,41185185761,9130.96564453125,0.0270443001170883
2020-02-24,9921.5830078125,9951.74609375,9537.04296875,9650.1748046875,45080496648,9175.74279296875,-0.0276427415380788
2020-02-25,9651.3125,9652.7373046875,9305.021484375,9341.705078125,42515259129,9207.192509765626,-0.0319651957405645
2020-02-26,9338.2900390625,9354.7783203125,8704.4267578125,8820.5224609375,50420050762,9220.329111328125,-0.0557909517404833
2020-02-27,8825.09375,8932.892578125,8577.19921875,8784.494140625,45470195695,9234.42173828125,-0.0040846016176541
2020-02-28,8788.728515625,8890.4560546875,8492.9326171875,8672.455078125,44605450443,9250.2894140625,-0.0127541848974389
2020-02-29,8671.212890625,8775.6318359375,8599.5087890625,8599.5087890625,35792392544,9258.948505859376,-0.0084112616791174
2020-03-01,8599.7587890625,8726.796875,8471.212890625,8562.4541015625,35349164300,9269.4468359375,-0.0043089307085921
2020-03-02,8563.2646484375,8921.30859375,8532.630859375,8869.669921875,42857674409,9282.9903515625,0.0358794122185646
2020-03-03,8865.3876953125,8901.5986328125,8704.990234375,8787.7861328125,42386715821,9295.8621875,-0.0092318868440135
2020-03-04,8788.5419921875,8843.3662109375,8712.431640625,8755.24609375,34746706368,9294.41181640625,-0.0037028710724991
2020-03-05,8760.28515625,9142.0546875,8757.25390625,9078.7626953125,39698054597,9299.84685546875,0.0369511716859043
2020-03-06,9078.30859375,9167.6953125,9032.0791015625,9122.5458984375,40826885651,9307.82205078125,0.0048225958309942
2020-03-07,9121.6005859375,9163.220703125,8890.744140625,8909.9541015625,36216930370,9307.44037109375,-0.0233039986032201
2020-03-08,8908.2060546875,8914.34375,8105.2529296875,8108.1162109375,39973102121,9290.7465234375,-0.0899934928379019
2020-03-09,8111.146484375,8177.79345703125,7690.09814453125,7923.64453125,46936995808,9275.09451171875,-0.022751484424786
2020-03-10,7922.14697265625,8136.9453125,7814.76318359375,7909.7294921875,42213940994,9260.13625,-0.0017561412564156
2020-03-11,7910.08984375,7950.814453125,7642.8125,7911.43017578125,38682762605,9243.446962890624,0.0002150116000085
2020-03-12,7913.6162109375,7929.1162109375,4860.35400390625,4970.7880859375,53980357243,9169.245205078125,-0.3716953856011707
2020-03-13,5017.8310546875,5838.11474609375,4106.98095703125,5563.70703125,74156772075,9112.389033203124,0.1192806724128683
2020-03-14,5573.07763671875,5625.2265625,5125.0693359375,5200.3662109375,36154506008,9047.487666015624,-0.0653055271012118
2020-03-15,5201.06689453125,5836.64501953125,5169.283203125,5392.31494140625,33997889639,8987.97701171875,0.0369106179609119
2020-03-16,5385.2294921875,5385.2294921875,4575.35791015625,5014.47998046875,45368026430,8916.330009765625,-0.0700691567616348
2020-03-17,5002.578125,5371.3486328125,4981.9091796875,5225.62939453125,38622642935,8842.6462109375,0.0421079383874141
2020-03-18,5227.11376953125,5331.833984375,5069.3359375,5238.4384765625,37878801016,8760.24318359375,0.0024512036855608
2020-03-19,5245.41650390625,6329.73583984375,5236.96875,6191.19287109375,51000731797,8697.734443359375,0.1818775573663802
2020-03-20,6191.65380859375,6844.26171875,5865.78173828125,6198.7783203125,54442976103,8631.530146484374,0.0012251999536576
2020-03-21,6206.521484375,6378.13525390625,5932.8232421875,6185.06640625,42494390880,8568.220888671874,-0.0022120349130034
2020-03-22,6185.55810546875,6359.697265625,5823.7138671875,5830.2548828125,40099664740,8496.968486328125,-0.057365838963178
2020-03-23,5831.37451171875,6443.9345703125,5785.00439453125,6416.31494140625,46491916000,8438.40748046875,0.1005204867323117
2020-03-24,6436.642578125,6789.02294921875,6411.06640625,6734.8037109375,48221910672,8387.233125,0.0496373342704787
2020-03-25,6738.716796875,6892.51123046875,6536.92626953125,6681.06298828125,44590107888,8337.235126953125,-0.0079795529257925
2020-03-26,6675.1708984375,6735.4638671875,6590.962890625,6716.4404296875,35319797642,8279.295458984376,0.0052951815404678
2020-03-27,6719.38916015625,6793.83642578125,6466.70166015625,6469.79833984375,34585598367,8214.095390625,-0.0367221435856948
2020-03-28,6467.25390625,6467.5009765625,6117.837890625,6242.19384765625,34885225901,8143.020400390625,-0.0351795342346012
2020-03-29,6245.62451171875,6250.46728515625,5920.0859375,5922.04296875,28373690931,8064.158876953125,-0.051288198783903
2020-03-30,5925.53857421875,6517.19580078125,5903.234375,6429.841796875,37101651525,7990.422236328125,0.0857472380400818
2020-03-31,6430.6064453125,6504.51513671875,6374.162109375,6438.64453125,32786468812,7922.062900390625,0.0013690436954885
2020-04-01,6437.3193359375,6612.57373046875,6202.37353515625,6606.7763671875,40346426266,7850.033701171875,0.0261129240978394
2020-04-02,6606.7763671875,7088.24755859375,6595.91845703125,6793.62451171875,47660646124,7779.38509765625,0.0282812878999854
2020-04-03,6797.396484375,7003.220703125,6673.3359375,6733.38720703125,38976504903,7709.765244140625,-0.0088667403657051
2020-04-04,6738.3828125,6878.95361328125,6696.48486328125,6867.52734375,33185988584,7640.873466796875,0.0199216430890349
2020-04-05,6862.53759765625,6883.4140625,6715.92919921875,6791.12939453125,29510409856,7578.90755859375,-0.0111245205726451
2020-04-06,6788.0498046875,7271.78125,6782.8896484375,7271.78125,46896904615,7525.65451171875,0.0707764242948763
2020-04-07,7273.64404296875,7427.939453125,7136.71435546875,7176.41455078125,44243482668,7475.379951171875,-0.0131146270686772
2020-04-08,7179.283203125,7356.2236328125,7153.3056640625,7334.0986328125,37563249549,7419.222001953125,0.0219725436588782
2020-04-09,7337.96630859375,7341.4482421875,7179.09423828125,7302.08935546875,34815139178,7372.5960546875,-0.0043644459866604
2020-04-10,7303.8154296875,7303.8154296875,6802.47509765625,6865.4931640625,43622840992,7317.73640625,-0.0597905846056608
2020-04-11,6867.4404296875,6926.06982421875,6789.9208984375,6859.0830078125,31222085946,7261.18923828125,-0.0009336774645052
2020-04-12,6858.06787109375,7119.947265625,6811.078125,6971.091796875,35759567632,7207.34744140625,0.0163299946851382
2020-04-13,6965.61669921875,6965.61669921875,6668.259765625,6845.03759765625,38619308647,7145.757880859375,-0.0180824184922163
2020-04-14,6843.28173828125,6958.55712890625,6793.8212890625,6842.427734375,34110434052,7089.602939453125,-0.0003812781513637
2020-04-15,6845.5615234375,6928.66455078125,6633.40283203125,6642.10986328125,32288311031,7035.61103515625,-0.029275847531044
2020-04-16,6640.4541015625,7134.45068359375,6555.50439453125,7116.80419921875,46783242377,7001.536669921875,0.0714674020316485
2020-04-17,7116.552734375,7167.18310546875,7050.33203125,7096.1845703125,32513423567,6967.770478515625,-0.0028973157514314
2020-04-18,7092.29150390625,7269.95654296875,7089.2470703125,7257.6650390625,32447188386,6939.474677734375,0.0227559566905246
2020-04-19,7260.92236328125,7280.52197265625,7167.0546875,7189.4248046875,31311210215,6911.272998046875,-0.0094025053523019
2020-04-20,7186.87353515625,7240.29052734375,6835.5029296875,6881.95849609375,37747113936,6877.6630859375,-0.0427664683819047
2020-04-21,6879.7841796875,6934.5517578125,6834.4423828125,6880.3232421875,32589741511,6837.87615234375,-0.0002376146132206
2020-04-22,6879.4404296875,7145.86572265625,6867.78173828125,7117.20751953125,33249153866,6804.464580078125,0.034429236680519
2020-04-23,7121.30615234375,7491.78515625,7081.5947265625,7429.724609375,43500782316,6777.954150390625,0.0439100713286961
2020-04-24,7434.181640625,7574.19580078125,7434.181640625,7550.90087890625,34636526286,6747.3969140625,0.0163096582850927
2020-04-25,7550.48291015625,7641.36376953125,7521.67236328125,7569.93603515625,32941541447,6716.344716796875,0.0025209119488212
2020-04-26,7570.13916015625,7700.59423828125,7561.40771484375,7679.8671875,33070154491,6691.742978515625,0.0145220714987825
2020-04-27,7679.4189453125,7795.60107421875,7679.4189453125,7795.60107421875,36162144725,6685.49267578125,0.0150697771059273
2020-04-28,7796.97021484375,7814.52734375,7730.806640625,7807.05859375,33187959921,6683.16095703125,0.0014697416430327
2020-04-29,7806.71240234375,8871.75390625,7786.04931640625,8801.0380859375,60201052203,6700.98712890625,0.1273180520232342
2020-04-30,8797.669921875,9440.650390625,8533.255859375,8658.5537109375,66964629541,6715.929599609375,-0.0161894964672024
2020-05-01,8672.7822265625,9048.0234375,8667.763671875,8864.7666015625,44068389997,6793.809169921875,0.0238160895582955
2020-05-02,8869.0576171875,9007.1875,8811.3662109375,8988.5966796875,40134388683,6862.306962890625,0.0139687916998485
2020-05-03,8983.6142578125,9167.78125,8830.9716796875,8897.46875,47101785174,6936.249013671875,-0.0101381709442399
2020-05-04,8895.7451171875,8956.90625,8645.0244140625,8912.654296875,45718796276,7006.65580078125,0.0017067266322232
2020-05-05,8912.83203125,9062.4150390625,8856.8271484375,9003.0703125,43148462663,7086.427607421875,0.0101446788592149
2020-05-06,9007.44140625,9411.4677734375,8966.7060546875,9268.76171875,49371886931,7167.29025390625,0.0295111997382837
2020-05-07,9261.8955078125,9992.6640625,9138.322265625,9951.5185546875,61112700562,7261.55185546875,0.0736621413577107
2020-05-08,9936.162109375,9996.7431640625,9767.1728515625,9842.666015625,51780748042,7334.581318359375,-0.0109382842894089
2020-05-09,9840.90625,9913.86328125,9580.64453125,9593.896484375,46566121841,7402.483681640625,-0.0252746086126547
2020-05-10,9591.1689453125,9595.5810546875,8395.107421875,8756.4306640625,63325279337,7453.910966796875,-0.0872915214038874
2020-05-11,8755.53515625,9033.470703125,8374.3232421875,8601.7958984375,57119858802,7509.341787109375,-0.0176595660443747
2020-05-12,8610.3857421875,8949.8984375,8569.6435546875,8804.4775390625,42142717533,7557.1050390625,0.0235627121380335
2020-05-13,8805.3876953125,9317.87890625,8805.3876953125,9269.9873046875,45558144023,7607.8087109375,0.052871935167043
2020-05-14,9271.3291015625,9793.2685546875,9255.03515625,9733.7216796875,56426907637,7668.861884765625,0.0500253516814965
2020-05-15,9734.291015625,9755.828125,9261.3984375,9328.197265625,48158802327,7721.097021484375,-0.0416618049505931
2020-05-16,9333.240234375,9564.205078125,9260.6943359375,9377.013671875,36164766408,7779.241328125,0.0052332090392097
2020-05-17,9374.9296875,9823.001953125,9349.5458984375,9670.7392578125,40084250663,7847.812236328125,0.0313240010322781
2020-05-18,9675.6953125,9906.0302734375,9570.359375,9726.5751953125,41827139896,7923.902880859375,0.0057736989915111
2020-05-19,9727.0634765625,9836.0478515625,9539.6240234375,9729.0380859375,39254288955,7989.886806640625,0.0002532125209073
2020-05-20,9725.3291015625,9804.7939453125,9447.201171875,9522.9814453125,36546239703,8051.573544921875,-0.0211795491810066
2020-05-21,9522.740234375,9555.2421875,8869.9306640625,9081.76171875,39326160532,8101.073251953125,-0.0463320997836955
2020-05-22,9080.3349609375,9232.9365234375,9008.638671875,9182.5771484375,29810773699,8148.8523046875,0.011100867079496
2020-05-23,9185.0625,9302.501953125,9118.1083984375,9209.287109375,27727866812,8198.370302734374,0.0029087652089092
2020-05-24,9212.283203125,9288.404296875,8787.2509765625,8790.3681640625,32518803300,8236.827119140626,-0.0454887485140997
2020-05-25,8786.107421875,8951.005859375,8719.66796875,8906.9345703125,31288157264,8279.14322265625,0.0132606967164989
2020-05-26,8909.5859375,8991.9677734375,8757.2939453125,8835.052734375,29584186947,8310.40865234375,-0.0080703226648916
2020-05-27,8837.380859375,9203.3203125,8834.1572265625,9181.017578125,32740536902,8350.500712890625,0.039158209254817
2020-05-28,9184.9453125,9546.3193359375,9148.45703125,9525.7509765625,34367073114,8394.333759765625,0.0375484956328668
2020-05-29,9528.35546875,9573.6669921875,9379.3388671875,9439.1240234375,32896642044,8437.074453125,-0.0090939762479766
2020-05-30,9438.9140625,9704.0302734375,9366.7294921875,9700.4140625,32722975141,8493.77287109375,0.0276815982514597
2020-05-31,9700.10546875,9700.34375,9432.296875,9461.05859375,27773290299,8545.8123828125,-0.0246747682323483
2020-06-01,9463.60546875,10199.5654296875,9450.8994140625,10167.2685546875,35198901068,8609.73591796875,0.074643862939822
2020-06-02,10162.9736328125,10182.3408203125,9460.5712890625,9529.8037109375,39137252109,8663.431240234375,-0.0626977482025989
2020-06-03,9533.7607421875,9682.859375,9471.8466796875,9656.7177734375,25007459262,8719.717041015625,0.0133175946063126
2020-06-04,9655.8544921875,9887.6103515625,9525.2470703125,9800.63671875,25921805072,8782.887578125,0.0149035053823747
2020-06-05,9800.2158203125,9869.2373046875,9663.216796875,9665.533203125,23509628646,8833.862158203125,-0.0137851773820498
2020-06-06,9664.904296875,9773.431640625,9591.0244140625,9653.6796875,20438419222,8885.012060546875,-0.0012263695520872
2020-06-07,9653.0029296875,9768.498046875,9458.150390625,9758.8525390625,25015250846,8935.035810546875,0.0108945868277234
2020-06-08,9760.0634765625,9782.306640625,9675.8857421875,9771.4892578125,21486346312,8986.677099609375,0.001294898011771
2020-06-09,9774.3603515625,9836.369140625,9664.7197265625,9795.7001953125,23717842783,9044.95193359375,0.0024777121338637
2020-06-10,9794.119140625,9908.896484375,9728.291015625,9870.0947265625,25706567601,9104.74736328125,0.0075946108768825
2020-06-11,9870.078125,9938.2978515625,9263.0693359375,9321.78125,30247143440,9148.838837890626,-0.0555530105589435
2020-06-12,9320.6904296875,9540.4658203125,9285.8515625,9480.84375,22610564515,9189.861220703126,0.0170635306422792
2020-06-13,9480.7353515625,9493.2119140625,9396.009765625,9475.27734375,17564322315,9228.34875,-0.0005871213994007
2020-06-14,9477.5537109375,9482.2705078125,9347.59375,9386.7880859375,18991732746,9264.685791015623,-0.0093389622912587
2020-06-15,9386.03515625,9504.8603515625,8990.17578125,9450.7021484375,26699704768,9300.102490234374,0.0068089384691394
2020-06-16,9454.2666015625,9579.4306640625,9400.4453125,9538.0244140625,21565537209,9334.95095703125,0.0092397648612212
2020-06-17,9533.7841796875,9540.4228515625,9327.33984375,9480.2548828125,20177709879,9368.4148828125,-0.0060567606814705
2020-06-18,9481.5673828125,9482.7822265625,9328.3955078125,9411.8408203125,17770083003,9380.6309375,-0.0072164792345439
2020-06-19,9410.2939453125,9440.8759765625,9274.2958984375,9288.0185546875,19632223107,9393.220234375,-0.0131560093279274
2020-06-20,9290.9599609375,9394.9716796875,9247.3798828125,9332.3408203125,17130541557,9402.57171875,0.004771982890003
2020-06-21,9330.9267578125,9401.107421875,9300.4306640625,9303.6298828125,15324301169,9408.8723828125,-0.0030764990320015
2020-06-22,9300.9150390625,9655.0732421875,9296.8720703125,9648.7177734375,21104009514,9423.89736328125,0.0370917475191607
2020-06-23,9644.076171875,9670.541015625,9547.2470703125,9629.658203125,17006433272,9438.23744140625,-0.0019753474772544
2020-06-24,9632.1494140625,9680.3671875,9278.2333984375,9313.6103515625,18961716076,9444.4482421875,-0.0328202564302787
2020-06-25,9314.126953125,9340.1611328125,9095.32421875,9264.8134765625,18616048626,9444.36927734375,-0.0052393081907075
2020-06-26,9260.9951171875,9310.5166015625,9101.73828125,9162.91796875,18341465837,9428.597265625,-0.010998117562784
2020-06-27,9167.82421875,9207.810546875,8998.216796875,9045.390625,17273093144,9412.6517578125,-0.0128264101185697
2020-06-28,9048.4609375,9197.546875,8975.525390625,9143.58203125,14560870760,9403.64546875,0.0108554080548621
2020-06-29,9140.029296875,9237.5732421875,9041.8759765625,9190.8544921875,16460547078,9412.3339453125,0.0051700155120757
2020-06-30,9185.5810546875,9217.8359375,9084.837890625,9137.9931640625,15735797744,9423.057890625,-0.0057515139827242
2020-07-01,9145.9853515625,9309.7548828125,9104.7353515625,9228.3251953125,15971550355,9431.53484375,0.0098853248878816
2020-07-02,9231.1396484375,9274.962890625,9036.623046875,9123.41015625,16338916796,9428.60330078125,-0.0113688060229814
2020-07-03,9124.8427734375,9202.3447265625,9058.794921875,9087.3037109375,13078970999,9415.67494140625,-0.0039575602427306
2020-07-04,9084.2333984375,9183.2958984375,9053.6298828125,9132.48828125,12290528515,9411.76076171875,0.0049722746977318
2020-07-05,9126.0908203125,9162.18359375,8977.015625,9073.9423828125,12903406143,9405.6993359375,-0.0064107280113023
2020-07-06,9072.849609375,9375.474609375,9058.6640625,9375.474609375,17889263252,9399.79404296875,0.0332305643833104
2020-07-07,9349.1611328125,9360.6171875,9201.8154296875,9252.27734375,13839652595,9390.3080859375,-0.0131403764351096
2020-07-08,9253.0205078125,9450.3359375,9249.5,9428.3330078125,19702359883,9384.293984375,0.0190283599941398
2020-07-09,9427.994140625,9431.37890625,9234.9990234375,9277.9677734375,18000702524,9379.3937109375,-0.0159482311719796
2020-07-10,9273.357421875,9287.4716796875,9118.001953125,9278.8076171875,16860035605,9383.33462890625,9.052022711308894e-05
2020-07-11,9277.51171875,9293.5322265625,9199.4853515625,9240.3466796875,13249910444,9384.49001953125,-0.0041450301683976
2020-07-12,9241.0546875,9319.4189453125,9197.4501953125,9276.5,14452361907,9385.83427734375,0.0039125502067984
2020-07-13,9277.205078125,9306.4052734375,9224.29296875,9243.6142578125,17519821266,9394.89919921875,-0.0035450592559155
2020-07-14,9238.703125,9283.841796875,9171.6611328125,9243.2138671875,18085038362,9401.62478515625,-4.331537576462985e-05
2020-07-15,9241.8974609375,9275.3251953125,9171.93359375,9192.8369140625,15844731575,9408.78046875,-0.0054501555247826
2020-07-16,9191.98046875,9214.3125,9088.947265625,9132.2275390625,15713967523,9407.80466796875,-0.0065931089136678
2020-07-17,9131.8125,9182.25390625,9089.2021484375,9151.392578125,13944570749,9400.3175,0.002098616025556
2020-07-18,9151.18359375,9230.9833984375,9100.82421875,9159.0400390625,12252601475,9394.7158203125,0.0008356608977502
2020-07-19,9158.005859375,9201.3984375,9097.6328125,9185.8173828125,12939002784,9384.42388671875,0.0029235971931333
2020-07-20,9187.220703125,9214.2705078125,9137.509765625,9164.2314453125,13755604146,9378.48734375,-0.0023499201650132
2020-07-21,9162.5146484375,9407.2626953125,9149.3896484375,9374.8876953125,18069581956,9362.6397265625,0.0229867885001693
2020-07-22,9375.080078125,9530.5185546875,9319.6533203125,9525.36328125,16532254884,9362.55091796875,0.0160509214433297
2020-07-23,9527.1416015625,9610.2470703125,9483.00390625,9581.072265625,18146399002,9361.0380078125,0.0058484892103443
2020-07-24,9585.5146484375,9623.3369140625,9481.4541015625,9536.892578125,16552768325,9355.763125,-0.00461114228921
2020-07-25,9539.4853515625,9704.556640625,9530.2119140625,9677.11328125,16610070933,9355.9947265625,0.0147029760455337
2020-07-26,9680.234375,10023.8076171875,9652.84765625,9905.1669921875,20507998997,9361.02447265625,0.0235662954756732
2020-07-27,9905.2177734375,11298.2216796875,9903.9697265625,10990.873046875,35359749590,9385.6648828125,0.1096100707382146
2020-07-28,11017.4638671875,11204.3271484375,10632.6318359375,10912.8232421875,28766551142,9408.4915625,-0.0071013289257937
2020-07-29,10912.953125,11304.3974609375,10856.1416015625,11100.4677734375,24617249715,9434.5869140625,0.0171948658092977
2020-07-30,11099.8330078125,11169.3564453125,10895.455078125,11111.2138671875,22857247901,9459.409296875,0.0009680757576464
2020-07-31,11110.2109375,11415.8642578125,10987.0537109375,11323.466796875,23160469766,9499.4430078125,0.0191025870102548
2020-08-01,11322.5703125,11794.775390625,11239.6826171875,11759.5927734375,26075670303,9545.01798828125,0.038515234281683
2020-08-02,11758.7646484375,12034.14453125,11018.1298828125,11053.6142578125,27410067336,9576.5847265625,-0.0600342655759016
2020-08-03,11043.7685546875,11453.0791015625,11012.4150390625,11246.3486328125,20271713443,9613.7759375,0.017436321777176
2020-08-04,11246.203125,11385.3818359375,11094.1455078125,11205.892578125,21250197042,9648.87974609375,-0.0035972612986107
2020-08-05,11203.8232421875,11786.6171875,11158.28515625,11747.0224609375,24411254471,9693.05970703125,0.0482897617516733
2020-08-06,11749.87109375,11902.3359375,11598.7138671875,11779.7734375,23400740340,9739.050078125,0.0027880236605835
2020-08-07,11778.89453125,11898.0380859375,11408.59375,11601.47265625,23132312867,9782.84271484375,-0.0151361808608638
2020-08-08,11604.5537109375,11800.064453125,11558.431640625,11754.0458984375,17572057837,9832.16326171875,0.013151196120374
2020-08-09,11737.3251953125,11806.056640625,11548.7841796875,11675.7392578125,17489608833,9879.03123046875,-0.0066621009737088
2020-08-10,11662.2568359375,12045.140625,11662.2568359375,11878.111328125,26114112569,9930.520859375,0.0173326986706292
2020-08-11,11881.6474609375,11932.7109375,11195.708984375,11410.525390625,27039782640,9965.75701171875,-0.0393653439156483
2020-08-12,11404.5966796875,11748.396484375,11249.60546875,11584.9345703125,25064548486,10004.8625390625,0.015284938573538
2020-08-13,11588.4052734375,11796.396484375,11216.8720703125,11784.1376953125,27522199497,10054.2730859375,0.0171950151113047
2020-08-14,11772.6591796875,12150.994140625,11685.455078125,11768.87109375,24237958589,10104.35423828125,-0.0012955213149429
2020-08-15,11768.697265625,11963.203125,11768.697265625,11865.6982421875,23354924400,10158.40984375,0.0082273947659194
2020-08-16,11866.685546875,11934.9013671875,11737.1884765625,11892.8037109375,20583375490,10215.35810546875,0.0022843551383793
2020-08-17,11895.658203125,12359.056640625,11806.6962890625,12254.40234375,28227687027,10277.57451171875,0.0304048264481104
2020-08-18,12251.8955078125,12335.70703125,11954.525390625,11991.2333984375,26043227672,10333.58208984375,-0.0214754614652196
2020-08-19,11990.884765625,12028.923828125,11687.3330078125,11758.283203125,24502851117,10385.987890625,-0.0194267084604369
2020-08-20,11761.5,11900.4111328125,11710.0634765625,11878.3720703125,20175242945,10438.988828125,0.0102131293414997
2020-08-21,11878.0263671875,11899.259765625,11564.9794921875,11592.4892578125,23762425999,10488.37041015625,-0.0240675078039106
2020-08-22,11585.4775390625,11689.4072265625,11448.8056640625,11681.8251953125,20224191306,10540.26083984375,0.0077063636215832
2020-08-23,11679.6962890625,11713.4296875,11559.9208984375,11664.84765625,18482062658,10590.90802734375,-0.0014533293195752
2020-08-24,11663.689453125,11807.6318359375,11623.25,11774.595703125,20681511755,10644.92109375,0.0094084423653999
2020-08-25,11773.5888671875,11778.2998046875,11189.8505859375,11366.134765625,26301509932,10684.734296875,-0.034690018052305
2020-08-26,11366.89453125,11530.052734375,11296.9931640625,11488.36328125,22466660958,10729.456015625,0.0107537450633314
2020-08-27,11485.6083984375,11570.7861328125,11185.94140625,11323.3974609375,23240415076,10767.3573046875,-0.0143593840370401
2020-08-28,11325.2958984375,11545.615234375,11316.4228515625,11542.5,19807127588,10812.64794921875,0.0193495406143202
2020-08-29,11541.0546875,11585.640625,11466.29296875,11506.865234375,17485597759,10857.2091015625,-0.0030872658111327
2020-08-30,11508.7138671875,11715.2646484375,11492.3818359375,11711.505859375,19760127945,10906.63228515625,0.0177842201878464
2020-08-31,11713.306640625,11768.876953125,11598.318359375,11680.8203125,22285928250,10954.71869140625,-0.002620119670643
2020-09-01,11679.31640625,12067.0810546875,11601.12890625,11970.478515625,27311555343,11009.2559765625,0.0247977620899644
2020-09-02,11964.8232421875,11964.8232421875,11290.7939453125,11414.0341796875,28037405299,11052.6723828125,-0.0464847194881287
2020-09-03,11407.19140625,11443.0224609375,10182.46484375,10245.296875,31927261555,11073.72158203125,-0.1023947612464131
2020-09-04,10230.365234375,10663.919921875,10207.9404296875,10511.8134765625,29965130374,11101.31330078125,0.0260135557626288
2020-09-05,10512.5302734375,10581.5712890625,9946.67578125,10169.5673828125,44916565292,11121.676796875,-0.0325582350289114
2020-09-06,10167.216796875,10353.927734375,10056.8857421875,10280.3515625,37071460174,11144.10302734375,0.0108936964098134
2020-09-07,10280.998046875,10399.1533203125,9916.4931640625,10369.5634765625,33703098409,11167.77794921875,0.0086779049840981
2020-09-08,10369.306640625,10414.775390625,9945.1103515625,10131.5166015625,33430927462,11187.12365234375,-0.0229563062647756
2020-09-09,10134.1513671875,10350.54296875,10017.2509765625,10242.34765625,24128292755,11204.4728515625,0.0109392363499072
2020-09-10,10242.330078125,10503.912109375,10238.1357421875,10363.138671875,54406443211,11221.228359375,0.0117932938500961
2020-09-11,10369.0283203125,10434.9228515625,10140.8369140625,10400.9150390625,45201121775,11237.62521484375,0.0036452631180188
2020-09-12,10409.861328125,10578.837890625,10292.38671875,10442.1708984375,36750077324,11255.73078125,0.0039665605593408
2020-09-13,10452.3994140625,10577.21484375,10224.330078125,10323.755859375,36506852789,11268.6636328125,-0.0113400786306053
2020-09-14,10328.734375,10800.0107421875,10266.0087890625,10680.837890625,35453581940,11284.17705078125,0.0345883839286778
2020-09-15,10677.7548828125,10938.6318359375,10656.4599609375,10796.951171875,32509451925,11280.29861328125,0.0108711771903136
2020-09-16,10797.76171875,11100.1240234375,10704.884765625,10974.9052734375,30769986455,11281.54025390625,0.0164818844440135
2020-09-17,10973.251953125,11037.4208984375,10774.6279296875,10948.990234375,38151810523,11278.510703125,-0.0023612995663134
2020-09-18,10951.8203125,11034.908203125,10829.6572265625,10944.5859375,26341903912,11275.17814453125,-0.0004022559871478
2020-09-19,10933.7529296875,11134.0927734375,10909.6181640625,11094.3466796875,22764204008,11270.5957421875,0.0136835457314439
2020-09-20,11095.8701171875,11095.8701171875,10814.4775390625,10938.271484375,24699523788,11254.16931640625,-0.0140679933500055
2020-09-21,10934.92578125,10988.3046875,10380.2607421875,10462.259765625,28884999244,11242.3422265625,-0.0435180018552262
2020-09-22,10459.6240234375,10568.0771484375,10382.7265625,10538.4599609375,23621787804,11228.184453125,0.0072833400259153
2020-09-23,10535.4921875,10537.828125,10197.865234375,10246.1865234375,23788661867,11208.99033203125,-0.0277339799727245
2020-09-24,10248.7861328125,10771.056640625,10231.490234375,10760.06640625,47144380902,11189.2512109375,0.0501532820661649
2020-09-25,10761.109375,10777.6962890625,10578.9140625,10692.716796875,39348590957,11167.510078125,-0.0062592187475608
2020-09-26,10695.5751953125,10772.9990234375,10667.28125,10750.7236328125,46852525493,11150.49509765625,0.0054248921990014
2020-09-27,10746.892578125,10803.9765625,10622.921875,10775.26953125,53745972818,11130.9195703125,0.0022831856976197
2020-09-28,10776.61328125,10945.34765625,10703.8935546875,10709.65234375,47762394731,11111.59783203125,-0.0060896098524217
2020-09-29,10709.650390625,10860.0009765625,10649.4951171875,10844.640625,46582396602,11090.92841796875,0.0126043569779159
2020-09-30,10843.87109375,10847.2568359375,10669.3212890625,10784.4912109375,44171073700,11078.407734375,-0.0055464644834646
2020-10-01,10795.2548828125,10933.6240234375,10472.3564453125,10619.4521484375,40023134100,11059.0980859375,-0.0153033703001788
2020-10-02,10619.8212890625,10657.837890625,10416.689453125,10575.974609375,48661453918,11034.93482421875,-0.0040941414354315
2020-10-03,10575.1005859375,10598.9404296875,10511.1298828125,10549.3291015625,44660271563,11010.543984375,-0.0025194375739971
2020-10-04,10550.4404296875,10686.0,10534.3916015625,10669.5830078125,71251776995,10986.6216796875,0.0113991994270221
2020-10-05,10676.529296875,10793.5078125,10634.6005859375,10793.33984375,47537578009,10964.63240234375,0.0115990321127716
2020-10-06,10796.306640625,10797.578125,10528.890625,10604.40625,42623695307,10931.63248046875,-0.017504646058134
2020-10-07,10603.35546875,10680.5078125,10562.5068359375,10668.96875,37799458436,10905.1871875,0.0060882710901424
2020-10-08,10669.37109375,10945.7373046875,10562.6064453125,10915.685546875,63314794397,10888.335234375,0.0231247089251245
2020-10-09,10927.9130859375,11102.671875,10846.8505859375,11064.4580078125,22799117613,10872.056953125,0.0136292365970629
2020-10-10,11059.142578125,11442.2109375,11056.9404296875,11296.361328125,22877978588,10866.13439453125,0.0209593023127527
2020-10-11,11296.08203125,11428.8134765625,11288.6279296875,11384.181640625,19968627060,10860.1815234375,0.0077742124166433
2020-10-12,11392.6357421875,11698.4677734375,11240.6865234375,11555.36328125,26163972642,10857.9918359375,0.0150367980790231
2020-10-13,11548.7197265625,11548.984375,11321.224609375,11425.8994140625,24241420251,10851.01791015625,-0.0112037903124665
2020-10-14,11429.0478515625,11539.9775390625,11307.8310546875,11429.5068359375,24103426719,10852.2853515625,0.0003157232305546
2020-10-15,11426.6025390625,11569.9140625,11303.603515625,11495.349609375,24487233058,10852.425078125,0.0057607711673501
2020-10-16,11502.828125,11540.0615234375,11223.0126953125,11322.123046875,25635480772,10852.39958984375,-0.0150692730875036
2020-10-17,11322.123046875,11386.26171875,11285.345703125,11358.1015625,19130430174,10848.71162109375,0.0031777181254826
2020-10-18,11355.982421875,11483.359375,11347.578125,11483.359375,18283314340,10848.24150390625,0.0110280588539155
2020-10-19,11495.0380859375,11799.0927734375,11408.2900390625,11742.037109375,23860769928,10848.85212890625,0.0225263118507079
2020-10-20,11745.974609375,11999.91796875,11681.48046875,11916.3349609375,30915821592,10853.562421875,0.0148439193249814
2020-10-21,11913.0771484375,13184.56640625,11900.9287109375,12823.689453125,43414712626,10870.626640625,0.0761437552034132
2020-10-22,12801.6357421875,13161.59375,12717.09375,12965.8916015625,34729759598,10901.6637890625,0.011089019970212
2020-10-23,12971.548828125,13015.9619140625,12752.6474609375,12931.5390625,28974975003,10955.3886328125,-0.0026494544392426
2020-10-24,12931.57421875,13145.06640625,12885.7470703125,13108.0625,24542317940,11007.31361328125,0.0136506131750318
2020-10-25,13108.0634765625,13329.18359375,12910.0615234375,13031.173828125,24406920575,11064.5457421875,-0.0058657541398662
2020-10-26,13031.201171875,13225.2978515625,12822.3828125,13075.248046875,29461458313,11120.443671875,0.0033822140147401
2020-10-27,13075.2421875,13759.6689453125,13060.837890625,13654.21875,33749878156,11186.13677734375,0.0442799020752324
2020-10-28,13654.21484375,13837.6953125,12932.2509765625,13271.28515625,35867318895,11248.9321484375,-0.0280450753544577
2020-10-29,13271.298828125,13612.0478515625,12980.0595703125,13437.8828125,56499499598,11312.8428515625,0.0125532421531566
2020-10-30,13437.8740234375,13651.5166015625,13136.1982421875,13546.5224609375,30581485201,11376.51052734375,0.0080845807299676
2020-10-31,13546.5322265625,14028.2138671875,13457.5302734375,13780.9951171875,30306464719,11444.11212890625,0.0173086972635316
2020-11-01,13780.9951171875,13862.033203125,13628.3779296875,13737.109375,24453857900,11510.0108984375,-0.0031845118450674
2020-11-02,13737.0322265625,13808.3232421875,13243.16015625,13550.4892578125,30771455468,11574.54556640625,-0.0135851081980266
2020-11-03,13550.451171875,13984.9814453125,13325.44140625,13950.30078125,29869951617,11639.93482421875,0.02950532012761
2020-11-04,13950.48828125,14218.7666015625,13580.4716796875,14133.70703125,35116364962,11706.66994140625,0.0131471179636863
2020-11-05,14133.7333984375,15706.404296875,14102.0888671875,15579.8486328125,40856321439,11798.76880859375,0.1023186343374065
2020-11-06,15579.7294921875,15903.4375,15226.83984375,15565.880859375,39837841971,11891.10662109375,-0.0008965281862933
2020-11-07,15565.880859375,15737.095703125,14423.203125,14833.75390625,35024953706,11968.88998046875,-0.0470340843373509
2020-11-08,14833.75390625,15637.3203125,14744.1103515625,15479.5673828125,26632075029,12056.59439453125,0.0435367527764092
2020-11-09,15479.595703125,15785.13671875,14865.529296875,15332.3154296875,34149115566,12144.4752734375,-0.0095126659216909
2020-11-10,15332.3505859375,15450.3291015625,15124.9599609375,15290.90234375,25574938143,12241.048125,-0.0027010327388199
2020-11-11,15290.9091796875,15916.2607421875,15290.0068359375,15701.33984375,29772374934,12344.30572265625,0.026841941094978
2020-11-12,15701.298828125,16305.00390625,15534.771484375,16276.34375,34175758344,12464.9088671875,0.0366213273499003
2020-11-13,16276.4404296875,16463.177734375,15992.15234375,16317.80859375,31599492172,12576.0637109375,0.0025475527174214
2020-11-14,16317.80859375,16317.80859375,15749.193359375,16068.138671875,27481710135,12683.5721484375,-0.0153004565803417
2020-11-15,16068.1396484375,16123.1103515625,15793.5341796875,15955.587890625,23653867583,12787.66943359375,-0.0070045935965815
2020-11-16,15955.5771484375,16816.181640625,15880.7060546875,16716.111328125,31526766675,12906.48626953125,0.0476650213526046
2020-11-17,16685.69140625,17782.919921875,16564.544921875,17645.40625,39006849170,13045.20134765625,0.0555927693728297
2020-11-18,17645.19140625,18393.94921875,17352.90625,17804.005859375,49064800278,13184.38865234375,0.0089881529009852
2020-11-19,17803.861328125,18119.546875,17382.5546875,17817.08984375,36985055355,13325.040625,0.0007348899162549
2020-11-20,17817.083984375,18773.2265625,17765.794921875,18621.314453125,36992873940,13485.07787109375,0.045137820846602
2020-11-21,18621.31640625,18936.62109375,18444.359375,18642.232421875,39650210707,13646.40302734375,0.0011233347035009
2020-11-22,18642.232421875,18688.96875,17671.384765625,18370.001953125,41280434226,13802.816484375,-0.0146028899645388
2020-11-23,18370.017578125,18711.42578125,18000.796875,18364.12109375,42741112308,13956.70724609375,-0.0003201338459302
2020-11-24,18365.015625,19348.271484375,18128.65625,19107.46484375,51469565009,14122.98974609375,0.0404780466326257
2020-11-25,19104.41015625,19390.96484375,18581.146484375,18732.12109375,43710357371,14285.54404296875,-0.0196438278478776
2020-11-26,18729.83984375,18866.28515625,16351.03515625,17150.623046875,61396835737,14415.17712890625,-0.0844270672263948
2020-11-27,17153.9140625,17445.0234375,16526.423828125,17108.40234375,38886494645,14539.03146484375,-0.0024617591448197
2020-11-28,17112.93359375,17853.939453125,16910.65234375,17717.4140625,32601040734,14672.0905859375,0.0355972291575479
2020-11-29,17719.634765625,18283.62890625,17559.1171875,18177.484375,31133957704,14809.713046875,0.0259671253873197
2020-11-30,18178.322265625,19749.263671875,18178.322265625,19625.8359375,47728480399,14974.5461328125,0.0796783280139663
2020-12-01,19633.76953125,19845.974609375,18321.921875,18802.998046875,49633658712,15119.498828125,-0.0419262595104428
2020-12-02,18801.744140625,19308.330078125,18347.71875,19201.091796875,37387697139,15275.00267578125,0.0211718231851947
2020-12-03,19205.92578125,19566.19140625,18925.78515625,19445.3984375,31930317405,15435.3205078125,0.0127235806801757
2020-12-04,19446.966796875,19511.404296875,18697.193359375,18699.765625,33872388058,15579.408828125,-0.0383449490580797
2020-12-05,18698.384765625,19160.44921875,18590.193359375,19154.23046875,27242455064,15736.0509765625,0.0243032374235974
2020-12-06,19154.1796875,19390.5,18897.89453125,19345.12109375,25293775714,15895.7913671875,0.0099659772451541
2020-12-07,19343.12890625,19411.828125,18931.142578125,19191.630859375,26896357742,16049.956796875,-0.0079343124104087
2020-12-08,19191.529296875,19283.478515625,18269.9453125,18321.14453125,31692288756,16181.5389453125,-0.0453576006387062
2020-12-09,18320.884765625,18626.29296875,17935.546875,18553.916015625,34420373071,16314.29056640625,0.0127050733090372
2020-12-10,18553.298828125,18553.298828125,17957.064453125,18264.9921875,25547132265,16423.11662109375,-0.0155721211566165
2020-12-11,18263.9296875,18268.453125,17619.533203125,18058.904296875,27919640985,16524.976875,-0.0112832181097805
2020-12-12,18051.3203125,18919.55078125,18046.041015625,18803.65625,21752580802,16642.41921875,0.0412401517213796
2020-12-13,18806.765625,19381.53515625,18734.33203125,19142.3828125,25450468637,16763.105625,0.0180138669839808
2020-12-14,19144.4921875,19305.099609375,19012.708984375,19246.64453125,22473997681,16887.4150390625,0.0054466426552663
2020-12-15,19246.919921875,19525.0078125,19079.841796875,19417.076171875,26741982541,17014.2516015625,0.0088551352599814
2020-12-16,19418.818359375,21458.908203125,19298.31640625,21310.59765625,44409011479,17167.3791796875,0.0975183630951452
2020-12-17,21308.3515625,23642.66015625,21234.67578125,22805.162109375,71378606374,17358.05671875,0.0701324513386734
2020-12-18,22806.796875,23238.6015625,22399.8125,23137.9609375,40387896275,17552.05828125,0.0145931358228841
2020-12-19,23132.865234375,24085.85546875,22826.47265625,23869.83203125,38487546580,17758.52447265625,0.031630751548372
2020-12-20,23861.765625,24209.66015625,23147.7109375,23477.294921875,37844228422,17952.45046875,-0.0164449045498559
2020-12-21,23474.455078125,24059.982421875,22159.3671875,22803.08203125,45852713981,18133.769921875,-0.0287176564791031
2020-12-22,22794.0390625,23789.90234375,22430.60546875,23783.029296875,44171632681,18338.42072265625,0.0429743340958057
2020-12-23,23781.974609375,24024.490234375,22802.646484375,23241.345703125,51146161904,18524.24162109375,-0.0227760554380335
2020-12-24,23240.203125,23768.337890625,22777.59765625,23735.94921875,41080759713,18716.28646484375,0.0212811909406129
2020-12-25,23733.5703125,24710.1015625,23463.673828125,24664.791015625,42068395846,18897.9853125,0.0391322794093809
2020-12-26,24677.015625,26718.0703125,24522.689453125,26437.037109375,48332647295,19115.4084375,0.0718532783280949
2020-12-27,26439.373046875,28288.83984375,25922.76953125,26272.294921875,66479895605,19344.1792578125,-0.0062314920850786
2020-12-28,26280.822265625,27389.111328125,26207.640625,27084.80859375,49056742893,19576.28408203125,0.0309266348558869
2020-12-29,27081.810546875,27370.720703125,25987.298828125,27362.4375,45265946774,19816.8865234375,0.010250355112868
2020-12-30,27360.08984375,28937.740234375,27360.08984375,28840.953125,51287442704,20087.8875390625,0.0540344998503878
2020-12-31,28841.57421875,29244.876953125,28201.9921875,29001.720703125,46754964848,20353.89515625,0.0055742810380854
2021-01-01,28994.009765625,29600.626953125,28803.5859375,29374.15234375,40730301359,20615.851328125,0.0128417084088692
2021-01-02,29376.455078125,33155.1171875,29091.181640625,32127.267578125,67865420765,20932.0405078125,0.0937257763954093
2021-01-03,32129.408203125,34608.55859375,32052.31640625,32782.0234375,78665235202,21266.318203125,0.0203800668009754
2021-01-04,32810.94921875,33440.21875,28722.755859375,31971.9140625,81163475344,21586.6447265625,-0.0247120003603347
2021-01-05,31977.041015625,34437.58984375,30221.1875,33992.4296875,67547324782,21932.17109375,0.0631965800061333
2021-01-06,34013.61328125,36879.69921875,33514.03515625,36824.36328125,75289433811,22315.750234375,0.0833107141732614
2021-01-07,36833.875,40180.3671875,36491.19140625,39371.04296875,84762141031,22747.0909765625,0.0691574669750421
2021-01-08,39381.765625,41946.73828125,36838.63671875,40797.609375,88107519480,23206.7013671875,0.0362338992996023
2021-01-09,40788.640625,41436.3515625,38980.875,40254.546875,61984162837,23639.366015625,-0.0133111353414933
2021-01-10,40254.21875,41420.19140625,35984.62890625,38356.44140625,79980747690,24033.6501953125,-0.0471525732147494
2021-01-11,38346.53125,38346.53125,30549.599609375,35566.65625,123320567399,24377.58328125,-0.072733159124491
2021-01-12,35516.359375,36568.52734375,32697.9765625,33922.9609375,74773277909,24688.760078125,-0.0462145021715387
2021-01-13,33915.12109375,37599.9609375,32584.66796875,37316.359375,69364315979,25052.93796875,0.1000324955050955
2021-01-14,37325.109375,39966.40625,36868.5625,39187.328125,63615990033,25462.042109375,0.0501380301116258
2021-01-15,39156.70703125,39577.7109375,34659.58984375,36825.3671875,67760757881,25855.5369921875,-0.0602735897167012
2021-01-16,36821.6484375,37864.3671875,35633.5546875,36178.140625,57706187875,26236.9317578125,-0.0175755630406774
2021-01-17,36163.6484375,36722.3515625,34069.3203125,35791.27734375,52359854336,26598.4090234375,-0.0106932881172634
2021-01-18,35792.23828125,37299.28515625,34883.84375,36630.07421875,49511702429,26967.4608203125,0.0234357904285993
2021-01-19,36642.234375,37755.890625,36069.8046875,36069.8046875,57244195486,27296.3401953125,-0.0152953425074746
2021-01-20,36050.11328125,36378.328125,33570.4765625,35547.75,66834573161,27631.235234375,-0.0144734547919778
2021-01-21,35549.3984375,35552.6796875,30250.75,30825.69921875,75643067688,27863.7273828125,-0.1328368400602007
2021-01-22,30817.625,33811.8515625,28953.373046875,33005.76171875,77207272511,28134.9346484375,0.0707222400546216
2021-01-23,32985.7578125,33360.9765625,31493.16015625,32067.642578125,48354737975,28402.2921875,-0.0284228901795673
2021-01-24,32064.376953125,32944.0078125,31106.685546875,32289.37890625,48643830599,28664.99515625,0.0069146438683416
2021-01-25,32285.798828125,34802.7421875,32087.787109375,32366.392578125,59897054838,28925.4205859375,0.0023851084933719
2021-01-26,32358.61328125,32794.55078125,31030.265625,32569.849609375,60255421470,29192.9849609375,0.0062860583167834
2021-01-27,32564.029296875,32564.029296875,29367.138671875,30432.546875,62576762015,29435.2130078125,-0.0656221247567502
2021-01-28,30441.041015625,33858.3125,30023.20703125,33466.09765625,76517157706,29733.456640625,0.0996811339422276
2021-01-29,34318.671875,38406.26171875,32064.814453125,34316.38671875,117894572511,30054.48453125,0.0254074756858064
2021-01-30,34295.93359375,34834.70703125,32940.1875,34269.5234375,65141828798,30378.6969140625,-0.0013656239986477
2021-01-31,34270.87890625,34288.33203125,32270.17578125,33114.359375,52754542671,30664.9109765625,-0.0337082032846696
2021-02-01,33114.578125,34638.21484375,32384.228515625,33537.17578125,61400400660,30952.8068359375,0.0127683704057766
2021-02-02,33533.19921875,35896.8828125,33489.21875,35510.2890625,63088585433,31278.0797265625,0.0588336147957078
2021-02-03,35510.8203125,37480.1875,35443.984375,37472.08984375,61166818159,31639.18,0.0552459817434074
2021-02-04,37475.10546875,38592.17578125,36317.5,36926.06640625,68838074392,31951.489375,-0.0145714701202092
2021-02-05,36931.546875,38225.90625,36658.76171875,38144.30859375,58598066402,32258.2723046875,0.0329913880914702
2021-02-06,38138.38671875,40846.546875,38138.38671875,39266.01171875,71326033653,32580.8333203125,0.0294068280787711
2021-02-07,39250.19140625,39621.8359375,37446.15234375,38903.44140625,65500641143,32881.5055078125,-0.0092336933808551
2021-02-08,38886.828125,46203.9296875,38076.32421875,46196.46484375,101467222687,33335.88890625,0.1874647376652993
2021-02-09,46184.9921875,48003.72265625,45166.9609375,46481.10546875,91809846886,33809.449375,0.0061615239599552
2021-02-10,46469.76171875,47145.56640625,43881.15234375,44918.18359375,87301089896,34232.1524609375,-0.0336248860529098
2021-02-11,44898.7109375,48463.46875,44187.76171875,47909.33203125,81388911810,34725.5121875,0.0665910372634968
2021-02-12,47877.03515625,48745.734375,46424.9765625,47504.8515625,76555041196,35200.890234375,-0.0084426238396763
2021-02-13,47491.203125,48047.74609375,46392.28125,47105.515625,70250456155,35649.7047265625,-0.0084062137732313
2021-02-14,47114.5078125,49487.640625,47114.5078125,48717.2890625,71248675228,36095.309765625,0.0342162359569755
2021-02-15,48696.53515625,48875.5703125,46347.4765625,47945.05859375,77069903166,36528.7650390625,-0.0158512610945837
2021-02-16,47944.45703125,50341.1015625,47201.3046875,49199.87109375,77049582886,36971.0662890625,0.0261718837520321
2021-02-17,49207.27734375,52533.9140625,49072.37890625,52149.0078125,80820545404,37466.7976953125,0.0599419602773032
2021-02-18,52140.97265625,52474.10546875,51015.765625,51679.796875,52054723579,37923.5745703125,-0.0089975045965789
2021-02-19,51675.98046875,56113.65234375,50937.27734375,55888.1328125,63495496918,38461.3028125,0.0814309690047518
2021-02-20,55887.3359375,57505.2265625,54626.55859375,56099.51953125,68145460026,38995.81015625,0.003782318501482
2021-02-21,56068.56640625,58330.5703125,55672.609375,57539.9453125,51897585191,39504.0637109375,0.0256762587859173
2021-02-22,57532.73828125,57533.390625,48967.56640625,54207.3203125,92052420332,39932.5696484375,-0.0579184596353103
2021-02-23,54204.9296875,54204.9296875,45290.58984375,48824.42578125,106102492824,40269.6198828125,-0.0993019854185399
2021-02-24,48835.0859375,51290.13671875,47213.5,49705.33203125,63695521388,40583.8779296875,0.0180423268866849
2021-02-25,49709.08203125,51948.96875,47093.8515625,47093.8515625,54506565949,40789.2676953125,-0.0525392420094518
2021-02-26,47180.46484375,48370.78515625,44454.84375,46339.76171875,350967941479,40928.6420703125,-0.0160124903512981
2021-02-27,46344.7734375,48253.26953125,45269.02734375,46188.453125,45910946382,41036.4589453125,-0.0032652000816995
2021-02-28,46194.015625,46716.4296875,43241.6171875,45137.76953125,53443887451,41134.1233984375,-0.0227477545287462
2021-03-01,45159.50390625,49784.015625,45115.09375,49631.2421875,53891300112,41359.6194140625,0.0995501705758645
2021-03-02,49612.10546875,50127.51171875,47228.84375,48378.98828125,47530897720,41615.8660546875,-0.0252311618862803
2021-03-03,48415.81640625,52535.13671875,48274.3203125,50538.2421875,53220811975,41948.1716796875,0.0446320599698619
2021-03-04,50522.3046875,51735.08984375,47656.9296875,48561.16796875,52343816680,42173.0678515625,-0.0391203598141568
2021-03-05,48527.03125,49396.4296875,46542.515625,48927.3046875,48625928883,42367.8673828125,0.0075397016600922
2021-03-06,48899.23046875,49147.21875,47257.52734375,48912.3828125,34363564661,42609.6076953125,-0.0003049805235605
2021-03-07,48918.6796875,51384.3671875,48918.6796875,51206.69140625,43137459378,42910.1787109375,0.0469064981467979
2021-03-08,51174.1171875,52314.0703125,49506.0546875,52246.5234375,48597428048,43239.2836328125,0.020306565464276
2021-03-09,52272.96875,54824.1171875,51981.83203125,54824.1171875,50912227385,43603.1644921875,0.049335220420617
2021-03-10,54824.01171875,57258.25390625,53290.890625,56008.55078125,57295577614,44001.9394140625,0.0216042437983854
2021-03-11,55963.1796875,58091.0625,54484.59375,57805.12109375,56772343595,44447.0868359375,0.0320767148487162
2021-03-12,57821.21875,57996.62109375,55376.6484375,57332.08984375,55689944702,44977.2146484375,-0.0081832066268457
2021-03-13,57343.37109375,61683.86328125,56217.97265625,61243.0859375,60669829814,45541.9611328125,0.0682165276795043
2021-03-14,61221.1328125,61597.91796875,59302.31640625,59302.31640625,43901225564,46086.654609375,-0.0316896103705583
2021-03-15,59267.4296875,60540.9921875,55393.1640625,55907.19921875,66419369890,46559.011015625,-0.0572510045685531
2021-03-16,55840.78515625,56833.1796875,53555.02734375,56804.90234375,59749798599,47047.7812109375,0.0160570219496691
2021-03-17,56825.828125,58969.81640625,54528.62890625,58870.89453125,60258313191,47573.802109375,0.0363699628422531
2021-03-18,58893.078125,60116.25,54253.578125,57858.921875,55746041000,48122.329609375,-0.0171896938938616
2021-03-19,57850.44140625,59498.375,56643.703125,58346.65234375,49063873786,48619.940703125,0.0084296501376868
2021-03-20,58332.26171875,60031.28515625,58213.296875,58313.64453125,50361731222,49099.885859375,-0.0005657190459794
2021-03-21,58309.9140625,58767.8984375,56005.6171875,57523.421875,51943414539,49564.963828125,-0.0135512479558111
2021-03-22,57517.890625,58471.48046875,54288.15625,54529.14453125,56521454974,49993.25953125,-0.052053185400838
2021-03-23,54511.66015625,55985.44140625,53470.6953125,54738.9453125,56435023914,50417.294921875,0.0038474981233158
2021-03-24,54710.48828125,57262.3828125,52514.33203125,52774.265625,70567223787,50762.574453125,-0.035891807492523
2021-03-25,52726.74609375,53392.38671875,50856.5703125,51704.16015625,67999812841,51047.215859375,-0.0202770319222229
2021-03-26,51683.01171875,55137.3125,51579.85546875,55137.3125,56652197978,51411.44078125,0.0663999247521864
2021-03-27,55137.56640625,56568.21484375,54242.91015625,55973.51171875,47266542233,51768.02484375,0.0151657594618888
2021-03-28,55974.94140625,56610.3125,55071.11328125,55950.74609375,47686580918,52101.71953125,-0.0004067213991215
2021-03-29,55947.8984375,58342.09765625,55139.33984375,57750.19921875,57625587027,52478.6546875,0.0321613785450665
2021-03-30,57750.1328125,59447.22265625,57251.55078125,58917.69140625,54414116432,52733.07921875,0.0202162451955827
2021-03-31,58930.27734375,59930.02734375,57726.41796875,58918.83203125,65520826225,52981.83375,1.9359634988669328e-05
2021-04-01,58926.5625,59586.0703125,58505.27734375,59095.80859375,61669163792,53265.38625,0.0030037350775407
2021-04-02,59098.87890625,60267.1875,58869.28125,59384.3125,58727860620,53494.885859375,0.0048819690112593
2021-04-03,59397.41015625,60110.26953125,57603.890625,57603.890625,59641344484,53696.866640625,-0.0299813502934802
2021-04-04,57604.83984375,58913.74609375,57168.67578125,58758.5546875,50749662970,53929.927421875,0.0200448971410081
2021-04-05,58760.875,59891.296875,57694.82421875,59057.87890625,60706272115,54136.73921875,0.0050941385529632
2021-04-06,59171.93359375,59479.578125,57646.80859375,58192.359375,66058027988,54341.685234375,-0.0146554455947182
2021-04-07,58186.5078125,58731.14453125,55604.0234375,56048.9375,75645303584,54478.6665625,-0.0368333901223608
2021-04-08,56099.9140625,58338.73828125,55879.0859375,58323.953125,53053855641,54602.16546875,0.0405898082367752
2021-04-09,58326.5625,58937.046875,57807.86328125,58245.00390625,46655208546,54733.469609375,-0.0013536328475677
2021-04-10,58253.77734375,61276.6640625,58038.70703125,59793.234375,58238470525,54811.571640625,0.0265813437190596
2021-04-11,59846.23046875,60790.5546875,59289.796875,60204.96484375,46280252580,54893.680546875,0.0068859039497308
2021-04-12,60175.9453125,61253.03515625,59589.875,59893.453125,51828688519,54940.750703125,-0.0051741865402374
2021-04-13,59890.01953125,63742.28515625,59869.95703125,63503.45703125,69983454362,55126.6734375,0.0602737647922182
2021-04-14,63523.75390625,64863.09765625,61554.796875,63109.6953125,77451779687,55412.378828125,-0.006200634377373
2021-04-15,63075.1953125,63821.671875,62208.96484375,63314.01171875,60954381579,55684.552421875,0.0032374804732979
2021-04-16,63258.50390625,63594.72265625,60222.53125,61572.7890625,84293007468,55974.131171875,-0.0275013793784661
2021-04-17,61529.921875,62572.17578125,60361.3515625,60683.8203125,66138759198,56261.01234375,-0.0144376885233774
2021-04-18,60701.88671875,61057.45703125,52829.53515625,56216.18359375,97468872758,56461.566953125,-0.0736215468265391
2021-04-19,56191.5859375,57520.0546875,54368.59375,55724.265625,65344865159,56673.296875,-0.0087504689451151
2021-04-20,55681.79296875,57062.1484375,53448.046875,56473.03125,67849323955,56810.13265625,0.0134369760929442
2021-04-21,56471.12890625,56757.97265625,53695.46875,53906.08984375,54926612466,56920.6746875,-0.0454542876384026
2021-04-22,53857.10546875,55410.23046875,50583.8125,51762.2734375,74798630778,56945.1553125,-0.0397694659817468
2021-04-23,51739.80859375,52120.79296875,47714.6640625,51093.65234375,86668667320,56995.805,-0.0129171508387729
2021-04-24,51143.2265625,51167.5625,48805.28515625,50050.8671875,49014494781,57018.27625,-0.0204092897731074
2021-04-25,50052.83203125,50506.01953125,47159.484375,49004.25390625,46117114240,57020.113671875,-0.0209109919580251
2021-04-26,49077.79296875,54288.00390625,48852.796875,54021.75390625,58284039825,57076.414921875,0.1023890703366074
2021-04-27,54030.3046875,55416.96484375,53319.1875,55033.1171875,49448222757,57132.146796875,0.0187214077315063
2021-04-28,55036.63671875,56227.20703125,53887.91796875,54824.703125,48000572955,57132.158515625,-0.0037870662821065
2021-04-29,54858.08984375,55115.84375,52418.02734375,53555.109375,46088929780,57083.0896875,-0.0231573301383015
2021-04-30,53568.6640625,57900.71875,53129.6015625,57750.17578125,52395931985,57081.99078125,0.0783317680648467
2021-05-01,57714.6640625,58448.33984375,57052.2734375,57828.05078125,42836427360,57091.91,0.0013484807439372
2021-05-02,57825.86328125,57902.59375,56141.90625,56631.078125,38177405335,56999.66984375,-0.0206988241878991
2021-05-03,56620.2734375,58973.30859375,56590.87109375,57200.29296875,51713139031,56957.629375,0.0100512803675323
2021-05-04,57214.1796875,57214.1796875,53191.42578125,53333.5390625,68564706967,56906.156171875,-0.0676002465295502
2021-05-05,53252.1640625,57911.36328125,52969.0546875,57424.0078125,69241316747,56918.53828125,0.0766959932136981
2021-05-06,57441.30859375,58363.31640625,55382.5078125,56396.515625,69523285106,56869.050703125,-0.0178930768965995
2021-05-07,56413.953125,58606.6328125,55321.84765625,57356.40234375,68434023376,56859.0003125,0.0170203195731561
2021-05-08,57352.765625,59464.61328125,56975.2109375,58803.77734375,65382980634,56868.1428125,0.0252347591699624
2021-05-09,58877.390625,59210.8828125,56482.00390625,58232.31640625,65906690347,56866.51625,-0.0097180991309351
2021-05-10,58250.87109375,59519.35546875,54071.45703125,55859.796875,71776546298,56833.24375,-0.0407423176282123
2021-05-11,55847.2421875,56872.54296875,54608.65234375,56704.57421875,61308396325,56876.75234375,0.0151231724963196
2021-05-12,56714.53125,57939.36328125,49150.53515625,49150.53515625,75215403907,56764.984140625,-0.1332174549686006
2021-05-13,49735.43359375,51330.84375,46980.01953125,49716.19140625,96721152926,56703.82265625,0.0115086488519764
2021-05-14,49682.98046875,51438.1171875,48868.578125,49880.53515625,55737497453,56667.35015625,0.0033056383715535
2021-05-15,49855.49609375,50639.6640625,46664.140625,46760.1875,59161047474,56499.80765625,-0.0625564189813834
2021-05-16,46716.63671875,49720.04296875,43963.3515625,46456.05859375,64047871555,56309.45859375,-0.0065040138312105
2021-05-17,46415.8984375,46623.55859375,42207.2890625,43537.51171875,74903638450,56061.19390625,-0.0628238159530961
2021-05-18,43488.05859375,45812.45703125,42367.83203125,42909.40234375,56187365084,55764.37796875,-0.0144268551463747
2021-05-19,42944.9765625,43546.1171875,30681.49609375,37002.44140625,126358098747,55326.07296875,-0.1376612260916373
2021-05-20,36753.66796875,42462.984375,35050.6171875,40782.73828125,88281943359,54963.35109375,0.1021634446629102
2021-05-21,40596.94921875,42172.171875,33616.453125,37304.69140625,82051616861,54527.52875,-0.0852823282981722
2021-05-22,37371.03125,38831.0546875,35383.68359375,37536.6328125,57377273240,54090.57515625,0.0062174862599491
2021-05-23,37531.44921875,38289.21875,31227.33984375,34770.58203125,78469274361,53633.908984375,-0.0736893688644572
2021-05-24,34700.36328125,39835.140625,34551.08203125,38705.98046875,67359584098,53232.8575,0.1131818395781545
2021-05-25,38795.78125,39776.3515625,36581.4296875,38402.22265625,56211915803,52819.744375,-0.0078478263260955
2021-05-26,38392.625,40782.078125,37905.8359375,39294.19921875,51346735160,52441.781171875,0.023227211885217
2021-05-27,39316.890625,40379.6171875,37247.90234375,38436.96875,43210968721,52089.541796875,-0.0218157001744154
2021-05-28,38507.08203125,38856.96875,34779.0390625,35697.60546875,55200191952,51637.01484375,-0.0712689728232016
2021-05-29,35684.15625,37234.5,33693.9296875,34616.06640625,45231013335,51164.43609375,-0.0302972439831233
2021-05-30,34607.40625,36400.66796875,33520.73828125,35678.12890625,31646080921,50682.133984375,0.0306812012530759
2021-05-31,35658.59375,37468.25,34241.9453125,37332.85546875,39009847639,50224.691796875,0.0463792977162018
2021-06-01,37293.79296875,37896.734375,35787.0859375,36684.92578125,34639423297,49760.52125,-0.0173554816358035
2021-06-02,36699.921875,38231.33984375,35966.30859375,37575.1796875,33070867190,49241.955703125,0.0242675673261145
2021-06-03,37599.41015625,39478.953125,37243.97265625,39208.765625,35460750427,48763.937109375,0.0434751330821563
2021-06-04,39242.484375,39242.484375,35717.72265625,36894.40625,41831090187,48235.545,-0.0590265808705882
2021-06-05,36880.15625,37917.71484375,34900.4140625,35551.95703125,35959473399,47715.128359375,-0.0363862535055703
2021-06-06,35538.609375,36436.421875,35304.578125,35862.37890625,28913440585,47218.69953125,0.008731498936251
2021-06-07,35835.265625,36790.5703125,33480.640625,33560.70703125,33683936663,46765.59,-0.064180680289418
2021-06-08,33589.51953125,34017.38671875,31114.443359375,33472.6328125,49902050442,46320.55734375,-0.0026243254847995
2021-06-09,33416.9765625,37537.37109375,32475.865234375,37345.12109375,53972919008,45937.999140625,0.1156911768172552
2021-06-10,37389.515625,38334.32421875,35847.59375,36702.59765625,43576032854,45593.929296875,-0.0172050168450927
2021-06-11,36697.03125,37608.6953125,36044.44921875,37334.3984375,38699736985,45305.371796875,0.0172140617175746
2021-06-12,37340.14453125,37408.92578125,34728.19140625,35552.515625,37924228550,44994.5490625,-0.0477276422568579
2021-06-13,35555.7890625,39322.78125,34864.109375,39097.859375,40669112838,44775.48890625,0.0997213189467518
2021-06-14,39016.96875,40978.36328125,38757.28515625,40218.4765625,43148914673,44599.773359375,0.0286618552885926
2021-06-15,40427.16796875,41295.26953125,39609.46875,40406.26953125,46420149185,44327.463671875,0.0046693207898655
2021-06-16,40168.69140625,40516.77734375,38176.03515625,38347.0625,39211635100,43993.742578125,-0.0509625623730847
2021-06-17,38341.421875,39513.671875,37439.67578125,38053.50390625,37096670047,43658.31859375,-0.0076553085063556
2021-06-18,38099.4765625,38187.26171875,35255.85546875,35787.24609375,36200887275,43302.961328125,-0.0595545108824469
2021-06-19,35854.52734375,36457.796875,34933.0625,35615.87109375,31207279719,42860.275234375,-0.0047887171745782
2021-06-20,35563.140625,36059.484375,33432.07421875,35698.296875,36664034054,42417.68015625,0.0023142991795155
2021-06-21,35641.14453125,35721.640625,31295.935546875,31676.693359375,52809038594,41918.5924609375,-0.1126553328218126
2021-06-22,31622.376953125,33292.453125,28893.62109375,32505.66015625,58964353058,41424.6998046875,0.026169612701373
2021-06-23,32515.71484375,34753.41015625,31772.6328125,33723.02734375,46317108925,41032.4895703125,0.0374509295196066
2021-06-24,33682.80078125,35228.8515625,32385.21484375,34662.4375,33123368116,40577.2581640625,0.0278566377411577
2021-06-25,34659.10546875,35487.24609375,31350.884765625,31637.779296875,40230904226,40082.0834375,-0.0872604012088013
2021-06-26,31594.6640625,32637.587890625,30184.501953125,32186.27734375,38585385521,39578.6809375,0.0173368061559611
2021-06-27,32287.5234375,34656.12890625,32071.7578125,34649.64453125,35511640894,39095.59828125,0.076534703320648
2021-06-28,34679.12109375,35219.890625,33902.07421875,34434.3359375,33892523752,38619.638671875,-0.0062138759765866
2021-06-29,34475.55859375,36542.109375,34252.484375,35867.77734375,37901460044,38219.79828125,0.0416282575871875
2021-06-30,35908.38671875,36074.7578125,34086.15234375,35040.8359375,34059036099,37786.523515625,-0.0230552732143045
2021-07-01,35035.984375,35035.984375,32883.78125,33572.1171875,37838957079,37474.95515625,-0.0419144895007543
2021-07-02,33549.6015625,33939.58984375,32770.6796875,33897.046875,38728974942,37158.572265625,0.0096785581226608
2021-07-03,33854.421875,34909.26171875,33402.6953125,34668.546875,24383958643,36854.3325,0.0227600947907058
2021-07-04,34665.56640625,35937.56640625,34396.4765625,35287.78125,24924307911,36624.884375,0.0178615612945272
2021-07-05,35284.34375,35284.34375,33213.66015625,33746.00390625,26721554282,36370.68328125,-0.0436915354022151
2021-07-06,33723.5078125,35038.53515625,33599.91796875,34235.1953125,26501259870,36184.636953125,0.0144962765846001
2021-07-07,34225.6796875,34997.6640625,33839.2890625,33855.328125,24796027477,36003.55546875,-0.0110958089776488
2021-07-08,33889.60546875,33907.90625,32133.18359375,32877.37109375,29910396946,35921.0540625,-0.0288863551296624
2021-07-09,32861.671875,34042.29296875,32318.880859375,33798.01171875,27436021028,35781.35953125,0.0280022579169967
2021-07-10,33811.2421875,34209.0703125,33116.01171875,33520.51953125,22971873468,35705.67609375,-0.0082103110031782
2021-07-11,33509.078125,34584.703125,33346.73828125,34240.1875,20108729370,35639.7471875,0.0214694753784792
2021-07-12,34254.015625,34592.15625,32697.30859375,33155.84765625,24321499537,35607.4525,-0.0316686304287907
2021-07-13,33125.46875,33327.1015625,32261.419921875,32702.025390625,19120856669,35487.3733984375,-0.0136875482819831
2021-07-14,32723.845703125,33061.3984375,31639.125,32822.34765625,21376531210,35375.7758984375,0.0036793520947939
2021-07-15,32827.875,33159.640625,31175.708984375,31780.73046875,21300524237,35225.5065234375,-0.0317349995316881
2021-07-16,31841.55078125,32218.40625,31100.673828125,31421.5390625,23699476918,35085.1979296875,-0.0113021759082344
2021-07-17,31397.30859375,31935.9453125,31223.990234375,31533.068359375,18895018942,35001.9071875,0.0035494536614886
2021-07-18,31533.884765625,32398.99609375,31215.4921875,31796.810546875,18787986667,34945.5220703125,0.008363987433579
2021-07-19,31800.01171875,31885.859375,30563.734375,30817.83203125,20434789545,34848.3161328125,-0.030788575922789
2021-07-20,30838.28515625,31006.1875,29360.955078125,29807.34765625,23148267245,34697.8059765625,-0.0327889506950178
2021-07-21,29796.28515625,32752.326171875,29526.18359375,32110.693359375,28203024559,34606.321328125,0.0772744267516882
2021-07-22,32138.873046875,32576.400390625,31745.298828125,32313.10546875,19555230518,34501.07984375,0.006303573302191
2021-07-23,32305.958984375,33581.55078125,32057.892578125,33581.55078125,22552046192,34388.535546875,0.039254825375008
2021-07-24,33593.73046875,34490.390625,33424.859375,34292.4453125,21664706865,34336.496328125,0.0211691990009861
2021-07-25,34290.29296875,35364.92578125,33881.8359375,35350.1875,20856685287,34332.4609375,0.0308447583093305
2021-07-26,35384.03125,40499.67578125,35287.3125,37337.53515625,51022126212,34361.9640625,0.0562188717174414
2021-07-27,37276.03515625,39406.94140625,36441.7265625,39406.94140625,35097370560,34478.88875,0.0554242866150631
2021-07-28,39503.1875,40816.0703125,38862.4375,39995.90625,38702404695,34609.35421875,0.01494571318485
2021-07-29,39995.453125,40593.0703125,39352.05859375,40008.421875,27167146027,34662.620234375,0.0003129226506775
2021-07-30,40027.484375,42235.546875,38397.35546875,42235.546875,33072782960,34773.27921875,0.0556664046124664
2021-07-31,42196.3046875,42231.44921875,41110.83203125,41626.1953125,25802845343,34859.11515625,-0.0144274576177131
2021-08-01,41460.84375,42541.6796875,39540.94140625,39974.89453125,26688438115,34947.562734375,-0.0396697504745078
2021-08-02,39907.26171875,40419.1796875,38746.34765625,39201.9453125,25595265436,34949.644453125,-0.0193358663684717
2021-08-03,39178.40234375,39750.03125,37782.05078125,38152.98046875,26189830450,34908.33453125,-0.0267579793652619
2021-08-04,38213.33203125,39952.296875,37589.1640625,39747.50390625,25372562724,34895.15921875,0.0417928931871005
2021-08-05,39744.515625,41341.93359375,37458.00390625,40869.5546875,35185031017,34945.6090625,0.0282294652740084
2021-08-06,40865.8671875,43271.66015625,39932.1796875,42816.5,38226483046,35040.868984375,0.0476380358774859
2021-08-07,42832.796875,44689.859375,42618.56640625,44555.80078125,40030862141,35216.240078125,0.0406222082900282
2021-08-08,44574.4375,45282.3515625,43331.91015625,43798.1171875,36302664750,35379.885,-0.0170052738468309
2021-08-09,43791.92578125,46456.83203125,42848.6875,46365.40234375,38734079049,35593.227109375,0.0586163360689555
2021-08-10,46280.84765625,46637.98828125,44705.5546875,45585.03125,33546019517,35871.3938671875,-0.0168308923098386
2021-08-11,45599.703125,46735.6328125,45351.7109375,45593.63671875,34319709073,36133.1533984375,0.000188778388739
2021-08-12,45576.87890625,46228.91015625,43861.4453125,44428.2890625,33723620826,36347.2586328125,-0.0255594363625475
2021-08-13,44439.69140625,47831.9765625,44282.41796875,47793.3203125,31744259539,36609.8762890625,0.0757407345861598
2021-08-14,47810.6875,48098.68359375,46177.6328125,47096.9453125,31211354442,36919.059609375,-0.0145705507683229
2021-08-15,47096.66796875,47357.10546875,45579.58984375,47047.00390625,30988958446,37216.274140625,-0.0010603958689597
2021-08-16,47019.9609375,47998.09765625,45700.3203125,46004.484375,32776876610,37443.3709375,-0.0221591056749844
2021-08-17,45936.45703125,47139.5703125,44512.41796875,44695.359375,33451362600,37648.59140625,-0.0284564650117329
2021-08-18,44686.75,45952.0625,44364.02734375,44801.1875,32194123075,37827.259609375,0.0023677653895135
2021-08-19,44741.8828125,46970.76171875,43998.31640625,46717.578125,37204312299,38060.794453125,0.0427754426152209
2021-08-20,46723.12109375,49342.15234375,46650.70703125,49339.17578125,34706867452,38376.135625,0.0561158724717174
2021-08-21,49327.07421875,49717.01953125,48312.19921875,48905.4921875,40585205312,38676.30453125,-0.0087898426936189
2021-08-22,48869.10546875,49471.609375,48199.94140625,49321.65234375,25370975378,38969.366640625,0.008509476904035
2021-08-23,49291.67578125,50482.078125,49074.60546875,49546.1484375,34305053719,39254.533984375,0.0045516742258624
2021-08-24,49562.34765625,49878.76953125,47687.1171875,47706.1171875,35361168834,39533.73625,-0.0371377252930388
2021-08-25,47727.2578125,49202.87890625,47163.61328125,48960.7890625,32646349931,39828.248125,0.0263000208142856
2021-08-26,49002.640625,49347.58203125,46405.78125,46942.21875,32666549568,40089.9859375,-0.0412283043462234
2021-08-27,46894.5546875,49112.78515625,46394.28125,49058.66796875,34511076995,40413.611875,0.0450862629655739
2021-08-28,49072.5859375,49283.50390625,48499.23828125,48902.40234375,28568103401,40715.6996875,-0.0031852806337819
2021-08-29,48911.25,49644.11328125,47925.85546875,48829.83203125,25889650240,41021.8859375,-0.001483982565721
2021-08-30,48834.8515625,48925.60546875,46950.2734375,47054.984375,31847007016,41278.181875,-0.0363476092875793
2021-08-31,47024.33984375,48189.55078125,46750.09375,47166.6875,34730363427,41558.398671875,0.0023738850726162
2021-09-01,47099.7734375,49111.08984375,46562.4375,48847.02734375,39139399125,41881.2987109375,0.0356255639904752
2021-09-02,48807.84765625,50343.421875,48652.3203125,49327.72265625,39508070319,42211.4062109375,0.0098408304177286
2021-09-03,49288.25,50982.2734375,48386.0859375,50025.375,43206179619,42576.2991015625,0.0141432100689449
2021-09-04,50009.32421875,50545.58203125,49548.78125,49944.625,37471327794,42946.7608203125,-0.0016141808032423
2021-09-05,49937.859375,51868.6796875,49538.59765625,51753.41015625,30322676319,43351.16765625,0.0362158121369415
2021-09-06,51769.00390625,52700.94140625,51053.6796875,52633.53515625,38884105426,43767.9021484375,0.0170061257285807
2021-09-07,52660.48046875,52853.765625,43285.20703125,46811.12890625,65210059683,44087.7680859375,-0.1106216071695616
2021-09-08,46827.76171875,47334.0546875,44561.39453125,46091.390625,49007762488,44413.4489453125,-0.0153753668853284
2021-09-09,45774.7421875,47261.94921875,45669.73828125,46391.421875,38672657013,44699.063515625,0.0065094857397784
2021-09-10,46396.6640625,47031.7421875,44344.484375,44883.91015625,39154666597,44950.479609375,-0.0324954842473235
2021-09-11,44869.83984375,45969.29296875,44818.265625,45201.45703125,34499835245,45182.877734375,0.007074848735205
2021-09-12,45206.62890625,46364.87890625,44790.4609375,46063.26953125,27881980161,45418.29421875,0.0190660336325925
2021-09-13,46057.21484375,46598.6796875,43591.3203125,44963.07421875,40969943253,45610.551953125,-0.0238844381585552
2021-09-14,44960.05078125,47218.125,44752.33203125,47092.4921875,38652152880,45805.65109375,0.0473592610325122
2021-09-15,47098.0,48450.46875,46773.328125,48176.34765625,30484496466,45981.03921875,0.0230154620918043
2021-09-16,48158.90625,48486.828125,47079.55859375,47783.359375,31764293754,46136.78828125,-0.0081572867261351
2021-09-17,47771.00390625,48160.921875,46832.5234375,47267.51953125,28727713711,46281.970234375,-0.0107953867308016
2021-09-18,47273.52734375,48791.78125,47087.28515625,48278.36328125,28575630451,46402.8265625,0.021385589090024
2021-09-19,48268.85546875,48328.3671875,46919.8046875,47260.21875,26967722648,46515.50703125,-0.021089044077959
2021-09-20,47261.40625,47328.19921875,42598.9140625,42843.80078125,43909845642,46572.88515625,-0.0934489531695195
2021-09-21,43012.234375,43607.609375,39787.609375,40693.67578125,48701090088,46602.719765625,-0.0501852067461991
2021-09-22,40677.953125,43978.62109375,40625.6328125,43574.5078125,38139709246,46711.1503125,0.0707931140636199
2021-09-23,43560.296875,44942.17578125,43109.33984375,44895.09765625,34244064430,46814.1021875,0.0303064775724482
2021-09-24,44894.30078125,45080.4921875,40936.55859375,42839.75,42839345714,46853.50609375,-0.0457811156128283
2021-09-25,42840.890625,42996.2578125,41759.921875,42716.59375,31604717236,46851.50796875,-0.0028748125280843
2021-09-26,42721.62890625,43919.30078125,40848.4609375,43208.5390625,30661222077,46824.562734375,0.0115164920540977
2021-09-27,43234.18359375,44313.24609375,42190.6328125,42235.73046875,30980029059,46793.315,-0.0225142671994269
2021-09-28,42200.8984375,42775.14453125,40931.6640625,41034.54296875,30214940550,46686.6978125,-0.0284400787359118
2021-09-29,41064.984375,42545.2578125,40829.66796875,41564.36328125,30602359905,46606.284453125,0.0129115685022613
2021-09-30,41551.26953125,44092.6015625,41444.58203125,43790.89453125,31141681925,46570.229609375,0.0535682751816484
2021-10-01,43816.7421875,48436.01171875,43320.0234375,48116.94140625,42850641582,46644.00265625,0.0987887304268892
2021-10-02,48137.46875,48282.0625,47465.49609375,47711.48828125,30614346492,46642.366015625,-0.0084264110134676
2021-10-03,47680.02734375,49130.69140625,47157.2890625,48199.953125,26638115879,46664.426171875,0.010237887379882
2021-10-04,48208.90625,49456.77734375,47045.00390625,49112.90234375,33383173002,46705.744140625,0.0189408735809843
2021-10-05,49174.9609375,51839.984375,49072.83984375,51514.8125,35873904236,46815.950703125,0.0489058891172546
2021-10-06,51486.6640625,55568.46484375,50488.19140625,55361.44921875,49034730168,47029.2725,0.0746704982911468
2021-10-07,55338.625,55338.625,53525.46875,53805.984375,36807860413,47209.3684375,-0.02809653406297
2021-10-08,53802.14453125,55922.98046875,53688.0546875,53967.84765625,34800873924,47354.373828125,0.0030082765538104
2021-10-09,53929.78125,55397.9453125,53735.14453125,54968.22265625,32491211414,47466.954765625,0.0185364998502797
2021-10-10,54952.8203125,56401.3046875,54264.2578125,54771.578125,39527792364,47584.276484375,-0.003577422040362
2021-10-11,54734.125,57793.0390625,54519.765625,57484.7890625,42637331698,47747.53921875,0.0495368406458527
2021-10-12,57526.83203125,57627.87890625,54477.97265625,56041.05859375,41083758949,47877.437421875,-0.0251149998511834
2021-10-13,56038.2578125,57688.66015625,54370.97265625,57401.09765625,41684252783,48071.33703125,0.0242686183421181
2021-10-14,57372.83203125,58478.734375,56957.07421875,57321.5234375,36615791366,48238.55171875,-0.0013862839213726
2021-10-15,57345.90234375,62757.12890625,56868.14453125,61593.94921875,51780081801,48531.586328125,0.0745344074099565
2021-10-16,61609.52734375,62274.4765625,60206.12109375,60892.1796875,34250964237,48768.2565625,-0.0113934816674552
2021-10-17,60887.65234375,61645.5234375,59164.46875,61553.6171875,29032367511,49021.280859375,0.0108624375641421
2021-10-18,61548.8046875,62614.66015625,60012.7578125,62026.078125,38055562075,49285.20578125,0.0076755998930302
2021-10-19,62043.1640625,64434.53515625,61622.93359375,64261.9921875,40471196346,49629.3459375,0.036047967727284
2021-10-20,64284.5859375,66930.390625,63610.67578125,65992.8359375,40788955582,50005.86890625,0.0269341751022882
2021-10-21,66002.234375,66600.546875,62117.41015625,62210.171875,45908121370,50273.131796875,-0.0573193136612958
2021-10-22,62237.890625,63715.0234375,60122.796875,60692.265625,38434082775,50500.42265625,-0.0243996472642762
2021-10-23,60694.62890625,61743.87890625,59826.5234375,61393.6171875,26882546034,50727.7875,0.011555863919028
2021-10-24,61368.34375,61505.8046875,59643.34375,60930.8359375,27316183882,50947.51171875,-0.007537937512081
2021-10-25,60893.92578125,63729.32421875,60691.80078125,63039.82421875,31064911614,51173.24,0.0346128236844363
2021-10-26,63032.76171875,63229.02734375,59991.16015625,60363.79296875,34878965587,51327.84515625,-0.0424498526632005
2021-10-27,60352.0,61435.18359375,58208.1875,58482.38671875,43657076893,51561.2703125,-0.0311677937629597
2021-10-28,58470.73046875,62128.6328125,58206.91796875,60622.13671875,45257083247,51851.885234375,0.0365879390369336
2021-10-29,60624.87109375,62927.609375,60329.96484375,62227.96484375,36856881767,52168.61609375,0.026489137663525
2021-10-30,62239.36328125,62330.14453125,60918.38671875,61888.83203125,32157938616,52508.71453125,-0.0054498457944356
2021-10-31,61850.48828125,62406.171875,60074.328125,61318.95703125,32241199927,52831.06453125,-0.0092080425707864
2021-11-01,61320.44921875,62419.00390625,59695.18359375,61004.40625,36150572843,53129.887265625,-0.0051297477399965
2021-11-02,60963.25390625,64242.79296875,60673.0546875,63226.40234375,37746665647,53495.153828125,0.0364235344680532
2021-11-03,63254.3359375,63516.9375,61184.23828125,62970.046875,36124731509,53812.704921875,-0.0040545635881074
2021-11-04,62941.8046875,63123.2890625,60799.6640625,61452.23046875,32615846901,54078.222578125,-0.0241037839667321
2021-11-05,61460.078125,62541.46875,60844.609375,61125.67578125,30605102446,54345.06890625,-0.0053139598841096
2021-11-06,61068.875,61590.68359375,60163.78125,61527.48046875,29094934221,54630.268125,0.0065734191461201
2021-11-07,61554.921875,63326.98828125,61432.48828125,63326.98828125,24726754302,54931.240625,0.0292472208969125
2021-11-08,63344.06640625,67673.7421875,63344.06640625,67566.828125,41125608330,55337.3728125,0.0669515471811146
2021-11-09,67549.734375,68530.3359375,66382.0625,66971.828125,42357991721,55819.933359375,-0.0088060963717171
2021-11-10,66953.3359375,68789.625,63208.11328125,64995.23046875,48730828378,56305.964453125,-0.0295138674213993
2021-11-11,64978.890625,65579.015625,64180.48828125,64949.9609375,35880633236,56733.473515625,-0.0006965054346836
2021-11-12,64863.98046875,65460.81640625,62333.9140625,64155.94140625,36084893887,57118.690390625,-0.0122250963632459
2021-11-13,64158.12109375,64915.67578125,63303.734375,64469.52734375,30474228777,57551.2859375,0.004887870563917
2021-11-14,64455.37109375,65495.1796875,63647.80859375,65466.83984375,25122092191,58006.290859375,0.0154695177875643
2021-11-15,65521.2890625,66281.5703125,63548.14453125,63557.87109375,30558763548,58413.2775,-0.0291593233239323
2021-11-16,63721.1953125,63721.1953125,59016.3359375,60161.24609375,46844335592,58771.7878125,-0.0534414533015095
2021-11-17,60139.62109375,60823.609375,58515.41015625,60368.01171875,39178392930,59158.4571875,0.0034368574194389
2021-11-18,60360.13671875,60948.5,56550.79296875,56942.13671875,41388338699,59466.01265625,-0.0567498398980057
2021-11-19,56896.12890625,58351.11328125,55705.1796875,58119.578125,38702407772,59752.586328125,0.0206778578061734
2021-11-20,58115.08203125,59859.87890625,57469.7265625,59697.1953125,30624264863,59984.19140625,0.0271443330869842
2021-11-21,59730.5078125,60004.42578125,58618.9296875,58730.4765625,26123447605,60204.571171875,-0.0161937046613239
2021-11-22,58706.84765625,59266.359375,55679.83984375,56289.2890625,35036121783,60366.357890625,-0.0415659405964827
2021-11-23,56304.5546875,57875.515625,55632.76171875,57569.07421875,37485803899,60535.481328125,0.022735855747423
2021-11-24,57565.8515625,57803.06640625,55964.22265625,56280.42578125,36635566789,60630.79359375,-0.0223843870166022
2021-11-25,57165.41796875,59367.96875,57146.68359375,57274.6796875,34284016248,60669.058203125,0.0176660693740031
2021-11-26,58960.28515625,59183.48046875,53569.765625,53569.765625,41810748221,60664.333828125,-0.064686770536555
2021-11-27,53736.4296875,55329.2578125,53668.35546875,54815.078125,30560857714,60681.2784375,0.023246554945143
2021-11-28,54813.0234375,57393.84375,53576.734375,57248.45703125,28116886357,60726.883125,0.0443925100444249
2021-11-29,57291.90625,58872.87890625,56792.52734375,57806.56640625,32370840356,60787.582890625,0.009748898117819
2021-11-30,57830.11328125,59113.40234375,56057.28125,57005.42578125,36708594618,60777.995625,-0.0138589899868777
2021-12-01,56907.96484375,59041.68359375,56553.08203125,57229.828125,36858195307,60801.771015625,0.0039365085108058
2021-12-02,57217.37109375,57349.234375,55895.1328125,56477.81640625,32379968686,60783.305390625,-0.0131402057875741
2021-12-03,56509.1640625,57482.16796875,52496.5859375,53598.24609375,39789134215,60708.83984375,-0.0509858648179134
2021-12-04,53727.87890625,53904.6796875,42874.6171875,49200.703125,61385677469,60460.974921875,-0.0820463968365335
2021-12-05,49201.51953125,49768.1484375,47857.49609375,49368.84765625,37198201161,60230.50828125,0.003417522933012
2021-12-06,49413.48046875,50929.51953125,47281.03515625,50582.625,37707308001,60011.0884375,0.0245858957900213
2021-12-07,50581.828125,51934.78125,50175.80859375,50700.0859375,33676814852,59784.56859375,0.0023221597831271
2021-12-08,50667.6484375,51171.375,48765.98828125,50504.796875,28479699446,59509.4246875,-0.0038518487471744
2021-12-09,50450.08203125,50797.1640625,47358.3515625,47672.12109375,29603577251,59143.010390625,-0.0560872621319695
2021-12-10,47642.14453125,50015.25390625,47023.69921875,47243.3046875,30966005122,58843.673046875,-0.0089951190845213
2021-12-11,47264.6328125,49458.2109375,46942.34765625,49362.5078125,25775869261,58617.077890625,0.0448572160440061
2021-12-12,49354.85546875,50724.8671875,48725.8515625,50098.3359375,21939223599,58391.172265625,0.0149066195703628
2021-12-13,50114.7421875,50205.0,45894.84765625,46737.48046875,32166727776,58107.30515625,-0.0670851717099511
2021-12-14,46709.82421875,48431.3984375,46424.49609375,46612.6328125,34638619079,57778.761328125,-0.0026712534564946
2021-12-15,48379.75390625,49473.95703125,46671.96484375,48896.72265625,36541828520,57549.419921875,0.049001519672527
2021-12-16,48900.46484375,49425.57421875,47529.87890625,47665.42578125,27268150947,57333.080703125,-0.0251815828978184
2021-12-17,47653.73046875,48004.89453125,45618.21484375,46202.14453125,32902725329,57044.680859375,-0.0306990072157418
2021-12-18,46219.25390625,47313.828125,45598.44140625,46848.77734375,26098292690,56737.097109375,0.0139957315631233
2021-12-19,46853.8671875,48089.6640625,46502.953125,46707.015625,25154053861,56433.46078125,-0.0030259427628138
2021-12-20,46707.0625,47401.71875,45579.80859375,46880.27734375,30961902129,56144.6871875,0.0037095437683511
2021-12-21,46886.078125,49300.91796875,46698.7734375,48936.61328125,27055803928,55903.331328125,0.0438635616940126
2021-12-22,48937.09765625,49544.796875,48450.94140625,48628.51171875,24447979559,55611.373515625,-0.0062959314476722
2021-12-23,48626.34375,51332.33984375,48065.8359375,50784.5390625,28223878108,55367.663359375,0.0443366919436007
2021-12-24,50806.05078125,51814.02734375,50514.49609375,50822.1953125,24367912228,55155.06265625,0.0007414904357732
2021-12-25,50854.91796875,51176.59765625,50236.70703125,50429.859375,19030650914,54941.146328125,-0.007719775485643
2021-12-26,50428.69140625,51196.37890625,49623.10546875,50809.515625,20964372926,54726.78703125,0.0075284019171428
2021-12-27,50802.609375,51956.328125,50499.46875,50640.41796875,24324345758,54473.055625,-0.0033280706216139
2021-12-28,50679.859375,50679.859375,47414.2109375,47588.85546875,33430376883,54073.496171875,-0.0602594256209162
2021-12-29,47623.87109375,48119.7421875,46201.49609375,46444.7109375,30049226299,53662.953828125,-0.0240422788062495
2021-12-30,46490.60546875,47879.96484375,46060.3125,47178.125,26686491018,53306.61171875,0.0157911212643124
2021-12-31,47169.37109375,48472.52734375,45819.953125,46306.4453125,36974172400,52933.74140625,-0.0184763529177982
2022-01-01,46311.74609375,47827.3125,46288.484375,47686.8125,24582667004,52604.358828125,0.0298093964713672
2022-01-02,47680.92578125,47881.40625,46856.9375,47345.21875,27951569547,52261.87265625,-0.0071632749620244
2022-01-03,47343.54296875,47510.7265625,45835.96484375,46458.1171875,33071628362,51881.698203125,-0.0187368774698079
2022-01-04,46458.8515625,47406.546875,45752.46484375,45897.57421875,42494677905,51528.492265625,-0.0120655550135126
2022-01-05,45899.359375,46929.046875,42798.22265625,43569.00390625,36851084859,51196.647421875,-0.0507340606150975
2022-01-06,43565.51171875,43748.71875,42645.5390625,43160.9296875,30208048289,50852.50578125,-0.0093661590158929
2022-01-07,43153.5703125,43153.5703125,41077.4453125,41557.90234375,84196607520,50544.82109375,-0.0371407046918699
2022-01-08,41561.46484375,42228.94140625,40672.27734375,41733.94140625,28066355845,50217.108359375,0.0042359949028196
2022-01-09,41734.7265625,42663.94921875,41338.16015625,41911.6015625,21294384372,49861.396484375,0.0042569704720818
2022-01-10,41910.23046875,42199.484375,39796.5703125,41821.26171875,32104232331,49523.2121875,-0.0021554853640055
2022-01-11,41819.5078125,43001.15625,41407.75390625,42735.85546875,26327648900,49252.143515625,0.0218691094532414
2022-01-12,42742.1796875,44135.3671875,42528.98828125,43949.1015625,33499938689,48979.7440625,0.0283894186846727
2022-01-13,43946.7421875,44278.421875,42447.04296875,42591.5703125,47691135082,48705.966953125,-0.0308887144841734
2022-01-14,42598.87109375,43346.6875,41982.6171875,43099.69921875,23577403399,48422.46734375,0.0119302693589786
2022-01-15,43101.8984375,43724.671875,42669.03515625,43177.3984375,18371348298,48214.62,0.0018027786773091
2022-01-16,43172.0390625,43436.80859375,42691.0234375,43113.87890625,17902097845,47980.596015625,-0.0014711291913973
2022-01-17,43118.12109375,43179.390625,41680.3203125,42250.55078125,21690904261,47680.637890625,-0.0200243667909649
2022-01-18,42250.07421875,42534.40234375,41392.21484375,42375.6328125,22417209227,47372.01921875,0.0029604828561313
2022-01-19,42374.0390625,42478.3046875,41242.9140625,41744.328125,23091543258,47066.797265625,-0.0148978232441587
2022-01-20,41744.02734375,43413.0234375,40672.82421875,40680.41796875,20382033940,46735.8090625,-0.025486340397292
2022-01-21,40699.60546875,41060.52734375,35791.42578125,36457.31640625,43011992031,46335.3990625,-0.1038116561571248
2022-01-22,36471.58984375,36688.8125,34349.25,35030.25,39714385405,45964.039140625,-0.0391434846807691
2022-01-23,35047.359375,36433.3125,34784.96875,36276.8046875,26017975951,45705.561171875,0.035585092527173
2022-01-24,36275.734375,37247.51953125,33184.05859375,36654.328125,41856658597,45451.27078125,0.010406744495611
2022-01-25,36654.8046875,37444.5703125,35779.4296875,36954.00390625,26428189594,45178.698359375,0.0081757270308715
2022-01-26,36950.515625,38825.41015625,36374.90625,36852.12109375,31324598034,44901.7390625,-0.0027570168785626
2022-01-27,36841.87890625,37148.32421875,35629.28125,37138.234375,25041426629,44634.4078125,0.0077638212607122
2022-01-28,37128.4453125,37952.87890625,36211.109375,37784.33203125,22238830523,44436.65203125,0.017397102127314
2022-01-29,37780.71484375,38576.26171875,37406.47265625,38138.1796875,17194183075,44254.54953125,0.0093649308384582
2022-01-30,38151.91796875,38266.33984375,37437.7109375,37917.6015625,14643548444,44025.65140625,-0.0057836563466686
2022-01-31,37920.28125,38647.26171875,36733.57421875,38483.125,20734730465,43793.3471875,0.0149145361045013
2022-02-01,38481.765625,39115.1328125,38113.6640625,38743.2734375,20288500328,43633.463046875,0.0067600652883568
2022-02-02,38743.71484375,38834.6171875,36832.73046875,36952.984375,19155189416,43440.270078125,-0.0462090294303103
2022-02-03,36944.8046875,37154.6015625,36375.5390625,37154.6015625,18591534769,43205.42765625,0.0054560461329451
2022-02-04,37149.265625,41527.78515625,37093.62890625,41500.875,29412210792,43082.136640625,0.116978066100073
2022-02-05,41501.48046875,41847.1640625,41038.09765625,41441.1640625,19652846215,42986.91703125,-0.0014387874352046
2022-02-06,41441.12109375,42500.78515625,41244.90625,42412.43359375,16142097334,42898.19015625,0.0234373129525311
2022-02-07,42406.78125,44401.86328125,41748.15625,43840.28515625,28641855926,42840.855546875,0.0336658720453715
2022-02-08,43854.65234375,45293.8671875,42807.8359375,44118.4453125,33079398868,42785.61890625,0.0063448528050995
2022-02-09,44096.703125,44727.80078125,43232.96875,44338.796875,23245887300,42693.662578125,0.0049945450466173
2022-02-10,44347.80078125,45661.171875,43402.80859375,43565.11328125,32142048537,42592.394609375,-0.0174493592131327
2022-02-11,43571.12890625,43810.83203125,42114.5390625,42407.9375,26954925781,42424.862578125,-0.0265619826070333
2022-02-12,42412.30078125,42992.55078125,41852.57421875,42244.46875,18152390304,42253.308046875,-0.0038546734323026
2022-02-13,42236.56640625,42693.0546875,41950.94140625,42197.515625,14741589015,42088.661171875,-0.0011114620775056
2022-02-14,42157.3984375,42775.77734375,41681.95703125,42586.91796875,20827783012,41924.20921875,0.0092280869615768
2022-02-15,42586.46484375,44667.21875,42491.03515625,44575.203125,22721659051,41802.904921875,0.0466876977974548
2022-02-16,44578.27734375,44578.27734375,43456.69140625,43961.859375,19792547657,41730.365,-0.0137597522164965
2022-02-17,43937.0703125,44132.97265625,40249.37109375,40538.01171875,26246662813,41612.231015625,-0.0778822302997733
2022-02-18,40552.1328125,40929.15234375,39637.6171875,40030.9765625,23310007704,41469.288046875,-0.0125076473845776
2022-02-19,40026.0234375,40418.87890625,39713.05859375,40122.15625,13736557863,41345.602265625,0.0022777282826873
2022-02-20,40118.1015625,40119.890625,38112.8125,38431.37890625,18340576452,41160.49359375,-0.0421407397253231
2022-02-21,38423.2109375,39394.4375,36950.4765625,37075.28125,29280402798,40955.09484375,-0.0352862086879078
2022-02-22,37068.76953125,38359.85546875,36488.93359375,38286.02734375,25493150450,40791.653046875,0.0326564237122273
2022-02-23,38285.28125,39122.39453125,37201.81640625,37296.5703125,21849073843,40619.63296875,-0.0258438156136229
2022-02-24,37278.56640625,38968.83984375,34459.21875,38332.609375,46383802093,40514.905078125,0.0277784003681638
2022-02-25,38333.74609375,39630.32421875,38111.34375,39214.21875,26545599159,40435.970859375,0.0229989397897596
2022-02-26,39213.08203125,40005.34765625,38702.53515625,39105.1484375,17467554129,40386.91578125,-0.0027813970538428
2022-02-27,39098.69921875,39778.94140625,37268.9765625,37709.78515625,23450127612,40306.43265625,-0.0356823420189836
2022-02-28,37706.0,43760.45703125,37518.21484375,43193.234375,35690014104,40332.0653125,0.1454118392886461
2022-03-01,43194.50390625,44793.6015625,42952.5859375,44354.63671875,32479047645,40382.7328125,0.026888524570001
2022-03-02,44357.6171875,45077.578125,43432.8515625,43924.1171875,29183112630,40406.498046875,-0.0097063027250092
2022-03-03,43925.1953125,44021.578125,41914.75,42451.7890625,24967782593,40376.551796875,-0.0335198114219356
2022-03-04,42458.140625,42479.61328125,38805.84765625,39137.60546875,28516271427,40307.4725,-0.0780693503604916
2022-03-05,39148.44921875,39566.3359375,38777.03515625,39400.5859375,16975917450,40233.490234375,0.0067193806468304
2022-03-06,39404.19921875,39640.17578125,38211.6484375,38419.984375,19745229902,40138.341953125,-0.0248879944083952
2022-03-07,38429.3046875,39430.2265625,37260.203125,38062.0390625,28546143503,40037.30515625,-0.0093166438852826
2022-03-08,38059.90234375,39304.44140625,37957.38671875,38737.26953125,25776583476,39967.03953125,0.0177402599908331
2022-03-09,38742.81640625,42465.671875,38706.09375,41982.92578125,32284121034,39959.185390625,0.083786397164149
2022-03-10,41974.0703125,42004.7265625,38832.94140625,39437.4609375,31078064711,39913.048046875,-0.0606309540457713
2022-03-11,39439.96875,40081.6796875,38347.43359375,38794.97265625,26364890465,39875.339140625,-0.0162913196229393
2022-03-12,38794.46484375,39308.59765625,38772.53515625,38904.01171875,14616450657,39924.273046875,0.0028106492938184
2022-03-13,38884.7265625,39209.3515625,37728.14453125,37849.6640625,17300745310,39980.661328125,-0.0271012579338149
2022-03-14,37846.31640625,39742.5,37680.734375,39666.75390625,24322159070,40048.4603125,0.0480080837903738
2022-03-15,39664.25,39794.62890625,38310.2109375,39338.78515625,23934000868,40102.149453125,-0.0082681015637209
2022-03-16,39335.5703125,41465.453125,39022.34765625,41143.9296875,39616916192,40185.94796875,0.045887144813449
2022-03-17,41140.84375,41287.53515625,40662.87109375,40951.37890625,22009601093,40267.933125,-0.0046799317107646
2022-03-18,40944.83984375,42195.74609375,40302.3984375,41801.15625,34421564942,40361.1915625,0.0207508847429873
2022-03-19,41794.6484375,42316.5546875,41602.66796875,42190.65234375,19664853187,40449.31796875,0.0093178306222092
2022-03-20,42191.40625,42241.1640625,41004.7578125,41247.82421875,20127946682,40511.510859375,-0.022346848712323
2022-03-21,41246.1328125,41454.41015625,40668.04296875,41077.99609375,24615543271,40574.71875,-0.0041172626245532
2022-03-22,41074.10546875,43124.70703125,40948.28125,42358.80859375,32004652376,40652.232421875,0.0311800141632243
2022-03-23,42364.37890625,42893.5078125,41877.5078125,42892.95703125,25242943069,40735.22609375,0.0126100911530078
2022-03-24,42886.65234375,44131.85546875,42726.1640625,43960.93359375,31042992291,40875.385078125,0.024898646221148
2022-03-25,43964.546875,44999.4921875,43706.28515625,44348.73046875,30574413034,41019.26765625,0.0088213976205258
2022-03-26,44349.859375,44735.99609375,44166.2734375,44500.828125,16950455995,41079.26671875,0.003429583093865
2022-03-27,44505.35546875,46827.546875,44437.29296875,46820.4921875,28160889722,41186.85328125,0.0521263122561272
2022-03-28,46821.8515625,48086.8359375,46690.203125,47128.00390625,36362175703,41281.1646875,0.0065678873583499
2022-03-29,47100.4375,48022.2890625,47100.4375,47465.73046875,31397059069,41353.67359375,0.007166154611
2022-03-30,47456.8984375,47655.1484375,46746.2109375,47062.6640625,29333883962,41412.55796875,-0.0084917350321905
2022-03-31,47062.1484375,47512.02734375,45390.5390625,45538.67578125,33327427106,41436.555546875,-0.0323821082297023
2022-04-01,45554.1640625,46616.2421875,44403.140625,46281.64453125,38162644287,41490.886171875,0.0163151153882676
2022-04-02,46285.5,47028.28125,45782.51171875,45868.94921875,29336594194,41560.10640625,-0.0089170407983524
2022-04-03,45859.12890625,47313.4765625,45634.10546875,46453.56640625,25414397610,41644.288359375,0.0127453799892374
2022-04-04,46445.2734375,46791.08984375,45235.81640625,46622.67578125,32499785455,41732.7915625,0.0036403959498199
2022-04-05,46624.5078125,47106.140625,45544.80859375,45555.9921875,29640604055,41792.173046875,-0.0228790728090081
2022-04-06,45544.35546875,45544.35546875,43193.953125,43206.73828125,39393395788,41764.80375,-0.0515684939224001
2022-04-07,43207.5,43860.69921875,42899.90625,43503.84765625,26101973106,41755.643515625,0.0068764592473051
2022-04-08,43505.13671875,43903.01953125,42183.2890625,42287.6640625,27215995394,41790.6365625,-0.0279557707943397
2022-04-09,42282.078125,42786.81640625,42183.25390625,42782.13671875,16050772496,41845.659765625,0.0116930709513578
2022-04-10,42781.08984375,43376.37890625,42021.20703125,42207.671875,17654475582,41887.370078125,-0.0134276800508243
2022-04-11,42201.0390625,42424.58984375,39373.05859375,39521.90234375,33949912166,41909.180546875,-0.0636322595381245
2022-04-12,39533.71484375,40617.5859375,39388.328125,40127.18359375,30991500854,41970.21859375,0.0153150838928612
2022-04-13,40123.5703125,41430.0546875,39712.74609375,41166.73046875,27691105228,42027.83265625,0.0259063004651518
2022-04-14,41160.21875,41451.48046875,39695.74609375,39935.515625,24342001973,42080.6115625,-0.0299080065317459
2022-04-15,39939.40234375,40617.72265625,39866.83203125,40553.46484375,21756855753,42125.028671875,0.0154736757264544
2022-04-16,40552.31640625,40633.6796875,40078.42578125,40424.484375,16833150693,42149.233984375,-0.0031805042860567
2022-04-17,40417.77734375,40570.7265625,39620.89453125,39716.953125,19087633042,42161.470078125,-0.0175025423561756
2022-04-18,39721.203125,40986.3203125,38696.19140625,40826.21484375,33705182072,42223.798671875,0.0279291746086074
2022-04-19,40828.17578125,41672.9609375,40618.6328125,41502.75,25303206547,42189.988984375,0.0165710967533785
2022-04-20,41501.74609375,42126.30078125,40961.09765625,41374.37890625,27819532341,42130.383828125,-0.003093074404708
2022-04-21,41371.515625,42893.58203125,40063.828125,40527.36328125,35372786395,42062.44875,-0.0204719840488541
2022-04-22,40525.86328125,40777.7578125,39315.41796875,39740.3203125,28011716745,42008.219375,-0.0194200388337162
2022-04-23,39738.72265625,39935.859375,39352.203125,39486.73046875,16138021249,42015.201875,-0.0063811726165236
2022-04-24,39478.375,39845.92578125,39233.5390625,39469.29296875,17964398167,42016.576015625,-0.0004416040475622
2022-04-25,39472.60546875,40491.75390625,38338.37890625,40458.30859375,35445730570,42057.3425,0.0250578500553089
2022-04-26,40448.421875,40713.890625,37884.984375,38117.4609375,34569088416,42058.4509375,-0.0578582678716236
2022-04-27,38120.30078125,39397.91796875,37997.3125,39241.12109375,30981015184,42068.52796875,0.029478882606909
2022-04-28,39241.4296875,40269.46484375,38941.421875,39773.828125,33903704907,42024.346015625,0.013575224570606
2022-04-29,39768.6171875,39887.26953125,38235.53515625,38609.82421875,30882994649,42007.79328125,-0.0292655738992938
2022-04-30,38605.859375,38771.2109375,37697.94140625,37714.875,23895713731,41986.191328125,-0.0231793134741956
2022-05-01,37713.265625,38627.859375,37585.7890625,38469.09375,27002760110,41977.49296875,0.0199979119644437
2022-05-02,38472.1875,39074.97265625,38156.5625,38529.328125,32922642426,41991.08625,0.0015657861708791
2022-05-03,38528.109375,38629.99609375,37585.62109375,37750.453125,27326943244,41952.760234375,-0.0202151202188917
2022-05-04,37748.01171875,39902.94921875,37732.05859375,39698.37109375,36754404490,41959.951953125,0.0515998566242374
2022-05-05,39695.74609375,39789.28125,35856.515625,36575.140625,43106256317,41868.576171875,-0.0786740206890179
2022-05-06,36573.18359375,36624.359375,35482.1328125,36040.921875,37795577489,41770.36703125,-0.0146060614086839
2022-05-07,36042.50390625,36129.92578125,34940.82421875,35501.953125,24375896406,41644.38296875,-0.0149543552706363
2022-05-08,35502.94140625,35502.94140625,33878.96484375,34059.265625,36763041910,41481.755234375,-0.0406368487649226
2022-05-09,34060.015625,34222.07421875,30296.953125,30296.953125,63355494961,41262.7378125,-0.1104636999935314
2022-05-10,30273.654296875,32596.30859375,29944.802734375,31022.90625,59811038817,41061.636015625,0.0239612584805093
2022-05-11,31016.18359375,32013.40234375,28170.4140625,28936.35546875,70388855818,40793.186953125,-0.0672583917327216
2022-05-12,28936.734375,30032.439453125,26350.490234375,29047.751953125,66989173272,40516.2828515625,0.0038497067986085
2022-05-13,29030.91015625,30924.802734375,28782.330078125,29283.103515625,42841124537,40222.72625,0.0081022298345081
2022-05-14,29285.642578125,30192.802734375,28702.91015625,30101.265625,28579868620,39937.776953125,0.0279397335374114
2022-05-15,30098.5859375,31308.19140625,29527.740234375,31305.11328125,25835372065,39673.86265625,0.0399932571356789
2022-05-16,31304.375,31305.341796875,29251.884765625,29862.91796875,32613897286,39334.711171875,-0.0460690015571287
2022-05-17,29862.408203125,30694.490234375,29570.302734375,30425.857421875,29101473475,39000.6682421875,0.01885078523519
2022-05-18,30424.478515625,30618.716796875,28720.271484375,28720.271484375,31285268319,38625.7590625,-0.0560571198980821
2022-05-19,28720.359375,30430.751953125,28708.955078125,30314.333984375,33773447707,38290.7924609375,0.0555030442824064
2022-05-20,30311.119140625,30664.9765625,28793.60546875,29200.740234375,30749382605,37964.03375,-0.036734890846488
2022-05-21,29199.859375,29588.869140625,29027.39453125,29432.2265625,17274840442,37627.045390625,0.0079274130130611
2022-05-22,29432.47265625,30425.861328125,29275.18359375,30323.72265625,21631532270,37316.140859375,0.0302897944828226
2022-05-23,30309.396484375,30590.5859375,28975.560546875,29098.91015625,31483454557,36969.047734375,-0.0403912314422766
2022-05-24,29101.125,29774.35546875,28786.58984375,29655.5859375,26616506245,36629.7059375,0.0191304684010797
2022-05-25,29653.134765625,30157.78515625,29384.94921875,29562.361328125,27525063551,36309.8333203125,-0.0031435767133879
2022-05-26,29564.77734375,29834.16015625,28261.90625,29267.224609375,36774325352,36031.043046875,-0.0099835299174566
2022-05-27,29251.140625,29346.943359375,28326.61328125,28627.57421875,36582005748,35733.517578125,-0.021855519242508
2022-05-28,28622.625,28814.900390625,28554.56640625,28814.900390625,35519577634,35464.0623046875,0.0065435572865377
2022-05-29,29019.8671875,29498.009765625,28841.107421875,29445.95703125,18093886409,35197.3387109375,0.0219003582198853
2022-05-30,29443.365234375,31949.630859375,29303.572265625,31726.390625,39277993274,34987.7130859375,0.0774447096873045
2022-05-31,31723.865234375,32249.86328125,31286.154296875,31792.310546875,33538210634,34833.12125,0.0020777630413166
2022-06-01,31792.5546875,31957.28515625,29501.587890625,29799.080078125,41135817341,34626.5591796875,-0.0626953635789118
2022-06-02,29794.890625,30604.734375,29652.705078125,30467.48828125,29083562061,34412.5743359375,0.0224304979003586
2022-06-03,30467.806640625,30633.03515625,29375.689453125,29704.390625,26175547452,34207.9518359375,-0.0250462935836958
2022-06-04,29706.138671875,29930.564453125,29500.005859375,29832.9140625,16588370958,33993.5408203125,0.0043267488339528
2022-06-05,29835.1171875,30117.744140625,29574.44921875,29906.662109375,17264085441,33783.184375,0.0024720363126611
2022-06-06,29910.283203125,31693.291015625,29894.1875,31370.671875,31947336829,33616.25875,0.0489526300284133
2022-06-07,31371.7421875,31489.68359375,29311.68359375,31155.478515625,40770974039,33422.8440234375,-0.0068596987731873
2022-06-08,31151.48046875,31253.69140625,29944.404296875,30214.35546875,30242059107,33197.0761328125,-0.030207305158321
2022-06-09,30215.279296875,30609.310546875,30020.265625,30111.998046875,21692004719,32971.828515625,-0.0033877082693644
2022-06-10,30110.330078125,30245.80859375,28978.146484375,29083.8046875,29867476527,32742.95734375,-0.0341456371568045
2022-06-11,29084.666015625,29401.916015625,28236.212890625,28360.810546875,27246574439,32515.3671484375,-0.0248589944951643
2022-06-12,28373.513671875,28502.685546875,26762.6484375,26762.6484375,34163220274,32260.8855078125,-0.0563510731378267
2022-06-13,26737.578125,26795.58984375,22141.2578125,22487.388671875,68204556440,31921.247421875,-0.159747260276172
2022-06-14,22487.986328125,23018.951171875,20950.818359375,22206.79296875,50913575242,31556.217109375,-0.0124779140530416
2022-06-15,22196.73046875,22642.671875,20178.376953125,22572.83984375,54912007015,31245.3246875,0.0164835541770984
2022-06-16,22576.3046875,22868.921875,20265.2265625,20381.650390625,31183975654,30868.1352734375,-0.0970719443496029
2022-06-17,20385.71875,21243.3125,20326.51953125,20471.482421875,27132421514,30482.088359375,0.0044074954445947
2022-06-18,20473.42578125,20736.041015625,17708.623046875,19017.642578125,42009436760,30090.2447265625,-0.0710178097408561
2022-06-19,19010.90234375,20683.822265625,18067.15234375,20553.271484375,35329942625,29747.01265625,0.0807475952890373
2022-06-20,20553.37109375,20913.322265625,19689.169921875,20599.537109375,30818458597,29389.6215234375,0.002251010260589
2022-06-21,20594.294921875,21620.62890625,20415.0625,20710.59765625,28970212744,29033.2469140625,0.0053914098304885
2022-06-22,20719.4140625,20835.75,19848.078125,19987.029296875,28574793478,28677.9784375,-0.0349371066631987
2022-06-23,19986.607421875,21135.76171875,19950.1171875,21085.876953125,26188097173,28305.7285546875,0.0549780380029665
2022-06-24,21084.6484375,21472.91796875,20777.51171875,21231.65625,24957784918,27998.8588671875,0.0069135989553137
2022-06-25,21233.609375,21520.9140625,20964.5859375,21502.337890625,18372538715,27708.0871875,0.0127489649153018
2022-06-26,21496.494140625,21783.724609375,21016.26953125,21027.294921875,18027170497,27418.5940234375,-0.0220926194707933
2022-06-27,21028.23828125,21478.08984375,20620.19921875,20735.478515625,20965695707,27152.11828125,-0.0138779813254257
2022-06-28,20731.544921875,21164.423828125,20228.8125,20280.634765625,21381535161,26951.7919140625,-0.0219355318787197
2022-06-29,20281.169921875,20364.15625,19937.791015625,20104.0234375,23552740328,26733.4142578125,-0.0087083727982888
2022-06-30,20108.3125,20141.16015625,18729.65625,19784.7265625,26267239923,26550.3816796875,-0.0158822375029873
2022-07-01,19820.470703125,20632.671875,19073.708984375,19269.3671875,30767551159,26354.813984375,-0.0260483445839889
2022-07-02,19274.8359375,19371.748046875,19027.08203125,19242.255859375,18100418740,26153.99703125,-0.0014069651515379
2022-07-03,19242.095703125,19558.26953125,18966.951171875,19297.076171875,16390821947,25937.9132421875,0.0028489545560892
2022-07-04,19297.314453125,20258.748046875,19063.06640625,20231.26171875,21594638208,25716.4362109375,0.0484107301310523
2022-07-05,20225.353515625,20635.466796875,19341.232421875,20190.115234375,26715546990,25522.98015625,-0.0020338071321012
2022-07-06,20194.619140625,20595.529296875,19823.51171875,20548.24609375,24598943708,25325.4279296875,0.0177379304287108
2022-07-07,20547.814453125,21771.81640625,20296.103515625,21637.587890625,25814972520,25183.7742578125,0.0530138578205141
2022-07-08,21637.154296875,22314.94140625,21257.453125,21731.1171875,49899834488,25012.109921875,0.0043225380457274
2022-07-09,21716.828125,21877.138671875,21445.95703125,21592.20703125,29641127858,24859.9392578125,-0.0063922234209801
2022-07-10,21591.080078125,21591.080078125,20727.123046875,20860.44921875,28688807249,24688.5037109375,-0.0338899034934659
2022-07-11,20856.353515625,20856.353515625,19924.5390625,19970.556640625,24150249025,24481.440390625,-0.04265931997884
2022-07-12,19970.474609375,20043.4453125,19308.53125,19323.9140625,25810220018,24285.94046875,-0.0323797974068269
2022-07-13,19325.97265625,20223.052734375,18999.953125,20212.07421875,33042430345,24097.070234375,0.0459617111407861
2022-07-14,20211.466796875,20789.89453125,19689.2578125,20569.919921875,31158743333,23917.22140625,0.0177045512129101
2022-07-15,20573.15625,21138.244140625,20397.0,20836.328125,25905575359,23748.6034765625,0.012951348577769
2022-07-16,20834.103515625,21514.404296875,20518.8984375,21190.31640625,24302954056,23599.8583203125,0.0169889953319211
2022-07-17,21195.041015625,21600.640625,20778.1796875,20779.34375,22927802083,23439.1471875,-0.0193943614796041
2022-07-18,20781.912109375,22633.033203125,20781.912109375,22485.689453125,39974475562,23299.9418359375,0.0821174009946776
2022-07-19,22467.849609375,23666.962890625,21683.40625,23389.43359375,48765202697,23133.2026953125,0.0401919693193753
2022-07-20,23393.19140625,24196.818359375,23009.94921875,23231.732421875,42932549127,22961.9911328125,-0.0067424108943424
2022-07-21,23233.201171875,23388.322265625,22431.1484375,23164.62890625,33631012204,22829.302109375,-0.0028884421706671
2022-07-22,23163.751953125,23671.927734375,22603.416015625,22714.978515625,31421555646,22674.2519140625,-0.0194110767949181
2022-07-23,22706.984375,22977.2109375,22002.91015625,22465.478515625,24021799169,22529.473671875,-0.0109839417117817
2022-07-24,22465.509765625,22974.001953125,22306.83984375,22609.1640625,23565495303,22384.998671875,0.0063958373633157
2022-07-25,22607.15625,22649.12109375,21361.642578125,21361.701171875,35574561406,22214.099453125,-0.0551751001132353
2022-07-26,21361.12109375,21361.12109375,20776.81640625,21239.75390625,28624673855,22011.48109375,-0.0057086869928485
2022-07-27,21244.169921875,22986.529296875,21070.806640625,22930.548828125,31758955233,21846.9825,0.0796052030234431
2022-07-28,22933.640625,24110.470703125,22722.265625,23843.88671875,40212386158,21719.573125,0.0398306162434614
2022-07-29,23845.212890625,24294.787109375,23481.173828125,23804.6328125,35887249746,21593.4258203125,-0.0016462880701044
2022-07-30,23796.818359375,24572.580078125,23580.5078125,23656.20703125,28148218301,21484.8738671875,-0.0062351636515082
2022-07-31,23652.0703125,24121.642578125,23275.703125,23336.896484375,23553591896,21384.3955859375,-0.0134979604487392
2022-08-01,23336.71875,23464.787109375,22890.796875,23314.19921875,25849159141,21315.4266015625,-0.0009725914343493
2022-08-02,23308.43359375,23415.041015625,22710.083984375,22978.1171875,28389250717,21325.241171875,-0.014415336683737
2022-08-03,22981.302734375,23578.650390625,22747.8359375,22846.5078125,26288169966,21338.03546875,-0.0057275961266136
2022-08-04,22848.21484375,23198.009765625,22485.701171875,22630.95703125,25120229769,21339.1978125,-0.0094347365041087
2022-08-05,22626.833984375,23422.828125,22612.177734375,23289.314453125,28881249043,21397.35109375,0.0290910110856517
2022-08-06,23291.423828125,23326.5625,22961.279296875,22961.279296875,15978259885,21447.14703125,-0.0140852216543447
2022-08-07,22963.505859375,23359.009765625,22894.556640625,23175.890625,15886817043,21530.3119921875,0.0093466624986442
2022-08-08,23179.52734375,24203.689453125,23176.546875,23809.486328125,28575544847,21595.4362890625,0.0273385697825798
2022-08-09,23811.484375,23898.615234375,22982.0,23164.318359375,23555719219,21646.7319140625,-0.0270970973442586
2022-08-10,23162.8984375,24127.4140625,22771.51953125,23947.642578125,32837431722,21711.4728125,0.0338159839887097
2022-08-11,23948.345703125,24822.62890625,23900.99609375,23957.529296875,37127036580,21790.8828125,0.0004128472653517
2022-08-12,23957.203125,24412.56640625,23657.265625,24402.818359375,27265804688,21857.221640625,0.0185866020231928
2022-08-13,24402.1875,24860.05078125,24346.115234375,24424.068359375,22987346289,21921.0698828125,0.0008708010561344
2022-08-14,24429.056640625,24974.9140625,24206.259765625,24319.333984375,22994133555,21977.4098046875,-0.0042881625394648
2022-08-15,24318.31640625,25135.58984375,23839.775390625,24136.97265625,35123501685,22039.603359375,-0.0074986152269698
2022-08-16,24126.13671875,24228.416015625,23733.5,23883.291015625,27753685646,22102.559609375,-0.010510085263709
2022-08-17,23881.31640625,24407.05859375,23243.353515625,23335.998046875,30931623076,22163.666875,-0.0229153079611996
2022-08-18,23341.0390625,23563.83203125,23177.6015625,23212.73828125,23747613147,22225.841171875,-0.005281958173694
2022-08-19,23213.3125,23213.3125,20868.84765625,20877.552734375,40509610260,22247.6976953125,-0.1005993139879252
2022-08-20,20872.841796875,21350.806640625,20856.73046875,21166.060546875,27595671000,22285.6315625,0.0138190436480118
2022-08-21,21160.392578125,21668.845703125,21103.197265625,21534.12109375,23102307723,22331.4688671875,0.0173891852033534
2022-08-22,21531.462890625,21531.462890625,20939.18359375,21398.908203125,31666498758,22373.5055078125,-0.006279006699941
2022-08-23,21401.044921875,21646.203125,20955.138671875,21528.087890625,31878280659,22399.44203125,0.0060367419811229
2022-08-24,21526.455078125,21783.076171875,21195.005859375,21395.01953125,31962253368,22423.5401171875,-0.006181150878381
2022-08-25,21395.458984375,21789.63671875,21362.44140625,21600.904296875,31028679593,22444.59328125,0.0096230230275919
2022-08-26,21596.0859375,21804.908203125,20199.482421875,20260.01953125,42326789564,22417.0419140625,-0.0620753995849602
2022-08-27,20262.48046875,20340.775390625,19890.5234375,20041.73828125,30116729776,22383.2543359375,-0.0107739901071325
2022-08-28,20041.03515625,20139.0546875,19616.814453125,19616.814453125,24366810591,22343.746484375,-0.021201944769558
2022-08-29,19615.154296875,20357.462890625,19600.78515625,20297.994140625,32637854078,22332.4973828125,0.0347242764174429
2022-08-30,20298.611328125,20542.64453125,19617.640625,19796.80859375,34483360283,22329.022421875,-0.0246913829712814
2022-08-31,19799.58203125,20420.990234375,19799.58203125,20049.763671875,33225232872,22343.5394140625,0.0127775685119702
2022-09-01,20050.498046875,20198.390625,19653.96875,20127.140625,30182031010,22341.8407421875,0.0038592451457939
2022-09-02,20126.072265625,20401.568359375,19814.765625,19969.771484375,29123998928,22329.8377734375,-0.0078187529742566
2022-09-03,19969.71875,20037.009765625,19698.35546875,19832.087890625,23613051457,22309.75296875,-0.0068946003642419
2022-09-04,19832.470703125,19999.689453125,19636.81640625,19986.712890625,25245861652,22285.6808984375,0.0077967080850369
2022-09-05,19988.7890625,20031.16015625,19673.046875,19812.37109375,28813460025,22266.3414453125,-0.0087228849400632
2022-09-06,19817.724609375,20155.26953125,18800.171875,18837.66796875,43403978910,22193.381015625,-0.0491966923286369
2022-09-07,18837.68359375,19427.171875,18644.466796875,19290.32421875,35239757134,22111.398828125,0.024029314602578
2022-09-08,19289.94140625,19417.3515625,19076.71484375,19329.833984375,32194477850,22033.360859375,0.0020481649337233
2022-09-09,19328.140625,21439.41015625,19310.962890625,21381.15234375,48469528171,21997.691328125,0.1061218819071676
2022-09-10,21376.912109375,21760.275390625,21168.72265625,21680.5390625,36913738894,21977.0025390625,0.0140023659125891
2022-09-11,21678.54296875,21770.552734375,21406.9453125,21769.255859375,34493951963,21963.0780859375,0.004092001431295
2022-09-12,21770.1484375,22439.181640625,21603.896484375,22370.44921875,50212088965,21958.3037890625,0.0276166242548017
2022-09-13,22371.48046875,22673.8203125,20062.669921875,20296.70703125,51091116622,21937.00390625,-0.0927000690608337
2022-09-14,20184.5546875,20467.201171875,19793.396484375,20241.08984375,37872380889,21917.030625,-0.0027402074343571
2022-09-15,20242.2890625,20318.166015625,19636.734375,19701.2109375,36389011503,21852.4438671875,-0.0266724228002328
2022-09-16,19704.005859375,19870.62890625,19400.076171875,19772.583984375,30123362273,21771.0178125,0.0036227746152976
2022-09-17,19777.033203125,20162.53125,19777.033203125,20127.576171875,24957448100,21697.4766796875,0.0179537579802684
2022-09-18,20127.234375,20127.234375,19387.4921875,19419.505859375,31254779144,21612.74265625,-0.0351791147852871
2022-09-19,19418.572265625,19639.48046875,18390.318359375,19544.12890625,40177002624,21536.8873046875,0.006417415961943
2022-09-20,19545.591796875,19602.45703125,18813.455078125,18890.7890625,36791346508,21448.4191015625,-0.0334289569457899
2022-09-21,18891.283203125,19674.630859375,18290.314453125,18547.400390625,46363793975,21359.804765625,-0.0181775716588069
2022-09-22,18534.650390625,19456.91015625,18415.591796875,19413.55078125,41135767926,21291.145625,0.0466992878992791
2022-09-23,19412.400390625,19464.671875,18617.552734375,19297.638671875,38896078052,21224.4792578125,-0.005970680514919
2022-09-24,19296.990234375,19310.197265625,18861.974609375,18937.01171875,26149643168,21137.433203125,-0.0186876207631864
2022-09-25,18936.310546875,19134.732421875,18696.46875,18802.09765625,23359966112,21054.2495703125,-0.0071243586107314
2022-09-26,18803.900390625,19274.873046875,18721.28515625,19222.671875,44148798321,20975.1851953125,0.0223684732650133
2022-09-27,19221.83984375,20338.455078125,18915.66796875,19110.546875,58571439619,20881.20640625,-0.0058329560390522
2022-09-28,19104.62109375,19688.34375,18553.296875,19426.720703125,53071298734,20806.454453125,0.0165444678372135
2022-09-29,19427.779296875,19589.265625,18924.353515625,19573.05078125,41037843771,20718.9626171875,0.0075324127196341
2022-09-30,19573.431640625,20109.849609375,19265.662109375,19431.7890625,43975248085,20628.4478125,-0.0072171538473359
2022-10-01,19431.10546875,19471.154296875,19231.08203125,19312.095703125,18719537670,20526.633359375,-0.0061596674907298
2022-10-02,19311.849609375,19370.30859375,18970.62109375,19044.107421875,20765955327,20419.034140625,-0.0138767063590429
2022-10-03,19044.068359375,19653.54296875,19025.2265625,19623.580078125,30484729489,20325.1190625,0.0304279241559197
2022-10-04,19623.583984375,20380.34375,19523.83984375,20336.84375,35887278685,20249.116484375,0.0363472755244134
2022-10-05,20335.900390625,20343.748046875,19801.80078125,20160.716796875,33223790572,20174.665,-0.00866048612509
2022-10-06,20161.0390625,20408.392578125,19900.087890625,19955.443359375,34711412966,20107.05390625,-0.0101818521418751
2022-10-07,19957.55859375,20041.0859375,19395.79296875,19546.849609375,29227315390,20033.7361328125,-0.020475303035953
2022-10-08,19546.328125,19601.6953125,19299.4140625,19416.568359375,16437423167,20004.5164453125,-0.0066650766033169
2022-10-09,19417.478515625,19542.5390625,19349.259765625,19446.42578125,16837262532,19970.12375,0.0015377290838616
2022-10-10,19446.416015625,19515.466796875,19102.978515625,19141.484375,27425022774,19922.271015625,-0.0156811030304613
2022-10-11,19139.0,19241.9609375,18925.603515625,19051.41796875,28711532910,19875.3212109375,-0.0047052989457616
2022-10-12,19052.646484375,19203.19921875,19029.7578125,19157.4453125,24950173846,19827.908359375,0.0055653255796452
2022-10-13,19156.966796875,19453.328125,18319.822265625,19382.904296875,44219840004,19787.6660546875,0.0117687395525483
2022-10-14,19382.533203125,19889.146484375,19115.408203125,19185.65625,38452356727,19739.36109375,-0.0101763927558988
2022-10-15,19185.4375,19212.541015625,19019.25,19067.634765625,16192235532,19715.5133984375,-0.0061515479500473
2022-10-16,19068.9140625,19389.603515625,19068.9140625,19268.09375,17988916650,19700.0405078125,0.0105130493026006
2022-10-17,19268.5625,19635.802734375,19173.333984375,19550.7578125,27472552998,19698.719375,0.0146700585002084
2022-10-18,19550.466796875,19666.994140625,19144.76953125,19334.416015625,30580012344,19679.4478125,-0.011065647631146
2022-10-19,19335.02734375,19348.416015625,19127.6875,19139.53515625,22425387184,19666.30234375,-0.0100794799914053
2022-10-20,19138.0859375,19315.19921875,18971.458984375,19053.740234375,24493974420,19646.381875,-0.0044826021726542
2022-10-21,19053.203125,19237.384765625,18770.970703125,19172.46875,32459287866,19627.2884375,0.0062312445831922
2022-10-22,19172.380859375,19248.068359375,19132.244140625,19208.189453125,16104440957,19612.056796875,0.0018631248583989
2022-10-23,19207.734375,19646.65234375,19124.197265625,19567.0078125,22128794335,19606.7551953125,0.0186804883537121
2022-10-24,19567.76953125,19589.125,19206.32421875,19345.572265625,30202235805,19593.9323828125,-0.0113167812369114
2022-10-25,19344.96484375,20348.412109375,19261.447265625,20095.857421875,47761524910,19599.602109375,0.0387833012096094
2022-10-26,20092.236328125,20938.134765625,20076.1171875,20770.44140625,58895950537,19638.257578125,0.0335683106330508
2022-10-27,20772.802734375,20854.044921875,20255.373046875,20285.8359375,49625110402,19658.1678125,-0.0233314959115013
2022-10-28,20287.95703125,20724.98046875,20086.068359375,20595.3515625,43994715910,19683.4781640625,0.0152577210006827
2022-10-29,20595.103515625,20988.39453125,20566.484375,20818.4765625,40369840645,19672.2246484375,0.0108337553414852
2022-10-30,20817.982421875,20917.005859375,20547.462890625,20635.603515625,31486345556,19651.3259375,-0.0087841704615604
2022-10-31,20633.6953125,20795.3203125,20287.458984375,20495.7734375,45668466815,19625.8562890625,-0.0067761564627427
2022-11-01,20494.8984375,20647.2890625,20359.845703125,20485.2734375,39819303159,19588.1527734375,-0.0005123007449325
2022-11-02,20482.958984375,20742.810546875,20087.134765625,20159.50390625,55552169483,19585.4087109375,-0.0159026205944438
2022-11-03,20162.689453125,20382.095703125,20086.240234375,20209.98828125,43228750179,19584.7866796875,0.002504246891926
2022-11-04,20208.76953125,21209.560546875,20188.01953125,21147.23046875,64072727950,19613.7070703125,0.0463751969796804
2022-11-05,21144.83203125,21446.88671875,21097.634765625,21282.69140625,37846047609,19643.90921875,0.006405611254872
2022-11-06,21285.056640625,21345.376953125,20920.19140625,20926.486328125,35082693210,19659.887421875,-0.0167368436315528
2022-11-07,20924.62109375,21053.24609375,20489.97265625,20602.81640625,53510852236,19683.5536328125,-0.0154669979852274
2022-11-08,20600.671875,20664.607421875,17603.544921875,18541.271484375,118992465607,19663.496484375,-0.1000613159494843
2022-11-09,18543.76171875,18590.458984375,15682.6923828125,15880.7802734375,102905151606,19603.29630859375,-0.1434902246687631
2022-11-10,15883.158203125,18054.3125,15834.0185546875,17586.771484375,83202283721,19584.08373046875,0.1074248986235879
2022-11-11,17583.251953125,17650.943359375,16543.482421875,17034.29296875,55871616488,19536.49857421875,-0.0314144364766353
2022-11-12,17036.875,17066.67578125,16651.775390625,16799.185546875,29717699419,19486.52951171875,-0.0138020064763657
2022-11-13,16799.72265625,16920.765625,16320.634765625,16353.365234375,27209183682,19434.85658203125,-0.0265382099183333
2022-11-14,16352.0283203125,17109.32421875,15872.94140625,16618.19921875,49630243054,19391.17861328125,0.0161944639882631
2022-11-15,16617.484375,17051.962890625,16542.55078125,16884.61328125,36599436183,19344.41744140625,0.0160314639987833
2022-11-16,16884.341796875,16960.294921875,16430.111328125,16669.439453125,33925512989,19295.59529296875,-0.0127437818409466
2022-11-17,16670.42578125,16726.439453125,16460.68359375,16687.517578125,27868914022,19240.81123046875,0.0010845070736082
2022-11-18,16687.912109375,16947.05859375,16564.611328125,16697.77734375,26862218609,19183.30576171875,0.0006148167681003
2022-11-19,16696.220703125,16797.876953125,16570.41015625,16711.546875,16106223492,19128.90091796875,0.0008246325823211
2022-11-20,16712.919921875,16746.779296875,16248.6923828125,16291.83203125,21313378652,19068.49564453125,-0.0251152599390952
2022-11-21,16291.2236328125,16291.2236328125,15599.046875,15787.2841796875,37429485518,19003.3591796875,-0.0309693747513911
2022-11-22,15782.30078125,16253.0478515625,15656.6064453125,16189.76953125,30726828760,18934.68296875,0.0254942741881059
2022-11-23,16195.5888671875,16638.193359375,16170.5029296875,16610.70703125,32958875628,18860.160234375,0.0260002157033485
2022-11-24,16611.63671875,16771.474609375,16501.767578125,16604.46484375,26129037414,18789.0351953125,-0.0003757930043709
2022-11-25,16602.26953125,16603.31640625,16388.404296875,16521.841796875,18678255976,18720.3631640625,-0.0049759536156385
2022-11-26,16521.576171875,16666.86328125,16416.228515625,16464.28125,18000008764,18658.711796875,-0.0034839061881034
2022-11-27,16463.8828125,16594.40625,16437.025390625,16444.626953125,20443898509,18599.27296875,-0.0011937537130568
2022-11-28,16440.22265625,16482.93359375,16054.5302734375,16217.322265625,27743025156,18534.6908984375,-0.0138224289397337
2022-11-29,16217.6396484375,16522.2578125,16139.396484375,16444.982421875,23581685468,18480.760859375,0.0140380854817543
2022-11-30,16445.4765625,17190.9375,16445.4765625,17168.56640625,29523576583,18443.103828125,0.0440002893169708
2022-12-01,17168.001953125,17197.498046875,16888.388671875,16967.1328125,22895392882,18399.297578125,-0.0117326973600236
2022-12-02,16968.68359375,17088.66015625,16877.880859375,17088.66015625,19539705127,18353.4126953125,0.0071625150279055
2022-12-03,17090.09765625,17116.041015625,16888.140625,16908.236328125,16217776704,18307.864296875,-0.0105581026525951
2022-12-04,16908.169921875,17157.767578125,16903.439453125,17130.486328125,16824520830,18269.121328125,0.013144481522908
2022-12-05,17128.89453125,17378.15234375,16922.431640625,16974.826171875,22209086834,18223.2559765625,-0.0090867330482284
2022-12-06,16975.23828125,17091.86328125,16939.921875,17089.50390625,19889922369,18174.0308984375,0.0067557530907154
2022-12-07,17089.505859375,17109.376953125,16750.55859375,16848.126953125,19675404389,18124.3051171875,-0.0141242808714139
2022-12-08,16847.349609375,17267.916015625,16788.783203125,17233.474609375,20496603770,18086.18390625,0.022871839541696
2022-12-09,17232.1484375,17280.546875,17100.8359375,17133.15234375,20328426366,18047.7721484375,-0.0058213603407883
2022-12-10,17134.220703125,17216.826171875,17120.68359375,17128.724609375,12706781969,18006.897265625,-0.00025843080632
2022-12-11,17129.7109375,17245.634765625,17091.8203125,17104.193359375,14122486832,17964.81734375,-0.0014321702613265
2022-12-12,17102.5,17212.564453125,16899.39453125,17206.4375,19617581341,17917.6059375,0.0059777236188083
2022-12-13,17206.44140625,17930.0859375,17111.763671875,17781.318359375,26634741631,17886.320859375,0.0334108010083435
2022-12-14,17782.06640625,18318.53125,17739.513671875,17815.650390625,25534481470,17840.71671875,0.001930792225645
2022-12-15,17813.64453125,17846.744140625,17322.58984375,17364.865234375,20964448341,17772.6051953125,-0.0253027616935732
2022-12-16,17364.546875,17505.525390625,16584.701171875,16647.484375,24031608960,17699.8381640625,-0.041312204252233
2022-12-17,16646.982421875,16800.58984375,16614.029296875,16795.091796875,14463581825,17623.83296875,0.0088666502727983
2022-12-18,16795.609375,16815.38671875,16697.8203125,16757.9765625,10924354698,17542.62296875,-0.0022098857704312
2022-12-19,16759.041015625,16807.52734375,16398.13671875,16439.6796875,17221074814,17458.7044921875,-0.0189937534411085
2022-12-20,16441.787109375,17012.984375,16427.8671875,16906.3046875,22722096615,17386.9151171875,0.0283840688425822
2022-12-21,16904.52734375,16916.80078125,16755.912109375,16817.53515625,14882945045,17313.5603515625,-0.0052506761761861
2022-12-22,16818.380859375,16866.673828125,16592.408203125,16830.341796875,16441573050,17246.977109375,0.0007615052090579
2022-12-23,16829.64453125,16905.21875,16794.458984375,16796.953125,15329265213,17178.71640625,-0.0019838380157674
2022-12-24,16796.9765625,16864.703125,16793.52734375,16847.755859375,9744636213,17092.7269140625,0.0030245208161823
2022-12-25,16847.505859375,16860.5546875,16755.25390625,16841.986328125,11656379938,17003.9128125,-0.0003424510242288
2022-12-26,16842.25,16920.123046875,16812.369140625,16919.8046875,11886957804,16923.7791796875,0.0046204977167716
2022-12-27,16919.291015625,16959.845703125,16642.072265625,16717.173828125,15748580239,16846.066328125,-0.0119759573539699
2022-12-28,16716.400390625,16768.169921875,16497.556640625,16552.572265625,17005713920,16806.29234375,-0.0098462553654299
2022-12-29,16552.322265625,16651.755859375,16508.68359375,16642.341796875,14472237479,16821.52357421875,0.0054232979508825
2022-12-30,16641.330078125,16643.427734375,16408.474609375,16602.5859375,15929162910,16801.83986328125,-0.0023888380529755
2022-12-31,16603.673828125,16628.986328125,16517.51953125,16547.49609375,11239186456,16792.10392578125,-0.0033181483870876
2023-01-01,16547.9140625,16630.439453125,16521.234375,16625.080078125,9244361700,16788.62181640625,0.0046885633896178
2023-01-02,16625.509765625,16759.34375,16572.228515625,16688.470703125,12097775227,16795.32392578125,0.0038129515588565
2023-01-03,16688.84765625,16760.447265625,16622.37109375,16679.857421875,13903079207,16796.55708984375,-0.0005161216628667
2023-01-04,16680.205078125,16964.5859375,16667.763671875,16863.23828125,18421743322,16796.12958984375,0.0109941502937851
2023-01-05,16863.47265625,16884.021484375,16790.283203125,16836.736328125,13692758566,16799.47552734375,-0.0015715814888571
2023-01-06,16836.47265625,16991.994140625,16716.421875,16951.96875,14413662913,16804.76455078125,0.0068441068167415
2023-01-07,16952.1171875,16975.017578125,16914.19140625,16955.078125,7714767174,16809.91056640625,0.0001834226481807
2023-01-08,16954.146484375,17091.14453125,16924.05078125,17091.14453125,9768827914,16817.50251953125,0.0080251123142494
2023-01-09,17093.9921875,17389.95703125,17093.9921875,17196.5546875,18624736866,16835.59697265625,0.0061675305628166
2023-01-10,17192.94921875,17484.720703125,17162.990234375,17446.29296875,15808338949,16868.7771484375,0.014522576515372
2023-01-11,17446.359375,17934.896484375,17337.994140625,17934.896484375,18372283782,16903.6796875,0.0280061510201732
2023-01-12,18117.59375,19030.087890625,17995.203125,18869.587890625,34971338710,16948.8573046875,0.0521157959882461
2023-01-13,18868.90625,19964.322265625,18753.1640625,19909.57421875,29225029694,17014.9594921875,0.0551144166026911
2023-01-14,19910.537109375,21075.142578125,19907.828125,20976.298828125,38967784639,17104.0486328125,0.0535784742383091
2023-01-15,20977.484375,20993.748046875,20606.986328125,20880.798828125,19298407543,17192.378984375,-0.0045527574136173
2023-01-16,20882.224609375,21360.875,20715.74609375,21169.6328125,26792494050,17286.8791015625,0.0138325160235708
2023-01-17,21175.833984375,21438.66015625,20978.533203125,21161.51953125,24999983362,17385.763046875,-0.0003832509199314
2023-01-18,21161.05078125,21564.501953125,20541.544921875,20688.78125,30005625418,17470.6390234375,-0.022339524368838
2023-01-19,20686.74609375,21163.01171875,20685.380859375,21086.79296875,21152848261,17549.0035546875,0.0192380456799503
2023-01-20,21085.373046875,22692.357421875,20919.126953125,22676.552734375,28799154319,17663.191953125,0.0753912540413792
2023-01-21,22677.427734375,23282.34765625,22511.833984375,22777.625,32442278429,17776.97125,0.0044571265663226
2023-01-22,22777.986328125,23056.73046875,22387.900390625,22720.416015625,24746386230,17893.21484375,-0.0025116307944748
2023-01-23,22721.087890625,23126.486328125,22654.3046875,22934.431640625,26518700512,18009.29375,0.009419529327844
2023-01-24,22929.626953125,23134.01171875,22549.744140625,22636.46875,26405069715,18122.5266015625,-0.0129919457039084
2023-01-25,22639.267578125,23722.099609375,22406.076171875,23117.859375,30685366709,18243.0937109375,0.0212661537590752
2023-01-26,23108.955078125,23237.078125,22911.373046875,23032.77734375,26357839322,18366.78671875,-0.0036803594082767
2023-01-27,23030.716796875,23417.720703125,22654.59375,23078.728515625,25383335641,18483.691796875,0.0019950339114214
2023-01-28,23079.96484375,23165.896484375,22908.845703125,23031.08984375,14712928379,18601.650546875,-0.002064180955322
2023-01-29,23031.44921875,23919.890625,22985.0703125,23774.56640625,27423687259,18734.5673828125,0.032281432079158
2023-01-30,23774.6484375,23789.34765625,22657.58203125,22840.138671875,27205595568,18849.2862890625,-0.0393036709232834
2023-01-31,22840.796875,23225.021484375,22765.568359375,23139.283203125,22837828665,18967.943203125,0.0130973167697252
2023-02-01,23137.8359375,23764.5390625,22877.75,23723.76953125,26683255504,19086.7922265625,0.0252594828886516
2023-02-02,23720.82421875,24167.2109375,23468.595703125,23471.87109375,32066936882,19199.916640625,-0.0106179769268196
2023-02-03,23469.412109375,23678.103515625,23279.955078125,23449.322265625,27083066007,19321.60578125,-0.0009606745041729
2023-02-04,23446.3203125,23556.94921875,23291.794921875,23331.84765625,15639298538,19455.293046875,-0.0050097230122172
2023-02-05,23332.248046875,23423.435546875,22841.759765625,22955.666015625,19564262605,19578.50453125,-0.0161230969003104
2023-02-06,22954.021484375,23119.279296875,22692.025390625,22760.109375,23825006542,19698.5471875,-0.0085188833332865
2023-02-07,22757.267578125,23310.974609375,22756.2578125,23264.291015625,27187964471,19835.0394140625,0.0221519867201869
2023-02-08,23263.416015625,23367.958984375,22731.09765625,22939.3984375,25371367758,19955.7012890625,-0.0139652903201216
2023-02-09,22946.56640625,22996.4375,21773.974609375,21819.0390625,32572572185,20055.7313671875,-0.0488399631774345
2023-02-10,21819.005859375,21941.185546875,21539.392578125,21651.18359375,27078406594,20152.148203125,-0.0076930733873835
2023-02-11,21651.841796875,21891.41015625,21618.44921875,21870.875,16356226232,20253.626640625,0.0101468543416451
2023-02-12,21870.90234375,22060.994140625,21682.828125,21788.203125,17821046406,20352.4355859375,-0.0037799985140054
2023-02-13,21787.0,21898.4140625,21460.087890625,21808.1015625,23918742607,20451.757890625,0.0009132665684197
2023-02-14,21801.822265625,22293.140625,21632.39453125,22220.8046875,26792596581,20557.777890625,0.0189243031456558
2023-02-15,22220.5859375,24307.841796875,22082.76953125,24307.841796875,32483312909,20709.59125,0.0939226611603778
2023-02-16,24307.349609375,25134.1171875,23602.5234375,23623.474609375,39316664596,20851.009296875,-0.028154173176657
2023-02-17,23621.283203125,24924.041015625,23460.755859375,24565.6015625,41358451255,21009.4744921875,0.0398809645364834
2023-02-18,24565.296875,24798.8359375,24468.373046875,24641.27734375,19625427158,21170.2483203125,0.003080558848008
2023-02-19,24640.02734375,25093.0546875,24327.642578125,24327.642578125,25555105670,21325.85125,-0.0127280238459127
2023-02-20,24336.623046875,25020.458984375,23927.91015625,24829.1484375,28987376573,21489.9326171875,0.020614650916729
2023-02-21,24833.048828125,25126.8515625,24200.36328125,24436.353515625,31252098714,21644.8902734375,-0.0158199111364509
2023-02-22,24437.41796875,24472.33984375,23644.318359375,24188.84375,30199996781,21795.07,-0.0101287520442335
2023-02-23,24190.71875,24572.08984375,23693.919921875,23947.4921875,30476264066,21936.755078125,-0.0099778048506349
2023-02-24,23946.0078125,24103.705078125,23007.072265625,23198.126953125,26811744928,22063.982890625,-0.0312920128967053
2023-02-25,23200.125,23210.2109375,22861.55859375,23175.375,16100721565,22188.451015625,-0.0009807668166905
2023-02-26,23174.150390625,23654.3671875,23084.220703125,23561.212890625,16644534842,22320.5737109375,0.0166486147743025
2023-02-27,23561.451171875,23857.890625,23205.87890625,23522.87109375,22660763494,22449.2082421875,-0.001627326956935
2023-02-28,23521.837890625,23585.384765625,23077.650390625,23147.353515625,20535363434,22568.22421875,-0.0159639347011842
2023-03-01,23150.9296875,23880.6328125,23088.626953125,23646.55078125,24662841200,22692.229375,0.0215660621974789
2023-03-02,23647.01953125,23739.138671875,23245.021484375,23475.466796875,20386398516,22803.04078125,-0.0072350503021632
2023-03-03,23476.6328125,23479.34765625,22213.23828125,22362.6796875,26062404610,22872.9026171875,-0.0474021291675925
2023-03-04,22362.923828125,22405.177734375,22198.98046875,22353.349609375,11166012913,22921.778125,-0.0004172164631153
2023-03-05,22354.14453125,22613.685546875,22307.142578125,22435.513671875,13317001733,22950.962421875,0.0036756935285233
2023-03-06,22436.81640625,22584.29296875,22331.314453125,22429.7578125,17353192895,22981.9416015625,-0.0002565512632864
2023-03-07,22428.322265625,22527.41796875,22011.26171875,22219.76953125,22765452204,23002.9443359375,-0.0093620396174306
2023-03-08,22216.44140625,22268.896484375,21708.05078125,21718.080078125,22536575684,23014.075546875,-0.0225785174062863
2023-03-09,21720.080078125,21802.716796875,20210.306640625,20363.021484375,30364664171,23007.5603515625,-0.0623931115860858
2023-03-10,20367.001953125,20370.595703125,19628.25390625,20187.244140625,39578257695,22989.569375,-0.0086321837790565
2023-03-11,20187.876953125,20792.525390625,20068.66015625,20632.41015625,30180288176,22948.6865234375,0.022051846825845
2023-03-12,20628.029296875,22185.03125,20448.806640625,22163.94921875,29279035521,22936.4130078125,0.0742297700996441
2023-03-13,22156.40625,24550.837890625,21918.19921875,24197.533203125,49466362688,22965.9553515625,0.0917518788869382
2023-03-14,24201.765625,26514.716796875,24081.18359375,24746.07421875,54622230164,23002.188203125,0.0226692948830899
2023-03-15,24770.92578125,25240.615234375,23964.91015625,24375.9609375,43655701450,23036.978046875,-0.0149564443223711
2023-03-16,24373.45703125,25190.326171875,24225.111328125,25052.7890625,33866061747,23075.676640625,0.0277662130627542
2023-03-17,25055.123046875,27787.8125,24955.169921875,27423.9296875,50730261335,23163.4996875,0.0946457745317153
2023-03-18,27448.1171875,27725.953125,26636.26171875,26965.87890625,35723036817,23241.2426953125,-0.016702594648891
2023-03-19,26969.50390625,28440.560546875,26907.716796875,28038.67578125,37769448859,23341.3944140625,0.0397834937525938
2023-03-20,28041.6015625,28527.724609375,27242.880859375,27767.236328125,44774027664,23421.2478125,-0.0096808941778383
2023-03-21,27768.392578125,28439.5625,27439.646484375,28175.81640625,36102192830,23527.9613671875,0.0147144668377081
2023-03-22,28158.720703125,28803.3359375,26759.99609375,27307.4375,33382021890,23611.324453125,-0.0308200086815363
2023-03-23,27301.95703125,28729.84375,27183.36328125,28333.97265625,24220433689,23703.528515625,0.0375917790254027
2023-03-24,28324.111328125,28388.4375,27039.265625,27493.28515625,25980310960,23783.956796875,-0.0296706540307385
2023-03-25,27487.337890625,27791.826171875,27196.234375,27494.70703125,13383005987,23864.8644921875,5.17171735541222e-05
2023-03-26,27495.5234375,28178.14453125,27445.046875,27994.330078125,13878363192,23958.114140625,0.0181716083138161
2023-03-27,27994.068359375,28037.92578125,26606.689453125,27139.888671875,18188895178,24041.79859375,-0.0305219451176532
2023-03-28,27132.888671875,27460.71875,26677.818359375,27268.130859375,17783600385,24131.9590234375,0.0047252289443948
2023-03-29,27267.03125,28619.54296875,27259.662109375,28348.44140625,20684945906,24233.64203125,0.0396180637553154
2023-03-30,28350.140625,29159.90234375,27720.16015625,28033.5625,22435349951,24335.5253125,-0.0111074503792854
2023-03-31,28032.26171875,28639.896484375,27583.71484375,28478.484375,19001327598,24468.71421875,0.0158710429685844
2023-04-01,28473.33203125,28802.45703125,28297.171875,28411.03515625,10876469901,24603.91125,-0.0023684272611504
2023-04-02,28462.845703125,28518.958984375,27884.087890625,28199.30859375,12284641999,24730.479921875,-0.007452264985615
2023-04-03,28183.080078125,28475.623046875,27276.720703125,27790.220703125,19556501327,24850.5202734375,-0.0145070184705049
2023-04-04,27795.2734375,28433.7421875,27681.3046875,28168.08984375,15284538859,24977.7200390625,0.0135971982612757
2023-04-05,28169.7265625,28739.23828125,27843.763671875,28177.984375,17052315986,25096.8636328125,0.0003512673846499
2023-04-06,28175.2265625,28178.384765625,27738.759765625,28044.140625,13837809380,25171.589609375,-0.004749940528704
2023-04-07,28038.966796875,28111.59375,27794.03125,27925.859375,10861680497,25257.6373046875,-0.0042176813895504
2023-04-08,27920.513671875,28159.86328125,27883.38671875,27947.794921875,9373255556,25325.281171875,0.0007854922772632
2023-04-09,27952.3671875,28532.830078125,27828.48046875,28333.05078125,12175322951,25399.116640625,0.0137848392136818
2023-04-10,28336.02734375,29771.46484375,28189.271484375,29652.98046875,19282400094,25505.6233984375,0.0465862182541065
2023-04-11,29653.6796875,30509.083984375,29609.30078125,30235.05859375,20121259843,25613.7416015625,0.0196296667585718
2023-04-12,30231.58203125,30462.48046875,29725.57421875,30139.052734375,18651929926,25727.7955859375,-0.0031753158035832
2023-04-13,29892.740234375,30539.845703125,29878.623046875,30399.06640625,17487721001,25852.0000390625,0.0086271348395248
2023-04-14,30409.5625,31005.607421875,30044.498046875,30485.69921875,22659995079,25982.7641796875,0.0028498510889198
2023-04-15,30490.75,30601.740234375,30245.8828125,30318.49609375,11940685378,26125.1715625,-0.0054846413001793
2023-04-16,30315.9765625,30555.537109375,30157.83203125,30315.35546875,12854816417,26267.971171875,-0.0001035877568033
2023-04-17,30317.146484375,30319.197265625,29275.37109375,29445.044921875,17872186762,26385.6478125,-0.0287085713961738
2023-04-18,29449.091796875,30470.302734375,29154.849609375,30397.552734375,19480529496,26523.1414453125,0.032348662229154
2023-04-19,30394.1875,30411.0546875,28669.8984375,28822.6796875,24571565421,26636.64796875,-0.0518092051895368
2023-04-20,28823.68359375,29076.400390625,28037.2578125,28245.98828125,21340360360,26728.63671875,-0.020008250880993
2023-04-21,28249.23046875,28349.96875,27177.365234375,27276.91015625,20759504330,26804.6655859375,-0.0343085225183388
2023-04-22,27265.89453125,27872.142578125,27169.5703125,27817.5,13125734602,26913.7619921875,0.0198185879798462
2023-04-23,27816.14453125,27820.244140625,27400.314453125,27591.384765625,12785446832,27018.5226953125,-0.0081285246472544
2023-04-24,27591.73046875,27979.982421875,27070.849609375,27525.33984375,17703288330,27120.31921875,-0.0023936791297725
2023-04-25,27514.873046875,28371.078125,27207.931640625,28307.59765625,17733373139,27237.876015625,0.0284195514729537
2023-04-26,28300.05859375,29995.837890625,27324.548828125,28422.701171875,31854242019,27361.9346484375,0.0040661703978821
2023-04-27,28428.46484375,29871.546875,28402.88671875,29473.787109375,27153445027,27517.0487890625,0.0369805083318428
2023-04-28,29481.013671875,29572.791015625,28929.609375,29340.26171875,17544464887,27696.59359375,-0.0045303099370805
2023-04-29,29336.56640625,29452.455078125,29088.04296875,29248.48828125,10662634333,27877.8184765625,-0.0031279011203009
2023-04-30,29245.515625,29952.029296875,29114.021484375,29268.806640625,14652199272,28050.54640625,0.0006946806679244
2023-05-01,29227.103515625,29329.935546875,27680.79296875,28091.568359375,18655599976,28169.0987890625,-0.0402216016424802
2023-05-02,28087.17578125,28881.298828125,27924.123046875,28680.537109375,16432924527,28258.7588671875,0.0209660330268972
2023-05-03,28680.494140625,29259.533203125,28178.388671875,29006.30859375,19122972518,28343.9635546875,0.0113586256468158
2023-05-04,29031.3046875,29353.185546875,28694.0390625,28847.7109375,15548678514,28433.3985546875,-0.005467695268338
2023-05-05,28851.48046875,29668.908203125,28845.509765625,29534.384765625,17936566518,28523.03046875,0.0238034078202153
2023-05-06,29538.859375,29820.126953125,28468.966796875,28904.623046875,15913866714,28552.6443359375,-0.021323001096775
2023-05-07,28901.623046875,29157.517578125,28441.3671875,28454.978515625,11301355486,28582.426328125,-0.0155561458290186
2023-05-08,28450.45703125,28663.271484375,27310.134765625,27694.2734375,19122903752,28575.53828125,-0.0267336374092599
2023-05-09,27695.068359375,27821.400390625,27375.6015625,27658.775390625,14128593256,28573.3690625,-0.0012817829272578
2023-05-10,27654.63671875,28322.6875,26883.669921875,27621.755859375,20656025026,28562.2878515625,-0.0013384371045779
2023-05-11,27621.0859375,27621.94140625,26781.826171875,27000.7890625,16724343943,28556.1548828125,-0.0224810761501332
2023-05-12,26987.662109375,27055.646484375,25878.4296875,26804.990234375,19313599897,28525.575234375,-0.0072515965245228
2023-05-13,26807.76953125,27030.482421875,26710.873046875,26784.078125,9999171605,28511.39109375,-0.0007801573211611
2023-05-14,26788.974609375,27150.9765625,26661.35546875,26930.638671875,10014858959,28500.1097265625,0.0054719279936015
2023-05-15,26931.384765625,27646.34765625,26766.09765625,27192.693359375,14413231792,28484.0769921875,0.0097307268012798
2023-05-16,27171.513671875,27299.3046875,26878.947265625,27036.650390625,12732238816,28482.0122265625,-0.0057384153414947
2023-05-17,27035.470703125,27465.927734375,26600.14453125,27398.802734375,15140006925,28484.6256640625,0.0133948672826562
2023-05-18,27401.650390625,27466.52734375,26415.1015625,26832.208984375,15222938600,28454.301015625,-0.0206795076227598
2023-05-19,26826.75390625,27128.619140625,26700.2109375,26890.12890625,11258983301,28431.43234375,0.0021585968530852
2023-05-20,26888.841796875,27155.158203125,26843.27734375,27129.5859375,7044911360,28404.454375,0.0089050161152013
2023-05-21,27118.423828125,27265.91796875,26706.921875,26753.826171875,8647416921,28371.3101953125,-0.0138505529163128
2023-05-22,26749.892578125,27045.734375,26549.734375,26851.27734375,11056770492,28344.3495703125,0.0036425134576618
2023-05-23,26855.9609375,27434.68359375,26816.1796875,27225.7265625,13697203143,28333.0596875,0.0139453037543169
2023-05-24,27224.603515625,27224.603515625,26106.576171875,26334.818359375,16299104428,28296.3942578125,-0.0327230276510641
2023-05-25,26329.4609375,26591.51953125,25890.59375,26476.20703125,13851122697,28262.3587109375,0.0053688873014257
2023-05-26,26474.181640625,26916.669921875,26343.94921875,26719.291015625,12711619225,28235.86171875,0.0091812238848294
2023-05-27,26720.181640625,26888.8828125,26621.140625,26868.353515625,7892015141,28214.7116015625,0.0055788344051805
2023-05-28,26871.158203125,28193.44921875,26802.751953125,28085.646484375,14545229578,28217.4686328125,0.0453058267244435
2023-05-29,28075.591796875,28432.0390625,27563.876953125,27745.884765625,15181308984,28205.7253125,-0.0120973437068298
2023-05-30,27745.123046875,28044.759765625,27588.501953125,27702.349609375,13251081851,28166.7126953125,-0.0015690671469931
2023-05-31,27700.529296875,27831.677734375,26866.453125,27219.658203125,15656371534,28106.4046875,-0.0174242045550767
2023-06-01,27218.412109375,27346.10546875,26671.720703125,26819.97265625,14678970415,28040.0230859375,-0.0146837092476463
2023-06-02,26824.556640625,27303.861328125,26574.64453125,27249.58984375,14837415000,27977.0335546875,0.0160185542694759
2023-06-03,27252.32421875,27317.052734375,26958.00390625,27075.12890625,8385597470,27908.8221484375,-0.0064023326039167
2023-06-04,27075.123046875,27407.01953125,26968.224609375,27119.06640625,9360912318,27844.8335546875,0.001622799291266
2023-06-05,27123.109375,27129.982421875,25445.16796875,25760.09765625,21513292646,27753.7283984375,-0.0501111922380486
2023-06-06,25732.109375,27313.8203125,25434.8671875,27238.783203125,21929670693,27709.6031640625,0.0574021716302086
2023-06-07,27235.650390625,27332.181640625,26146.98828125,26345.998046875,19530045082,27628.5720703125,-0.0327762495700458
2023-06-08,26347.654296875,26797.513671875,26246.6640625,26508.216796875,11904824295,27582.2828125,0.0061572444403654
2023-06-09,26505.923828125,26770.2890625,26339.314453125,26480.375,11015551640,27546.970546875,-0.0010503081775867
2023-06-10,26481.76171875,26531.044921875,25501.8359375,25851.240234375,19872933189,27518.4571484375,-0.0237585293118016
2023-06-11,25854.03125,26203.439453125,25668.986328125,25940.16796875,10732609603,27480.9105078125,0.0034399794195076
2023-06-12,25934.28515625,26087.919921875,25675.197265625,25902.5,11677889997,27447.1328125,-0.0014521096700444
2023-06-13,25902.94140625,26376.3515625,25728.365234375,25918.728515625,14143474486,27415.0005859375,0.0006265231396582
2023-06-14,25920.2578125,26041.80078125,24902.15234375,25124.67578125,14265717766,27351.3421484375,-0.0306362533909141
2023-06-15,25121.673828125,25735.30859375,24797.16796875,25576.39453125,15837384409,27294.416015625,0.0179790877276557
2023-06-16,25575.283203125,26463.173828125,25245.357421875,26327.462890625,16324646965,27231.48953125,0.029365685552642
2023-06-17,26328.6796875,26769.39453125,26174.4921875,26510.67578125,11090276850,27174.8978125,0.0069590029007406
2023-06-18,26510.45703125,26675.92578125,26325.890625,26336.212890625,9565695129,27116.6523046875,-0.0065808541458755
2023-06-19,26335.44140625,26984.611328125,26312.83203125,26851.029296875,12826986222,27068.2967578125,0.0195478525476706
2023-06-20,26841.6640625,28388.96875,26668.791015625,28327.48828125,22211859147,27073.01515625,0.0549870534961889
2023-06-21,28311.310546875,30737.330078125,28283.41015625,30027.296875,33346760979,27099.9503515625,0.0600056234027324
2023-06-22,29995.935546875,30495.998046875,29679.158203125,29912.28125,20653160491,27118.0698046875,-0.0038303689299371
2023-06-23,29896.3828125,31389.5390625,29845.21484375,30695.46875,24115570085,27155.0249609375,0.0261828074379983
2023-06-24,30708.73828125,30804.1484375,30290.146484375,30548.6953125,12147822496,27175.311171875,-0.0047815994828226
2023-06-25,30545.150390625,31041.271484375,30327.943359375,30480.26171875,12703464114,27206.8239453125,-0.0022401478377375
2023-06-26,30480.5234375,30636.029296875,29955.744140625,30271.130859375,16493186997,27243.1469921875,-0.0068611897530509
2023-06-27,30274.3203125,31006.787109375,30236.650390625,30688.1640625,16428827944,27303.0248046875,0.0137765980749888
2023-06-28,30696.560546875,30703.279296875,29921.822265625,30086.24609375,14571500779,27351.57421875,-0.0196140103892863
2023-06-29,30086.1875,30796.25,30057.203125,30445.3515625,13180860821,27408.0461328125,0.0119358682246701
2023-06-30,30441.353515625,31256.86328125,29600.275390625,30477.251953125,26387306197,27477.575390625,0.0010477918298796
2023-07-01,30471.84765625,30641.2890625,30328.865234375,30590.078125,9086606733,27553.2771484375,0.0037019798257575
2023-07-02,30587.26953125,30766.140625,30264.01953125,30620.76953125,10533418042,27630.0109765625,0.0010033124506771
2023-07-03,30624.515625,31375.61328125,30586.513671875,31156.439453125,15271884873,27714.5269921875,0.017493679292688
2023-07-04,31156.865234375,31325.197265625,30659.35546875,30777.58203125,12810828427,27786.224765625,-0.0121598433108826
2023-07-05,30778.724609375,30877.330078125,30225.61328125,30514.166015625,12481622280,27855.775078125,-0.0085586975402272
2023-07-06,30507.150390625,31460.052734375,29892.2265625,29909.337890625,21129219509,27905.98578125,-0.0198212241714321
2023-07-07,29907.998046875,30434.64453125,29777.28515625,30342.265625,13384770155,27976.1869140625,0.0144746679434417
2023-07-08,30346.921875,30374.4375,30080.16015625,30292.541015625,7509378699,28044.23515625,-0.0016387902600796
2023-07-09,30291.611328125,30427.58984375,30085.591796875,30171.234375,7903327692,28105.068125,-0.0040045052860514
2023-07-10,30172.423828125,31026.083984375,29985.39453125,30414.470703125,14828209155,28178.281015625,0.0080618620074273
2023-07-11,30417.6328125,30788.314453125,30358.09765625,30620.951171875,12151839152,28253.6744921875,0.0067888891036589
2023-07-12,30622.24609375,30959.96484375,30228.8359375,30391.646484375,14805659717,28316.992890625,-0.0074884900280502
2023-07-13,30387.48828125,31814.515625,30268.3515625,31476.048828125,23686079548,28419.8175,0.0356809343747637
2023-07-14,31474.720703125,31582.25390625,29966.38671875,30334.068359375,20917902660,28496.9747265625,-0.0362809345920698
2023-07-15,30331.783203125,30407.78125,30263.462890625,30295.806640625,8011667756,28568.5050390625,-0.0012613447789694
2023-07-16,30297.47265625,30437.560546875,30089.669921875,30249.1328125,8516564470,28636.120625,-0.00154060357853
2023-07-17,30249.626953125,30336.400390625,29685.783203125,30145.888671875,13240156074,28677.32546875,-0.0034131272874816
2023-07-18,30147.0703125,30233.65625,29556.427734375,29856.5625,13138897269,28719.5390234375,-0.0095975333493794
2023-07-19,29862.046875,30184.181640625,29794.26953125,29913.923828125,12128602812,28763.7705078125,0.0019212301525
2023-07-20,29915.25,30195.53125,29638.095703125,29792.015625,14655207121,28815.21765625,-0.0040752996439197
2023-07-21,29805.111328125,30045.998046875,29733.8515625,29908.744140625,10972789818,28876.9930859375,0.0039181140710413
2023-07-22,29908.697265625,29991.615234375,29664.12109375,29771.802734375,7873300598,28927.43734375,-0.0045786411360546
2023-07-23,29790.111328125,30330.640625,29741.52734375,30084.5390625,9220145050,28987.625546875,0.0105044471413182
2023-07-24,30081.662109375,30093.39453125,28934.294921875,29176.916015625,15395817395,29028.7825390625,-0.030169086020877
2023-07-25,29178.970703125,29353.16015625,29062.43359375,29227.390625,10266772793,29098.1283984375,0.0017299501204297
2023-07-26,29225.759765625,29675.552734375,29113.912109375,29354.97265625,13497554655,29140.4521875,0.0043651529788248
2023-07-27,29353.798828125,29560.966796875,29099.3515625,29210.689453125,10770779217,29197.746015625,-0.0049151196567127
2023-07-28,29212.1640625,29521.513671875,29125.845703125,29319.24609375,11218474952,29253.9666015625,0.0037163327075591
2023-07-29,29319.4453125,29396.84375,29264.166015625,29356.91796875,6481775959,29311.4974609375,0.0012848855280773
2023-07-30,29357.09375,29443.169921875,29059.501953125,29275.30859375,8678454527,29379.978828125,-0.0027799026821164
2023-07-31,29278.314453125,29489.873046875,29131.578125,29230.111328125,11656781982,29445.7776953125,-0.0015438698273756
2023-08-01,29230.873046875,29675.732421875,28657.0234375,29675.732421875,18272392391,29521.24234375,0.0152452752829999
2023-08-02,29704.146484375,29987.998046875,28946.509765625,29151.958984375,19212655598,29585.906953125,-0.0176498908284369
2023-08-03,29161.8125,29375.70703125,28959.48828125,29178.6796875,12780357746,29666.98703125,0.0009166006009861
2023-08-04,29174.3828125,29302.078125,28885.3359375,29074.091796875,12036639988,29736.9409765625,-0.0035843942133476
2023-08-05,29075.388671875,29102.46484375,28957.796875,29042.126953125,6598366353,29791.2342578125,-0.0010994270766331
2023-08-06,29043.701171875,29160.822265625,28963.833984375,29041.85546875,7269806994,29841.8578515625,-9.347950838400898e-06
2023-08-07,29038.513671875,29244.28125,28724.140625,29180.578125,13618163710,29898.74515625,0.0047766457759308
2023-08-08,29180.01953125,30176.796875,29113.814453125,29765.4921875,17570561357,29957.0344140625,0.0200446358531494
2023-08-09,29766.6953125,30093.435546875,29376.80078125,29561.494140625,18379521213,29981.71453125,-0.0068535082702468
2023-08-10,29563.97265625,29688.564453125,29354.447265625,29429.591796875,11865344789,29969.7604296875,-0.0044619647140478
2023-08-11,29424.90234375,29517.7734375,29253.517578125,29397.71484375,10195168197,29959.4691015625,-0.0010831598801986
2023-08-12,29399.787109375,29465.11328125,29357.587890625,29415.96484375,6194358008,29933.8790234375,0.0006207965516027
2023-08-13,29416.59375,29441.43359375,29265.806640625,29282.9140625,7329897180,29908.5633984375,-0.0045230806453818
2023-08-14,29283.263671875,29660.25390625,29124.10546875,29408.443359375,14013695304,29887.12703125,0.0042867761250493
2023-08-15,29408.048828125,29439.12109375,29088.853515625,29170.34765625,12640195779,29865.1113671875,-0.008096168172366
2023-08-16,29169.07421875,29221.9765625,28701.779296875,28701.779296875,14949271904,29825.383671875,-0.0160631736342917
2023-08-17,28699.802734375,28745.947265625,25409.111328125,26664.55078125,31120851211,29756.949765625,-0.070979171519405
2023-08-18,26636.078125,26808.1953125,25668.921875,26049.556640625,24026236529,29669.0338671875,-0.0230641103114871
2023-08-19,26047.83203125,26249.44921875,25802.408203125,26096.205078125,10631443812,29581.4129296875,0.0017907574452629
2023-08-20,26096.861328125,26260.681640625,26004.314453125,26189.583984375,9036580420,29493.403046875,0.0035782561476065
2023-08-21,26188.69140625,26220.201171875,25846.087890625,26124.140625,13371557893,29403.47046875,-0.0024988315741878
2023-08-22,26130.748046875,26135.5078125,25520.728515625,26031.65625,14503820706,29300.9748046875,-0.0035401882238949
2023-08-23,26040.474609375,26786.8984375,25804.998046875,26431.640625,16985265785,29214.0559765625,0.0153653064237893
2023-08-24,26431.51953125,26554.91015625,25914.92578125,26162.373046875,12871532023,29127.0201171875,-0.0101873198847262
2023-08-25,26163.6796875,26248.103515625,25786.8125,26047.66796875,12406045118,29049.78671875,-0.0043843529759125
2023-08-26,26047.234375,26107.384765625,25983.87890625,26008.462890625,6034817316,28963.1106640625,-0.0015051281432193
2023-08-27,26008.2421875,26165.373046875,25965.09765625,26089.693359375,6913768611,28879.0537109375,0.0031232321991347
2023-08-28,26089.615234375,26198.578125,25880.599609375,26106.150390625,11002805166,28797.75203125,0.0006307866874213
2023-08-29,26102.486328125,28089.337890625,25912.62890625,27727.392578125,29368391712,28744.01046875,0.0621019247664413
2023-08-30,27726.083984375,27760.16015625,27069.20703125,27297.265625,16343655235,28677.5367578125,-0.0155127083050838
2023-08-31,27301.9296875,27456.078125,25752.9296875,25931.47265625,20181001451,28588.33328125,-0.0500340578984273
2023-09-01,25934.021484375,26125.869140625,25362.609375,25800.724609375,17202862221,28474.826796875,-0.0050420602257421
2023-09-02,25800.91015625,25970.28515625,25753.09375,25868.798828125,10100387473,28385.52140625,0.0026384615075991
2023-09-03,25869.47265625,26087.1484375,25817.03125,25969.56640625,8962524523,28298.9966015625,0.0038953327054152
2023-09-04,25968.169921875,26081.525390625,25657.025390625,25812.416015625,10680635106,28210.262265625,-0.0060513290120692
2023-09-05,25814.95703125,25858.375,25589.98828125,25779.982421875,11094740040,28122.944140625,-0.0012565113521479
2023-09-06,25783.931640625,25953.015625,25404.359375,25753.236328125,12752705327,28040.8776171875,-0.0010374752516241
2023-09-07,25748.3125,26409.302734375,25608.201171875,26240.1953125,11088307100,27967.403046875,0.018908652030005
2023-09-08,26245.208984375,26414.005859375,25677.48046875,25905.654296875,10817356400,27889.6758203125,-0.0127491816139658
2023-09-09,25905.42578125,25921.9765625,25810.494140625,25895.677734375,5481314132,27809.4144921875,-0.0003851113886439
2023-09-10,25895.2109375,25978.130859375,25640.26171875,25832.2265625,7899553047,27730.62296875,-0.002450261102484
2023-09-11,25831.71484375,25883.947265625,24930.296875,25162.654296875,14600006467,27632.1852734375,-0.025920036896742
2023-09-12,25160.658203125,26451.939453125,25133.078125,25833.34375,18657279324,27565.313828125,0.0266541615686504
2023-09-13,25837.5546875,26376.11328125,25781.123046875,26228.32421875,13072077070,27505.3325,0.0152895603671128
2023-09-14,26228.27734375,26774.623046875,26171.451171875,26539.673828125,13811359124,27449.0265234375,0.011870739692642
2023-09-15,26533.818359375,26840.498046875,26240.701171875,26608.693359375,11479735788,27396.9866015625,0.0026006171627044
2023-09-16,26606.19921875,26754.76953125,26473.890625,26568.28125,7402031417,27341.9673046875,-0.0015187558753523
2023-09-17,26567.927734375,26617.998046875,26445.07421875,26534.1875,6774210670,27285.5126953125,-0.0012832501161511
2023-09-18,26532.994140625,27414.734375,26415.515625,26754.28125,15615339655,27235.0921484375,0.0082947235523982
2023-09-19,26760.8515625,27488.763671875,26681.60546875,27211.1171875,13807690550,27194.712265625,0.0170752461346723
2023-09-20,27210.228515625,27379.505859375,26864.08203125,27132.0078125,13281116604,27143.8377734375,-0.0029072446550022
2023-09-21,27129.83984375,27152.939453125,26389.30078125,26567.6328125,13371443708,27092.15125,-0.0208010776017831
2023-09-22,26564.056640625,26726.078125,26495.533203125,26579.568359375,10578746709,27040.1690234375,0.000449251424063
2023-09-23,26578.556640625,26634.185546875,26520.51953125,26579.390625,7404700301,26990.275,-6.686879658768241e-06
2023-09-24,26579.373046875,26716.05859375,26221.05078125,26256.826171875,8192867686,26934.568984375,-0.0121358859454664
2023-09-25,26253.775390625,26421.5078125,26011.46875,26298.48046875,11997833257,26879.701484375,0.001586417817688
2023-09-26,26294.7578125,26389.884765625,26090.712890625,26217.25,9985498161,26820.434921875,-0.0030887894396227
2023-09-27,26209.498046875,26817.841796875,26111.46484375,26352.716796875,11718380997,26752.1794140625,0.005167086436411
2023-09-28,26355.8125,27259.5,26327.322265625,27021.546875,14079002707,26701.38046875,0.0253799288809688
2023-09-29,27024.841796875,27225.9375,26721.763671875,26911.720703125,10396435377,26651.023046875,-0.0040643924784561
2023-09-30,26911.689453125,27091.794921875,26888.96875,26967.916015625,5331172801,26602.4270703125,0.0020881352448591
2023-10-01,26967.396484375,28047.23828125,26965.09375,27983.75,9503917434,26573.7827734375,0.0376682419133327
2023-10-02,27976.798828125,28494.458984375,27347.787109375,27530.78515625,19793041322,26538.7401953125,-0.0161867099209362
2023-10-03,27508.251953125,27667.19140625,27216.001953125,27429.978515625,11407814187,26499.1708984375,-0.0036615970105057
2023-10-04,27429.07421875,27826.658203125,27248.10546875,27799.39453125,11143355314,26471.7518359375,0.0134676013477212
2023-10-05,27798.646484375,28091.861328125,27375.6015625,27415.912109375,11877253670,26446.0344921875,-0.0137946321616435
2023-10-06,27412.123046875,28252.537109375,27215.552734375,27946.59765625,13492391599,26471.6754296875,0.0193568444762239
2023-10-07,27946.78125,28028.091796875,27870.423828125,27968.83984375,6553044316,26510.06109375,0.0007958817661306
2023-10-08,27971.677734375,28102.169921875,27740.662109375,27935.08984375,7916875290,26546.8387890625,-0.0012067000343434
2023-10-09,27934.47265625,27989.470703125,27302.5625,27583.677734375,12007668568,26574.7206640625,-0.0125795947441215
2023-10-10,27589.201171875,27715.84765625,27301.654296875,27391.01953125,9973350678,26600.0582421875,-0.0069845002171304
2023-10-11,27392.076171875,27474.115234375,26561.099609375,26873.3203125,13648094333,26616.8915234375,-0.0189003267351682
2023-10-12,26873.29296875,26921.439453125,26558.3203125,26756.798828125,9392909295,26623.3946875,-0.0043359541366684
2023-10-13,26752.87890625,27092.697265625,26686.322265625,26862.375,15165312851,26637.3947265625,0.0039457699163931
2023-10-14,26866.203125,26969.0,26814.5859375,26861.70703125,5388116782,26653.6755078125,-2.486633255627257e-05
2023-10-15,26858.01171875,27289.169921875,26817.89453125,27159.65234375,7098201980,26676.699296875,0.0110918234702426
2023-10-16,27162.62890625,29448.138671875,27130.47265625,28519.466796875,27833876539,26725.294765625,0.050067446958242
2023-10-17,28522.09765625,28618.751953125,28110.185546875,28415.748046875,14872527508,26771.48671875,-0.0036367703063566
2023-10-18,28413.53125,28889.009765625,28174.251953125,28328.341796875,12724128586,26783.505703125,-0.0030759792019486
2023-10-19,28332.416015625,28892.474609375,28177.98828125,28719.806640625,14448058195,26811.9565234375,0.0138188407410837
2023-10-20,28732.8125,30104.0859375,28601.669921875,29682.94921875,21536125230,26886.9860546875,0.0335358308702053
2023-10-21,29683.380859375,30287.482421875,29481.751953125,29918.412109375,11541146996,26969.3398046875,0.0079325975626527
2023-10-22,29918.654296875,30199.43359375,29720.3125,29993.896484375,10446520040,27051.8417578125,0.0025230073950464
2023-10-23,30140.685546875,34370.4375,30097.828125,33086.234375,38363572311,27194.1751171875,0.1030989052134629
2023-10-24,33077.3046875,35150.43359375,32880.76171875,33901.52734375,44934999645,27355.95734375,0.0246414554013447
2023-10-25,33916.04296875,35133.7578125,33709.109375,34502.8203125,25254318008,27530.4141015625,0.017736456610143
2023-10-26,34504.2890625,34832.91015625,33762.32421875,34156.6484375,19427195376,27698.48234375,-0.0100331471996967
2023-10-27,34156.5,34238.2109375,33416.88671875,33909.80078125,16418032871,27851.874453125,-0.0072269285056373
2023-10-28,33907.72265625,34399.390625,33874.8046875,34089.57421875,10160330825,28015.5528515625,0.0053015185391298
2023-10-29,34089.37109375,34743.26171875,33947.56640625,34538.48046875,11160323986,28188.40890625,0.0131684322930936
2023-10-30,34531.7421875,34843.93359375,34110.97265625,34502.36328125,17184860315,28361.811640625,-0.0010457086417764
2023-10-31,34500.078125,34719.25390625,34083.30859375,34667.78125,15758270810,28551.9141796875,0.0047943953114624
2023-11-01,34657.2734375,35527.9296875,34170.69140625,35437.25390625,22446272005,28743.9923828125,0.0221956130016252
2023-11-02,35441.578125,35919.84375,34401.57421875,34938.2421875,20998158544,28918.1907421875,-0.0140815572242178
2023-11-03,34942.47265625,34942.47265625,34133.44140625,34732.32421875,17158456701,29082.04375,-0.0058937701457594
2023-11-04,34736.32421875,35256.03125,34616.69140625,35082.1953125,9561294264,29251.5137890625,0.0100733567827611
2023-11-05,35090.01171875,35340.33984375,34594.2421875,35049.35546875,12412743996,29421.1352734375,-0.0009360829177728
2023-11-06,35044.7890625,35286.02734375,34765.36328125,35037.37109375,12693436420,29591.1989453125,-0.0003419285416157
2023-11-07,35047.79296875,35892.41796875,34545.81640625,35443.5625,18834737789,29764.9845703125,0.0115930902796088
2023-11-08,35419.4765625,35994.41796875,35147.80078125,35655.27734375,17295394918,29933.8677734375,0.0059732946920896
2023-11-09,35633.6328125,37926.2578125,35592.1015625,36693.125,37762672382,30125.0901171875,0.0291078273278926
2023-11-10,36702.25,37493.80078125,36362.75390625,37313.96875,22711265155,30340.0168359375,0.0169198930317326
2023-11-11,37310.0703125,37407.09375,36773.66796875,37138.05078125,13924272142,30551.186484375,-0.0047145338500075
2023-11-12,37133.9921875,37227.69140625,36779.1171875,37054.51953125,11545715999,30760.6890625,-0.0022492093215127
2023-11-13,37070.3046875,37405.1171875,36399.60546875,36502.35546875,19057712790,30965.5996484375,-0.0149013958212123
2023-11-14,36491.7890625,36753.3515625,34948.5,35537.640625,23857403554,31150.3828515625,-0.0264288381218549
2023-11-15,35548.11328125,37964.89453125,35383.78125,37880.58203125,27365821679,31383.6494921875,0.0659284455874031
2023-11-16,37879.98046875,37934.625,35545.47265625,36154.76953125,26007385366,31579.690546875,-0.0455592920556572
2023-11-17,36164.82421875,36704.484375,35901.234375,36596.68359375,22445028430,31771.19328125,0.0122228427460457
2023-11-18,36625.37109375,36839.28125,36233.3125,36585.703125,11886022717,31964.6729296875,-0.0003000399946588
2023-11-19,36585.765625,37509.35546875,36414.59765625,37386.546875,12915986553,32173.045546875,0.021889527372586
2023-11-20,37374.07421875,37756.8203125,36882.53125,37476.95703125,20888209068,32362.9096875,0.0024182537251242
2023-11-21,37469.16015625,37631.140625,35813.8125,35813.8125,25172163756,32528.570234375,-0.0443777900607883
2023-11-22,35756.5546875,37856.98046875,35670.97265625,37432.33984375,24397247860,32728.6174609375,0.0451928245212653
2023-11-23,37420.43359375,37643.91796875,36923.86328125,37289.62109375,14214948217,32918.4219921875,-0.0038127124992917
2023-11-24,37296.31640625,38415.33984375,37261.60546875,37720.28125,22922957823,33124.509375,0.0115490622757274
2023-11-25,37721.4140625,37892.4296875,37617.41796875,37796.79296875,9099571165,33321.51328125,0.0020283973558654
2023-11-26,37796.828125,37820.30078125,37162.75,37479.12109375,13744796068,33511.71890625,-0.0084047309321361
2023-11-27,37454.19140625,37559.35546875,36750.12890625,37254.16796875,19002925720,33698.10046875,-0.0060020917896475
2023-11-28,37247.9921875,38368.48046875,36891.08984375,37831.0859375,21696137014,33903.0486328125,0.0154859979488453
2023-11-29,37826.10546875,38366.11328125,37612.6328125,37858.4921875,20728546658,34112.3980859375,0.0007244373065387
2023-11-30,37861.1171875,38141.75390625,37531.140625,37712.74609375,18115982627,34329.1866015625,-0.0038497596002547
2023-12-01,37718.0078125,38954.109375,37629.359375,38688.75,23512784002,34567.825625,0.0258799479577476
2023-12-02,38689.27734375,39678.9375,38652.59375,39476.33203125,15534035612,34820.104765625,0.0203568745759425
2023-12-03,39472.20703125,40135.60546875,39298.1640625,39978.390625,15769696322,35082.4384375,0.0127179646111132
2023-12-04,39978.62890625,42371.75,39978.62890625,41980.09765625,39856129827,35378.84734375,0.0500697251679325
2023-12-05,41986.265625,44408.6640625,41421.1484375,44080.6484375,36312154535,35690.0709765625,0.0500368245555349
2023-12-06,44080.0234375,44265.76953125,43478.08203125,43746.4453125,29909761586,35996.684921875,-0.0075816290559757
2023-12-07,43769.1328125,44042.58984375,42880.6484375,43292.6640625,27635760671,36295.9713671875,-0.0103729856622278
2023-12-08,43293.13671875,44705.515625,43125.296875,44166.6015625,24421116687,36604.907265625,0.0201867341482688
2023-12-09,44180.01953125,44361.2578125,43627.59765625,43725.984375,17368210171,36885.76796875,-0.0099762529131086
2023-12-10,43728.3828125,44034.625,43593.28515625,43779.69921875,13000481418,37162.9937109375,0.0012284421841561
2023-12-11,43792.01953125,43808.375,40234.578125,41243.83203125,40632672038,37387.992421875,-0.0579233579205116
2023-12-12,41238.734375,42048.3046875,40667.5625,41450.22265625,24779520132,37555.2721875,0.0050041573451182
2023-12-13,41468.46484375,43429.78125,40676.8671875,42890.7421875,26797884674,37735.056484375,0.0347529986315475
2023-12-14,42884.26171875,43390.859375,41767.08984375,43023.97265625,25578530178,37905.47953125,0.0031062756659134
2023-12-15,43028.25,43087.82421875,41692.96875,41929.7578125,19639442462,38060.94171875,-0.0254326780209833
2023-12-16,41937.7421875,42664.9453125,41723.11328125,42240.1171875,14386729590,38227.548046875,0.0074018880907409
2023-12-17,42236.109375,42359.49609375,41274.54296875,41364.6640625,16678702876,38373.04984375,-0.0207256320126656
2023-12-18,41348.203125,42720.296875,40530.2578125,42623.5390625,25224642008,38534.751015625,0.0304335845227197
2023-12-19,42641.51171875,43354.296875,41826.3359375,42270.52734375,23171001281,38690.114296875,-0.0082820837151126
2023-12-20,42261.30078125,44275.5859375,42223.81640625,43652.25,27868908174,38869.803671875,0.0326876134052842
2023-12-21,43648.125,44240.66796875,43330.05078125,43869.15234375,22452766169,39038.441640625,0.0049688697318006
2023-12-22,43868.98828125,44367.95703125,43441.96875,43997.90234375,21028503216,39219.63484375,0.0029348640929083
2023-12-23,44012.19921875,44015.69921875,43351.35546875,43739.54296875,13507796558,39399.77921875,-0.005872083923035
2023-12-24,43728.3671875,43945.5234375,42786.91796875,43016.1171875,18830554085,39558.45765625,-0.0165393996404319
2023-12-25,43010.57421875,43765.09375,42765.76953125,43613.140625,21115795370,39729.733359375,0.0138790638610564
2023-12-26,43599.84765625,43603.17578125,41676.48828125,42520.40234375,30026850982,39879.393984375,-0.0250552532009955
2023-12-27,42518.46875,43683.16015625,42167.58203125,43442.85546875,25260941032,40039.37984375,0.0216943649202225
2023-12-28,43468.19921875,43804.78125,42318.55078125,42627.85546875,22992093014,40178.83140625,-0.018760276947869
2023-12-29,42614.64453125,43124.32421875,41424.0625,42099.40234375,26000021055,40286.956953125,-0.0123968967987939
2023-12-30,42091.75390625,42584.125,41556.2265625,42156.90234375,16013925945,40383.815625,0.0013658151137276
2023-12-31,42152.09765625,42860.9375,41998.25390625,42265.1875,16397498810,40486.358359375,0.0025686222238776
2024-01-01,42280.234375,44175.4375,42214.9765625,44167.33203125,18426978443,40628.614609375,0.0450049945064126
2024-01-02,44187.140625,45899.70703125,44176.94921875,44957.96875,39335274536,40797.726875,0.0179009390513014
2024-01-03,44961.6015625,45503.2421875,40813.53515625,42848.17578125,46342323118,40943.937578125,-0.0469281203624218
2024-01-04,42855.81640625,44770.0234375,42675.17578125,44179.921875,30448091210,41069.924375,0.0310805785653249
2024-01-05,44192.98046875,44353.28515625,42784.71875,44162.69140625,32336029347,41230.0828125,-0.0003900067727314
2024-01-06,44178.953125,44227.6328125,43475.15625,43989.1953125,16092503468,41377.933046875,-0.0039285670375933
2024-01-07,43998.46484375,44495.5703125,43662.23046875,43943.09765625,19330573863,41525.0809375,-0.0010479313368322
2024-01-08,43948.70703125,47218.0,43244.08203125,46970.50390625,42746192015,41716.760078125,0.0688937833577922
2024-01-09,46987.640625,47893.69921875,45244.71484375,46139.73046875,39821290992,41890.015546875,-0.0176871306119723
2024-01-10,46121.5390625,47647.22265625,44483.15234375,46627.77734375,50114613298,42106.29484375,0.0105775840049726
2024-01-11,46656.07421875,48969.37109375,45678.64453125,46368.5859375,45833734549,42285.019765625,-0.0055587338924432
2024-01-12,46354.79296875,46498.13671875,41903.76953125,42853.16796875,43332698900,42396.290703125,-0.075814646870802
2024-01-13,42799.4453125,43234.66015625,42464.14453125,42842.3828125,20601860469,42498.732734375,-0.0002516769882185
2024-01-14,42842.26171875,43065.59765625,41724.61328125,41796.26953125,17521429522,42578.722265625,-0.0244177193838242
2024-01-15,41715.06640625,43319.72265625,41705.41796875,42511.96875,22320220558,42679.37921875,0.0171235190790146
2024-01-16,42499.3359375,43566.2734375,42085.99609375,43154.9453125,24062872740,42797.394765625,0.0151246009395882
2024-01-17,43132.1015625,43189.890625,42189.30859375,42742.65234375,20851232595,42895.62609375,-0.0095537826722856
2024-01-18,42742.3125,42876.34765625,40631.171875,41262.05859375,25218357242,42963.697421875,-0.0346397256326677
2024-01-19,41278.4609375,42134.16015625,40297.45703125,41618.40625,25752407154,43041.810625,0.0086362064423022
2024-01-20,41624.58984375,41877.89453125,41446.82421875,41665.5859375,11586690904,43101.34734375,0.0011336255217606
2024-01-21,41671.48828125,41855.3671875,41497.0078125,41545.78515625,9344043642,43142.73640625,-0.0028752933279206
2024-01-22,41553.65234375,41651.20703125,39450.1171875,39507.3671875,31338708143,43133.3159375,-0.0490643746672181
2024-01-23,39518.71484375,40127.3515625,38521.89453125,39845.55078125,29244553045,43090.625,0.0085600134310392
2024-01-24,39877.59375,40483.78515625,39508.796875,40077.07421875,22359526178,43010.553515625,0.0058105217009309
2024-01-25,40075.55078125,40254.48046875,39545.6640625,39933.80859375,18491782013,42934.30078125,-0.0035747525934159
2024-01-26,39936.81640625,42209.38671875,39825.69140625,41816.87109375,25598119893,42904.784921875,0.0471545932209109
2024-01-27,41815.625,42195.6328125,41431.28125,42120.0546875,11422941934,42863.853984375,0.0072502697074174
2024-01-28,42126.125,42797.17578125,41696.91015625,42035.59375,16858971687,42830.046171875,-0.00200524282617
2024-01-29,42030.9140625,43305.8671875,41818.33203125,43288.24609375,20668476578,42820.217109375,0.0297998013588187
2024-01-30,43300.2265625,43838.9453125,42711.37109375,42952.609375,23842814518,42854.39265625,-0.007753530092744
2024-01-31,42946.25,43717.40625,42298.9453125,42582.60546875,24673628793,42877.0403125,-0.008614235820219
2024-02-01,42569.76171875,43243.16796875,41879.19140625,43075.7734375,21423953779,42880.7409375,0.0115814418427713
2024-02-02,43077.640625,43422.48828125,42584.3359375,43185.859375,18603843039,42883.978671875,0.0025556346111748
2024-02-03,43184.96484375,43359.94140625,42890.80859375,42992.25,11169245236,42905.228515625,-0.0044831659668692
2024-02-04,42994.94140625,43097.64453125,42374.83203125,42583.58203125,14802225490,42912.0978125,-0.0095056194721141
2024-02-05,42577.62109375,43494.25,42264.81640625,42658.66796875,18715487317,42937.977890625,0.0017632602500394
2024-02-06,42657.390625,43344.1484375,42529.01953125,43084.671875,16798476726,42947.200546875,0.0099863386864791
2024-02-07,43090.01953125,44341.94921875,42775.95703125,44318.22265625,21126587775,42988.154453125,0.0286308500811809
2024-02-08,44332.125,45575.83984375,44332.125,45301.56640625,26154524080,43021.14078125,0.0221882487848668
2024-02-09,45297.3828125,48152.49609375,45260.82421875,47147.19921875,39316770844,43086.70171875,0.0407410374279104
2024-02-10,47153.52734375,48146.171875,46905.3203125,47771.27734375,16398681570,43162.16921875,0.0132368016624795
2024-02-11,47768.96875,48535.9375,47617.40625,48293.91796875,19315867136,43253.25671875,0.0109404783388815
2024-02-12,48296.38671875,50280.4765625,47745.76171875,49958.22265625,34511985805,43392.098828125,0.0344619935076904
2024-02-13,49941.359375,50358.390625,48406.49609375,49742.44140625,35593051468,43514.68484375,-0.0043192339224062
2024-02-14,49733.4453125,52021.37109375,49296.83203125,51826.6953125,39105608050,43700.810703125,0.0419009169499291
2024-02-15,51836.78515625,52820.06640625,51371.62890625,51938.5546875,38564360533,43870.7246875,0.0021583350882306
2024-02-16,51937.7265625,52537.96875,51641.3671875,52160.203125,28180567298,44061.371640625,0.0042675126182003
2024-02-17,52161.67578125,52191.9140625,50669.66796875,51662.99609375,20009091006,44252.643515625,-0.0095323062691773
2024-02-18,51661.96875,52356.96484375,51233.70703125,52122.546875,17595377311,44451.95640625,0.0088951631921632
2024-02-19,52134.8125,52483.32421875,51711.8203125,51779.14453125,21362184346,44642.235546875,-0.0065883646202773
2024-02-20,51777.7265625,52945.05078125,50792.3125,52284.875,33353758256,44804.58640625,0.0097670688329889
2024-02-21,52273.53515625,52368.81640625,50671.7578125,51839.1796875,28624907020,44942.210625,-0.0085243641205989
2024-02-22,51854.64453125,52009.61328125,50926.29296875,51304.97265625,25413900611,45111.3465625,-0.0103050826511981
2024-02-23,51283.90625,51497.93359375,50561.77734375,50731.94921875,21427078270,45242.387109375,-0.0111689648747954
2024-02-24,50736.37109375,51684.1953125,50585.4453125,51571.1015625,15174077879,45390.5553125,0.0165409048276792
2024-02-25,51565.21484375,51950.02734375,51306.171875,51733.23828125,15413239245,45545.436171875,0.0031439452297428
2024-02-26,51730.5390625,54938.17578125,50931.03125,54522.40234375,34074411896,45757.022265625,0.0539143528448111
2024-02-27,54519.36328125,57537.83984375,54484.19921875,57085.37109375,49756832031,45959.319609375,0.0470076269538002
2024-02-28,57071.09765625,63913.1328125,56738.42578125,62504.7890625,83239156760,46286.62078125,0.0949353199412474
2024-02-29,62499.18359375,63585.64453125,60498.73046875,61198.3828125,65496611844,46578.032890625,-0.0209008984686548
2024-03-01,61168.0625,63155.1015625,60802.52734375,62440.6328125,40186368423,46899.473828125,0.0202987390010944
2024-03-02,62431.65234375,62458.69921875,61657.2890625,62029.84765625,23888473685,47283.007421875,-0.0065788115486197
2024-03-03,62031.578125,63230.2109375,61435.0234375,63167.37109375,26253811450,47689.5071875,0.0183383238953576
2024-03-04,63137.00390625,68537.03125,62386.51953125,68330.4140625,70670471105,48220.190078125,0.0817359164921911
2024-03-05,68341.0546875,69170.625,59323.91015625,63801.19921875,102802940877,48645.9746875,-0.0662840245576039
2024-03-06,63776.05078125,67637.9296875,62848.671875,66106.8046875,68750229073,49105.011875,0.036137337494942
2024-03-07,66099.7421875,68029.921875,65655.53125,66925.484375,46989543159,49588.668515625,0.0123841969275335
2024-03-08,66938.09375,70083.0546875,66230.453125,68300.09375,59202881172,50129.42921875,0.0205394012137098
2024-03-09,68299.2578125,68673.0546875,68053.125,68498.8828125,21609650379,50667.03875,0.0029105240064184
2024-03-10,68500.2578125,70005.203125,68239.9765625,69019.7890625,35683977532,51214.1228125,0.0076045948285881
2024-03-11,69020.546875,72850.7109375,67194.8828125,72123.90625,65716656765,51825.685234375,0.0449743070742958
2024-03-12,72125.125,72825.65625,68728.8515625,71481.2890625,62554434520,52465.163671875,-0.0089099054795025
2024-03-13,71482.1171875,73637.4765625,71334.09375,73083.5,48212536929,53129.92265625,0.0224144102395678
2024-03-14,73079.375,73750.0703125,68563.0234375,71396.59375,59594605698,53756.313046875,-0.0230819028918976
2024-03-15,71387.875,72357.1328125,65630.6953125,69403.7734375,78320453976,54345.71234375,-0.0279119802196445
2024-03-16,69392.484375,70046.2734375,64801.39453125,65315.1171875,46842198371,54815.677265625,-0.058911152052589
2024-03-17,65316.34375,68845.71875,64545.31640625,68390.625,44716864318,55341.088671875,0.0470872279639511
2024-03-18,68371.3046875,68897.1328125,66594.2265625,67548.59375,49261579492,55851.348671875,-0.0123120859035869
2024-03-19,67556.1328125,68106.9296875,61536.1796875,61912.7734375,74215844794,56223.83921875,-0.0834335698143234
2024-03-20,61930.15625,68115.2578125,60807.78515625,67913.671875,66792634382,56723.06046875,0.0969250463889783
2024-03-21,67911.5859375,68199.9921875,64580.91796875,65491.390625,44480350565,57181.236171875,-0.035667063539995
2024-03-22,65489.9296875,66623.75,62355.37109375,63778.76171875,41401116964,57595.2959375,-0.026150443438534
2024-03-23,63802.72265625,65976.3984375,63038.4921875,64062.203125,24738964812,58012.8228125,0.0044441346713488
2024-03-24,64070.75390625,67622.7578125,63825.8515625,67234.171875,27206630673,58497.66125,0.0495138879911882
2024-03-25,67234.09375,71162.59375,66414.8359375,69958.8125,42700139523,59045.165859375,0.0405246402092314
2024-03-26,69931.328125,71535.7421875,69335.609375,69987.8359375,36010437368,59591.74921875,0.0004148646391046
2024-03-27,69991.8984375,71727.6875,68381.9296875,69455.34375,40827113309,60119.16265625,-0.0076083533712275
2024-03-28,69452.7734375,71546.0234375,68895.5078125,70744.953125,34374900617,60647.697265625,0.0185674608370216
2024-03-29,70744.796875,70913.09375,69076.65625,69892.828125,25230851763,61139.5225,-0.0120450288304576
2024-03-30,69893.4453125,70355.4921875,69601.0625,69645.3046875,17130241883,61589.484609375,-0.0035414711944022
2024-03-31,69647.78125,71377.78125,69624.8671875,71333.6484375,20050941373,62060.73203125,0.024242032647795
2024-04-01,71333.484375,71342.09375,68110.6953125,69702.1484375,34873527352,62488.896640625,-0.022871394296192
2024-04-02,69705.0234375,69708.3828125,64586.59375,65446.97265625,50705240709,62798.671640625,-0.0610479859894921
2024-04-03,65446.671875,66914.3203125,64559.8984375,65980.8125,34488018367,63123.4390625,0.0081568302105263
2024-04-04,65975.6953125,69291.2578125,65113.796875,68508.84375,34439527442,63457.08203125,0.0383146426091676
2024-04-05,68515.7578125,68725.7578125,66011.4765625,67837.640625,33748230056,63775.06375,-0.0097973208750877
2024-04-06,67840.5703125,69629.6015625,67491.71875,68896.109375,19967785809,64109.781875,0.0156029711565459
2024-04-07,68897.109375,70284.4296875,68851.6328125,69362.5546875,21204930369,64463.773046875,0.0067702707269166
2024-04-08,69362.5546875,72715.359375,69064.2421875,71631.359375,37261432669,64853.949296875,0.032709358784746
2024-04-09,71632.5,71742.5078125,68212.921875,69139.015625,36426900409,65201.14671875,-0.0347940311582283
2024-04-10,69140.2421875,71093.4296875,67503.5625,70587.8828125,38318601774,65567.206875,0.0209558550176423
2024-04-11,70575.734375,71256.234375,69571.8125,70060.609375,30153382941,65931.63546875,-0.0074697443313405
2024-04-12,70061.3828125,71222.7421875,65254.8359375,67195.8671875,44129299406,66249.453359375,-0.0408894843058877
2024-04-13,67188.375,67931.4296875,60919.10546875,63821.47265625,52869738185,66511.243828125,-0.0502172927069198
2024-04-14,63836.23046875,65824.4296875,62205.8515625,65738.7265625,49084320047,66794.596328125,0.0300408910426832
2024-04-15,65739.6484375,66878.6484375,62332.0703125,63426.2109375,43595917654,67028.45578125,-0.0351773717855853
2024-04-16,63419.296875,64355.66796875,61716.40234375,63811.86328125,42847528078,67214.245,0.0060803307977836
2024-04-17,63831.84765625,64486.36328125,59768.5859375,61276.69140625,41915247049,67298.07140625,-0.0397288489105271
2024-04-18,61275.31640625,64125.6875,60833.48046875,63512.75390625,36006307335,67318.230703125,0.0364912407749862
2024-04-19,63510.75,65481.59765625,59651.390625,63843.5703125,49920425401,67371.134453125,0.0052086610311106
2024-04-20,63851.1015625,65442.45703125,63172.40234375,64994.44140625,23097485495,67422.210625,0.0180264212686844
2024-04-21,64992.81640625,65723.2421875,64277.72265625,64926.64453125,20506644853,67480.1465625,-0.0010431180502996
2024-04-22,64935.6328125,67233.9609375,64548.1796875,66837.6796875,28282686673,67553.552734375,0.0294337582058501
2024-04-23,66839.890625,67199.2421875,65864.8671875,66407.2734375,24310975583,67515.089921875,-0.0064395749824405
2024-04-24,66408.71875,67075.3671875,63589.87109375,64276.8984375,30276655120,67524.60390625,-0.0320804467601734
2024-04-25,64275.01953125,65275.20703125,62783.6328125,64481.70703125,32155786816,67492.101953125,0.0031863484195515
2024-04-26,64485.37109375,64789.65625,63322.3984375,63755.3203125,24139372950,67428.698671875,-0.0112650044825576
2024-04-27,63750.98828125,63898.36328125,62424.71875,63419.140625,19530783039,67331.079609375,-0.0052729668026479
2024-04-28,63423.515625,64321.484375,62793.59765625,63113.23046875,17334827993,67223.3665625,-0.0048236250639039
2024-04-29,63106.36328125,64174.87890625,61795.45703125,63841.12109375,26635912073,67119.793203125,0.0115330909160229
2024-04-30,63839.41796875,64703.33203125,59120.06640625,60636.85546875,37840840057,66890.0521875,-0.0501912493092746
2024-05-01,60609.49609375,60780.5,56555.29296875,58254.01171875,48439780271,66625.506640625,-0.0392969544937571
2024-05-02,58253.703125,59602.296875,56937.203125,59123.43359375,32711813559,66346.3053125,0.0149246695523317
2024-05-03,59122.30078125,63320.50390625,58848.3125,62889.8359375,33172023048,66176.17015625,0.0637040529416774
2024-05-04,62891.03125,64494.95703125,62599.3515625,63891.47265625,20620477992,66065.924140625,0.015926845790239
2024-05-05,63892.453125,64610.890625,62955.3046875,64031.1328125,18296164805,66040.244453125,0.0021858966532419
2024-05-06,64038.3125,65494.90234375,62746.23828125,63161.94921875,28697928697,65935.6709375,-0.0135743903874885
2024-05-07,63162.76171875,64390.45703125,62285.98046875,62334.81640625,25930730982,65831.395390625,-0.0130954288575765
2024-05-08,62332.640625,62986.0859375,60877.12890625,61187.94140625,26088172222,65816.89875,-0.0183986264197131
2024-05-09,61191.19921875,63404.9140625,60648.07421875,63049.9609375,25453338161,65719.62453125,0.0304311517670996
2024-05-10,63055.19140625,63446.7421875,60208.78125,60792.77734375,27804954694,65625.652265625,-0.0357999205739
2024-05-11,60793.35546875,61451.15234375,60492.625,60793.7109375,13842272968,65565.95125,1.5356984674586016e-05
2024-05-12,60793.50390625,61818.15625,60632.6015625,61448.39453125,13800459405,65513.675078125,0.0107689361885321
2024-05-13,61451.21875,63422.66015625,60769.83984375,62901.44921875,27889181179,65427.020625,0.0236467477886836
2024-05-14,62900.7734375,63092.125,61123.765625,61552.7890625,28186271527,65258.90015625,-0.0214408439392201
2024-05-15,61553.98828125,66454.453125,61330.41015625,66267.4921875,39815167074,65184.49328125,0.0765960925054549
2024-05-16,66256.109375,66712.4296875,64613.0546875,65231.58203125,31573077994,65100.018046875,-0.0156322522862183
2024-05-17,65231.296875,67459.4609375,65119.31640625,67051.875,28031279310,65026.156484375,0.0279050869543215
2024-05-18,67066.2109375,67387.328125,66663.5,66940.8046875,16712277406,64967.116015625,-0.0016564833198177
2024-05-19,66937.9296875,67694.296875,65937.1796875,66278.3671875,19249094538,64899.777265625,-0.0098958699868109
2024-05-20,66278.7421875,71483.5625,66086.171875,71448.1953125,43850655717,64902.068203125,0.0780017424143035
2024-05-21,71443.0625,71946.4609375,69191.125,70136.53125,46932005990,64910.755859375,-0.0183582532317723
2024-05-22,70135.3203125,70623.6953125,68977.6953125,69122.3359375,32802561717,64984.263125,-0.0144603004229696
2024-05-23,69121.3046875,70041.2734375,66356.953125,67929.5625,41895680979,65023.238125,-0.0172559769765087
2024-05-24,67928.1328125,69220.296875,66622.671875,68526.1015625,29197308153,65023.58328125,0.0087817297881169
2024-05-25,68526.921875,69579.3203125,68515.8203125,69265.9453125,15473071741,65052.149375,0.0107965247275187
2024-05-26,69264.2890625,69506.2265625,68183.890625,68518.09375,15628433737,65044.5890625,-0.0107968144970229
2024-05-27,68512.1796875,70597.8828125,68232.5,69394.5546875,25870990717,65045.2290625,0.0127916713605302
2024-05-28,69392.1953125,69514.640625,67227.15625,68296.21875,32722265965,64978.52625,-0.0158274081078272
2024-05-29,68296.3515625,68852.4609375,67101.4921875,67578.09375,26707072906,64947.3078125,-0.0105148573836674
2024-05-30,67576.0859375,69500.5390625,67118.078125,68364.9921875,29509712534,64902.85,0.0116442828412868
2024-05-31,68362.515625,68999.5625,66633.421875,67491.4140625,27387283769,64851.46609375,-0.0127781500011598
2024-06-01,67489.609375,67839.765625,67386.1953125,67706.9375,11641495604,64861.6875,0.0031933460054698
2024-06-02,67710.2734375,68409.1640625,67315.5234375,67751.6015625,17110588415,64940.290078125,0.0006596674454519
2024-06-03,67753.8984375,70230.8203125,67589.8359375,68804.78125,32401285324,65001.611171875,0.0155447201720899
2024-06-04,68804.5703125,71047.40625,68564.640625,70567.765625,33149696545,65144.442265625,0.0256229922248316
2024-06-05,70568.3515625,71735.4140625,70390.7109375,71082.8203125,32810771409,65289.86140625,0.0072987246080176
2024-06-06,71082.84375,71625.734375,70119.125,70757.1640625,25223152007,65479.470859375,-0.0045813636623915
2024-06-07,70759.1875,71907.8515625,68507.2578125,69342.5859375,36188381096,65596.0675,-0.0199920127345761
2024-06-08,69324.1796875,69533.3203125,69210.7421875,69305.7734375,14262185861,65705.3115625,-0.0005308786729295
2024-06-09,69297.4921875,69817.5234375,69160.84375,69647.9921875,13534028500,65798.382578125,0.0049378101278765
2024-06-10,69644.3125,70146.0703125,69232.421875,69512.28125,20597699541,65890.0953125,-0.001948526199214
2024-06-11,69508.078125,69549.4140625,66123.6015625,67332.03125,37116136345,65899.98234375,-0.0313649611377125
2024-06-12,67321.375,69977.890625,66902.453125,68241.1875,34497940694,65936.660625,0.0135025816557405
2024-06-13,68243.1015625,68365.78125,66304.5625,66756.3984375,28955204146,65986.250625,-0.0217579605058895
2024-06-14,66747.5703125,67294.6484375,65056.89453125,66011.09375,27403884779,66016.838359375,-0.0111645430991574
2024-06-15,66006.7421875,66402.1875,65871.7734375,66191.0,14121265576,66065.551953125,0.0027253941690672
2024-06-16,66189.359375,66894.84375,66018.25,66639.046875,13281140541,66129.950078125,0.0067689999395688
2024-06-17,66636.515625,67188.3203125,65094.96484375,66490.296875,30006354476,66197.49140625,-0.002232174783037
2024-06-18,66490.9765625,66556.703125,64066.95703125,65140.74609375,39481285950,66223.48390625,-0.0202969582732819
2024-06-19,65146.66015625,65695.3515625,64693.30078125,64960.296875,21103423504,66309.952734375,-0.0027701435671353
2024-06-20,64960.296875,66438.9609375,64547.84765625,64828.65625,25641109124,66441.445625,-0.002026478192569
2024-06-21,64837.98828125,65007.546875,63378.89453125,64096.19921875,26188171739,66540.9009375,-0.0112983528214036
2024-06-22,64113.86328125,64475.46875,63929.7578125,64252.578125,9858198793,66568.15578125,0.0024397531859308
2024-06-23,64248.96484375,64491.703125,63180.796875,63180.796875,11170471802,66553.942265625,-0.0166807508939937
2024-06-24,63173.3515625,63292.52734375,58601.69921875,60277.4140625,43152133651,66478.867890625,-0.0459535643123367
2024-06-25,60266.28125,62258.26171875,60239.75,61804.640625,29201215431,66451.72171875,0.0253366304154398
2024-06-26,61789.67578125,62434.13671875,60695.1875,60811.27734375,22506003064,66421.2509375,-0.0160726325920611
2024-06-27,60811.2265625,62293.86328125,60585.33203125,61604.80078125,21231745045,66429.588125,0.0130489519734049
2024-06-28,61612.8046875,62126.09765625,59985.40234375,60320.13671875,24952866877,66374.991640625,-0.0208533108817551
2024-06-29,60319.875,61097.62109375,60300.96484375,60887.37890625,12652903396,66376.883671875,0.0094038611043745
2024-06-30,60888.4453125,62892.828125,60632.94921875,62678.29296875,17333226409,66414.5753125,0.0294135516205669
2024-07-01,62673.60546875,63777.2265625,62495.51171875,62851.98046875,25468379421,66442.64703125,0.0027710949321257
2024-07-02,62844.41015625,63203.359375,61752.74609375,62029.015625,20151616992,66425.198359375,-0.0130936978852905
2024-07-03,62034.33203125,62187.703125,59419.38671875,60173.921875,29756701685,66397.621015625,-0.0299068707008841
2024-07-04,60147.13671875,60399.67578125,56777.8046875,56977.703125,41149609230,66211.825234375,-0.0531163442635422
2024-07-05,57022.80859375,57497.15234375,53717.375,56662.375,55417544033,66040.44109375,-0.005534237213954
2024-07-06,56659.07421875,58472.546875,56038.9609375,58303.5390625,20610320577,65865.474375,0.0289639123404199
2024-07-07,58239.4296875,58371.12109375,55793.32421875,55849.109375,20553359505,65643.64046875,-0.0420974391429121
2024-07-08,55849.57421875,58131.3359375,54321.01953125,56705.09765625,39766159899,65452.175078125,0.0153268027159116
2024-07-09,56704.59765625,58239.1953125,56316.875,58009.2265625,27849512607,65183.395703125,0.0229984421181268
2024-07-10,58033.8828125,59359.43359375,57178.4140625,57742.49609375,26175260526,64935.515,-0.004598069730556
2024-07-11,57729.890625,59299.43359375,57120.37890625,57344.9140625,28707803842,64699.9665625,-0.0068854320153477
2024-07-12,57341.1953125,58532.5546875,56590.17578125,57899.46484375,25604805221,64499.364609375,0.0096704440195969
2024-07-13,57908.73828125,59787.078125,57796.44140625,59231.953125,17080061806,64313.481640625,0.02301382724082
2024-07-14,59225.25,61329.52734375,59225.25,60787.79296875,22223416061,64143.91859375,0.0262669009152312
2024-07-15,60815.45703125,64870.15234375,60704.9296875,64870.15234375,38094526099,64070.959765625,0.0671575521272613
2024-07-16,64784.41796875,65354.33984375,62487.96875,65097.1484375,41617346768,63985.011640625,0.0034992378705562
2024-07-17,65091.83203125,66066.734375,63896.0859375,64118.79296875,32525071311,63901.463125,-0.0150291601434634
2024-07-18,64104.73828125,65104.66015625,63246.1640625,63974.06640625,27239305337,63829.382578125,-0.002257162928356
2024-07-19,63972.32421875,67442.640625,63329.34375,66710.15625,37003855410,63796.285859375,0.0427687342301363
2024-07-20,66709.921875,67610.734375,66299.6171875,67163.6484375,19029581250,63789.730546875,0.0067979482134701
2024-07-21,67164.9140625,68372.90625,65842.296875,68154.5234375,26652190004,63798.682265625,0.014753144342986
2024-07-22,68152.9765625,68480.0625,66611.296875,67585.25,42649109453,63795.355234375,-0.0083526875222309
2024-07-23,67584.8046875,67779.015625,65484.4609375,65927.671875,35605668666,63737.813046875,-0.0245257378644009
2024-07-24,65927.859375,67113.984375,65146.99609375,65372.1328125,27470942309,63633.900390625,-0.0084264929535705
2024-07-25,65375.875,66112.421875,63473.47265625,65777.2265625,38315761670,63527.788515625,0.0061967344887139
2024-07-26,65771.8125,68207.6015625,65743.765625,67912.0625,30488630457,63470.886484375,0.0324555480531172
2024-07-27,67911.8125,69398.5078125,66705.21875,67813.3359375,34691905492,63440.301484375,-0.0014537411892032
2024-07-28,67808.65625,68301.8515625,67085.828125,68255.8671875,18043166945,63419.303359375,0.0065257260077553
2024-07-29,68259.0546875,69987.5390625,66532.59375,66819.9140625,40780682628,63362.741796875,-0.0210377976893241
2024-07-30,66819.0546875,66987.671875,65323.19140625,66201.015625,31380492109,63296.516484375,-0.0092621854754424
2024-07-31,66201.2734375,66810.2109375,64532.046875,64619.25,31292785994,63242.260859375,-0.0238933739923268
2024-08-01,64625.83984375,65593.2421875,62248.94140625,65357.5,40975554494,63184.587109375,0.0114246141823064
2024-08-02,65353.5,65523.22265625,61184.89453125,61415.06640625,43060875727,63077.76046875,-0.0603210586964005
2024-08-03,61414.80859375,62148.37109375,59836.52734375,60680.09375,31753030589,62971.14046875,-0.0119673021500665
2024-08-04,60676.09375,61062.98828125,57210.8046875,58116.9765625,31758917219,62809.66,-0.0422398356545057
2024-08-05,58110.296875,58268.828125,49121.23828125,53991.45703125,108991085584,62556.708203125,-0.070986478913151
2024-08-06,53991.34765625,57059.91796875,53973.2734375,56034.31640625,49300484106,62347.58859375,0.0378367150532277
2024-08-07,56040.6328125,57726.8828125,54620.5078125,55027.4609375,41637562185,62145.322890625,-0.0179685509402894
2024-08-08,55030.02734375,62673.765625,54766.7265625,61710.13671875,45298472567,62080.3196875,0.121442560994049
2024-08-09,61728.20703125,61751.86328125,59587.859375,60880.11328125,33425553115,62001.348828125,-0.0134503581037733
2024-08-10,60881.23046875,61464.51171875,60287.56640625,60945.8125,15745822278,61938.34109375,0.0010791573012765
2024-08-11,60944.890625,61778.66015625,58348.82421875,58719.484375,22759754812,61827.67921875,-0.0365296323680974
2024-08-12,58719.39453125,60680.33203125,57688.8984375,59354.515625,37078637820,61751.15359375,0.0108146598485863
2024-08-13,59356.20703125,61572.3984375,58506.25390625,60609.56640625,30327698167,61757.796640625,0.0211449923907958
2024-08-14,60611.05078125,61687.7578125,58472.875,58737.26953125,29961696180,61696.44921875,-0.0308911115194338
2024-08-15,58733.26171875,59838.6484375,56161.59375,57560.09765625,35682112440,61631.425625,-0.0200413108132939
2024-08-16,57560.2734375,59847.359375,57110.01953125,58894.10546875,29350938673,61577.21171875,0.0231759129469639
2024-08-17,58893.53125,59694.66796875,58814.83203125,59478.97265625,13589684021,61560.3884375,0.0099308272507905
2024-08-18,59468.1328125,60262.71875,58445.40234375,58483.96484375,17740625837,61512.32015625,-0.0167287323244552
2024-08-19,58480.7109375,59612.66015625,57864.7109375,59493.453125,25911207712,61448.623359375,0.0172609412502557
2024-08-20,59493.453125,61396.328125,58610.8828125,59012.79296875,31613400008,61371.839609375,-0.0080792109215798
2024-08-21,59014.98828125,61834.3515625,58823.4453125,61175.19140625,32731154072,61354.763125,0.0366428757006145
2024-08-22,61168.31640625,61408.109375,59815.25390625,60381.9140625,27625734377,61358.92296875,-0.0129673046461273
2024-08-23,60380.953125,64947.0625,60372.05078125,64094.35546875,42530509233,61501.256015625,0.0614826718213559
2024-08-24,64103.87109375,64513.7890625,63619.91796875,64178.9921875,21430585163,61651.588359375,0.0013205019089592
2024-08-25,64176.3671875,64996.421875,63833.51953125,64333.54296875,18827683555,61772.1884375,0.0024081210374646
2024-08-26,64342.2265625,64489.70703125,62849.55859375,62880.66015625,27682040631,61912.819453125,-0.0225835970701276
2024-08-27,62879.70703125,63210.796875,58116.75,59504.1328125,39103882198,61968.80015625,-0.0536973901889672
2024-08-28,59507.92578125,60236.44921875,57890.67578125,59027.625,40289564698,61989.168125,-0.008007978437422
2024-08-29,59027.46875,61184.08203125,58786.2265625,59388.1796875,32224990582,62022.081796875,0.0061082363977882
2024-08-30,59388.6015625,59896.88671875,57768.53125,59119.4765625,32292756405,62057.573046875,-0.0045245219909738
2024-08-31,59117.48046875,59432.59375,58768.78515625,58969.8984375,12403470760,62078.98171875,-0.0025300989402683
2024-09-01,58969.80078125,59062.0703125,57217.82421875,57325.48828125,24592449997,62040.852421875,-0.0278855856940782
2024-09-02,57326.96875,59403.0703125,57136.02734375,59112.48046875,27036454524,62007.346171875,0.031172733823612
2024-09-03,59106.19140625,59815.05859375,57425.16796875,57431.0234375,26666961053,61858.56359375,-0.0284450427036115
2024-09-04,57430.34765625,58511.5703125,55673.1640625,57971.5390625,35627680312,61716.05140625,0.0094115617770285
2024-09-05,57971.703125,58300.58203125,55712.453125,56160.48828125,31030280656,61556.8853125,-0.0312403432880655
2024-09-06,56160.19140625,56976.109375,52598.69921875,53948.75390625,49361693566,61356.3790625,-0.0393823921886807
2024-09-07,53949.0859375,54838.14453125,53740.0703125,54139.6875,19061486526,61104.9696875,0.003539165966313
2024-09-08,54147.93359375,55300.859375,53653.7578125,54841.56640625,18268287531,60858.528046875,0.0129642216026828
2024-09-09,54851.88671875,58041.125,54598.43359375,57019.53515625,34618096173,60635.82828125,0.0397138319111138
2024-09-10,57020.09765625,58029.9765625,56419.4140625,57648.7109375,28857630507,60437.0975,0.0110343898722757
2024-09-11,57650.2890625,57991.3203125,55567.33984375,57343.171875,37049062672,60265.4075,-0.0053000155169341
2024-09-12,57343.171875,58534.359375,57330.1015625,58127.01171875,33835707949,60120.505078125,0.0136692794995481
2024-09-13,58130.32421875,60648.0234375,57650.11328125,60571.30078125,32490528356,60016.3865625,0.0420508295579824
2024-09-14,60569.1171875,60656.72265625,59517.8828125,60005.12109375,16428405496,59858.247734375,-0.0093473258820168
2024-09-15,60000.7265625,60381.91796875,58696.30859375,59182.8359375,18120960867,59685.637734375,-0.0137035829819472
2024-09-16,59185.2265625,59205.51171875,57501.33984375,58192.5078125,32032822113,59484.370546875,-0.0167333671885179
2024-09-17,58192.5078125,61316.08984375,57628.0703125,60308.5390625,38075570118,59354.143046875,0.0363626062794542
2024-09-18,60309.0,61664.06640625,59218.25390625,61649.6796875,40990702891,59263.116328125,0.0222379889456469
2024-09-19,61651.15625,63872.44140625,61609.8671875,62940.45703125,42710252573,59229.54046875,0.0209372919744741
2024-09-20,62941.42578125,64119.53125,62364.60546875,63192.9765625,35177164222,59186.25,0.0040120384115518
2024-09-21,63184.33984375,63543.359375,62783.10546875,63394.83984375,14408616220,59225.84546875,0.003194394254405
2024-09-22,63396.8046875,63993.421875,62440.7265625,63648.7109375,20183348802,59285.2178125,0.0040046018631125
2024-09-23,63643.1015625,64733.55859375,62628.078125,63329.80078125,31400285425,59389.474296875,-0.0050104731353185
2024-09-24,63326.83984375,64695.21484375,62737.41796875,64301.96875,29938335243,59595.68453125,0.0153508767871859
2024-09-25,64302.58984375,64804.50390625,62945.375,63143.14453125,25078377700,59737.86109375,-0.0180215978029444
2024-09-26,63138.546875,65790.796875,62669.26953125,65181.01953125,36873129847,59940.932265625,0.0322738915701519
2024-09-27,65180.6640625,66480.6953125,64852.9921875,65790.6640625,32058813449,60022.5428125,0.0093530990407064
2024-09-28,65792.1796875,66255.53125,65458.03515625,65887.6484375,15243637984,60122.693515625,0.0014741358273548
2024-09-29,65888.8984375,66069.34375,65450.015625,65635.3046875,14788214575,60216.483359375,-0.0038299097931742
2024-09-30,65634.65625,65635.0546875,62873.6171875,63329.5,37112957475,60308.683671875,-0.0351305550949797
2024-10-01,63335.60546875,64110.98046875,60189.27734375,60837.0078125,50220923500,60338.333515625,-0.0393575219684348
2024-10-02,60836.32421875,62357.6875,59996.94921875,60632.78515625,40762722398,60338.797890625,-0.003356881996554
2024-10-03,60632.484375,61469.0390625,59878.8046875,60759.40234375,36106447279,60379.240546875,0.0020882627636797
2024-10-04,60754.625,62465.9921875,60459.94140625,62067.4765625,29585472513,60469.388125,0.0215287538766344
2024-10-05,62067.609375,62371.0234375,61689.58203125,62089.94921875,13305410749,60533.305,0.0003620681473552
2024-10-06,62084.98828125,62959.5703125,61833.1484375,62818.953125,14776233667,60600.104609375,0.0117410936137447
2024-10-07,62819.109375,64443.70703125,62152.55078125,62236.66015625,34253562610,60675.158515625,-0.0092693835185588
2024-10-08,62221.64453125,63174.3046875,61843.5625,62131.96875,28134475157,60727.928828125,-0.0016821501344571
2024-10-09,62131.7265625,62508.8359375,60314.61328125,60582.1015625,27670982363,60759.315,-0.0249447622324054
2024-10-10,60581.9296875,61236.72265625,58895.20703125,60274.5,30452813570,60741.301171875,-0.0050774330134892
2024-10-11,60275.4609375,63400.87109375,60046.125,62445.08984375,30327141594,60782.5646875,0.0360117436685496
2024-10-12,62444.6171875,63448.78515625,62443.26953125,63193.0234375,16744110886,60764.538046875,0.0119774604475944
2024-10-13,63192.9453125,63272.65234375,62035.63671875,62851.375,18177529690,60737.985703125,-0.0054064265153874
2024-10-14,62848.3984375,66482.4921875,62442.15234375,66046.125,43706958056,60772.23734375,0.0508302324332601
2024-10-15,66050.3671875,67881.6796875,64809.1953125,67041.109375,48863870879,60855.446328125,0.0150649924579224
2024-10-16,67042.4609375,68375.2890625,66758.7265625,67612.71875,38195189534,61017.618046875,0.0085262517331365
2024-10-17,67617.078125,67912.2109375,66647.390625,67399.8359375,32790898511,61185.062265625,-0.0031485616380424
2024-10-18,67419.109375,68969.75,67177.8203125,68418.7890625,36857165014,61365.674453125,0.0151180356869842
2024-10-19,68418.9765625,68668.0078125,68024.640625,68362.734375,14443497908,61550.539609375,-0.0008192879217548
2024-10-20,68364.1796875,69359.0078125,68105.71875,69001.703125,18975847518,61751.175703125,0.0093467406744582
2024-10-21,69002.0,69462.734375,66829.8515625,67367.8515625,37498611780,61952.02296875,-0.023678423698328
2024-10-22,67360.703125,67801.578125,66581.3671875,67361.40625,31808472566,62117.001484375,-9.56734161845496e-05
2024-10-23,67362.375,67402.7421875,65188.03515625,66432.1953125,32263980353,62297.024921875,-0.0137944112100539
2024-10-24,66653.703125,68798.9609375,66454.1015625,68161.0546875,31414428647,62500.815234375,0.0260244203411819
2024-10-25,68165.296875,68722.15625,65521.79296875,66642.4140625,41469984306,62710.45375,-0.0222801808446562
2024-10-26,66628.734375,67317.921875,66360.59375,67014.6953125,19588098156,62971.772578125,0.0055862509670021
2024-10-27,67023.4765625,68221.3125,66847.2265625,67929.296875,16721307878,63247.564765625,0.0136477761815534
2024-10-28,67922.671875,70212.265625,67535.1328125,69907.7578125,38799856657,63548.88859375,0.029125296867722
2024-10-29,69910.046875,73577.2109375,69729.9140625,72720.4921875,58541874402,63862.907734375,0.0402349390541754
2024-10-30,72715.3671875,72905.296875,71411.734375,72339.5390625,40646637831,64156.724296875,-0.0052385938755442
2024-10-31,72335.046875,72662.3125,69590.5,70215.1875,40627912076,64414.164609375,-0.0293663961649603
2024-11-01,70216.8984375,71559.015625,68779.703125,69482.46875,49989795365,64641.27375,-0.0104353313875292
2024-11-02,69486.0234375,69867.3515625,69033.71875,69289.2734375,18184612091,64815.633203125,-0.0027804900426771
2024-11-03,69296.3828125,69361.65625,67482.5234375,68741.1171875,34868307655,64990.353125,-0.0079111271168753
2024-11-04,68742.1328125,69433.1796875,66803.6484375,67811.5078125,41184819348,65162.9265625,-0.0135233381858542
2024-11-05,67811.171875,70522.7890625,67458.8671875,69359.5625,46046889204,65386.26765625,0.0228287902369077
2024-11-06,69358.5,76460.15625,69322.03125,75639.078125,118592653963,65692.8784375,0.0905356867699389
2024-11-07,75637.0859375,76943.1171875,74480.421875,75904.859375,63467654989,65977.98203125,0.0035138086897459
2024-11-08,75902.8359375,77252.75,75648.7421875,76545.4765625,55176858003,66250.082421875,0.0084397388095418
2024-11-09,76556.1875,76932.765625,75773.7890625,76778.8671875,29009480361,66521.800234375,0.0030490452928257
2024-11-10,76775.546875,81474.421875,76565.4296875,80474.1875,82570594495,66863.3871875,0.0481293935149595
2024-11-11,80471.4140625,89604.5,80283.25,88701.484375,117966845037,67364.44265625,0.1022352276001543
2024-11-12,88705.5625,89956.8828125,85155.109375,87955.8125,133673285375,67856.962890625,-0.0084065320919269
2024-11-13,87929.96875,93434.3515625,86256.9296875,90584.1640625,123559027869,68382.606796875,0.0298826363806257
2024-11-14,90574.8828125,91765.21875,86682.8125,87250.4296875,87616705248,68864.7525,-0.036802617869276
2024-11-15,87284.1796875,91868.7421875,87124.8984375,91066.0078125,78243109518,69382.452265625,0.0437313390738136
2024-11-16,91064.3671875,91763.9453125,90094.2265625,90558.4765625,44333192814,69877.808515625,-0.0055732238866227
2024-11-17,90558.4609375,91433.0390625,88741.6640625,89845.8515625,46350159305,70356.972578125,-0.0078692246938162
2024-11-18,89843.71875,92596.7890625,89393.59375,90542.640625,75535775084,70855.119296875,0.0077553838088482
2024-11-19,90536.8125,94002.8671875,90426.984375,92343.7890625,74521048295,71435.405078125,0.0198928198367862
2024-11-20,92341.890625,94902.0234375,91619.5,94339.4921875,71730956426,72105.454765625,0.0216116659849128
2024-11-21,94334.640625,99014.21875,94132.6015625,98504.7265625,106024505582,72862.89359375,0.044151545428309
2024-11-22,98496.4296875,99655.5,97222.6640625,98997.6640625,78473580551,73627.658828125,0.0050042014957245
2024-11-23,99006.7421875,99014.6796875,97232.890625,97777.28125,44414644677,74341.854921875,-0.0123273899849751
2024-11-24,97778.09375,98647.1796875,95788.078125,98013.8203125,51712020623,75060.33234375,0.0024191617876467
2024-11-25,98033.4453125,98935.03125,92642.9140625,93102.296875,80909462490,75665.99921875,-0.0501105193312582
2024-11-26,93087.28125,94991.75,90770.8125,91985.3203125,91656519855,76260.972421875,-0.0119973040407334
2024-11-27,91978.140625,97361.1796875,91778.6640625,95962.53125,71133452438,76937.583671875,0.0432374527151537
2024-11-28,95954.9453125,96650.203125,94677.3515625,95652.46875,52260008261,77638.991015625,-0.0032310787967048
2024-11-29,95653.953125,98693.171875,95407.8828125,97461.5234375,54968682476,78382.731484375,0.018912786163713
2024-11-30,97468.8125,97499.34375,96144.21875,96449.0546875,31634227866,79062.81078125,-0.0103883944585503
2024-12-01,96461.3359375,97888.125,95770.1875,97279.7890625,36590695296,79744.54609375,0.0086131935423485
2024-12-02,97276.0078125,98152.6015625,94482.8671875,95865.3046875,72680784305,80404.8246875,-0.014540372554583
2024-12-03,95854.59375,96297.203125,93629.5625,96002.1640625,67067810961,81003.94546875,0.0014276215513644
2024-12-04,95988.53125,99207.328125,94660.5234375,98768.53125,77199817112,81638.49390625,0.028815675297684
2024-12-05,98741.5390625,103900.46875,91998.78125,96593.5703125,149218945580,82218.1109375,-0.0220207885039295
2024-12-06,97074.2265625,102039.8828125,96514.875,99920.7109375,94534772658,82868.5284375,0.0344447421731697
2024-12-07,99916.7109375,100563.3828125,99030.8828125,99923.3359375,44177510897,83498.619375,2.627082989481444e-05
2024-12-08,99921.9140625,101399.9921875,98771.515625,101236.015625,44125751925,84156.085,0.0131368681317951
2024-12-09,101237.0625,101272.5078125,94355.9140625,97432.71875,110676473908,84724.7053125,-0.037568614800964
2024-12-10,97441.234375,98270.15625,94321.2578125,96675.4296875,104823780634,85310.856875,-0.0077724307831654
2024-12-11,96656.0625,101913.359375,95747.2265625,101173.03125,85391409936,85987.089375,0.0465226953429465
2024-12-12,101167.8046875,102524.9140625,99339.953125,100043.0,72073983533,86659.30546875,-0.0111692932003557
2024-12-13,100046.6484375,101888.8046875,99233.28125,101459.2578125,56894751583,87325.26953125,0.0141564908339413
2024-12-14,101451.4375,102618.8828125,100634.0546875,101372.96875,40422968793,88019.880625,-0.0008504799301751
2024-12-15,101373.53125,105047.5390625,101227.03125,104298.6953125,51145914137,88765.560625,0.028861012936449
2024-12-16,104293.578125,107780.578125,103322.984375,106029.71875,91020417816,89527.5690625,0.0165967889848814
2024-12-17,106030.6875,108268.4453125,105291.734375,106140.6015625,68589364868,90252.2259375,0.0010457710706697
2024-12-18,106147.296875,106470.609375,100041.5390625,100041.5390625,93865656139,90798.646875,-0.0574621060198967
2024-12-19,100070.6875,102748.1484375,95587.6796875,97490.953125,97221662392,91301.67515625,-0.0254952688793256
2024-12-20,97484.6953125,98098.9140625,92175.1796875,97755.9296875,105634083408,91852.49,0.0027179605287093
2024-12-21,97756.1953125,99507.1015625,96426.5234375,97224.7265625,51765334294,92407.33515625,-0.0054339734346358
2024-12-22,97218.3203125,97360.265625,94202.1875,95104.9375,43147981314,92923.6484375,-0.0218029830213748
2024-12-23,95099.390625,96416.2109375,92403.1328125,94686.2421875,65239002919,93442.5509375,-0.0044024561027654
2024-12-24,94684.34375,99404.0625,93448.015625,98676.09375,47114953674,94059.84265625,0.0421376059533464
2024-12-25,98675.9140625,99478.75,97593.46875,99299.1953125,33700394629,94658.6353125,0.0063146152104343
2024-12-26,99297.6953125,99884.5703125,95137.8828125,95795.515625,47054980873,95061.7640625,-0.0352840692865005
2024-12-27,95704.9765625,97294.84375,93310.7421875,94164.859375,52419934565,95426.9640625,-0.017022260795415
2024-12-28,94160.1875,95525.8984375,94014.2890625,95163.9296875,24107436185,95799.333125,0.0106097998672873
2024-12-29,95174.0546875,95174.875,92881.7890625,93530.2265625,29635885267,96134.3603125,-0.0171672516085114
2024-12-30,93527.1953125,94903.3203125,91317.1328125,92643.2109375,56188003691,96377.74078125,-0.0094837322393019
2024-12-31,92643.25,96090.6015625,91914.03125,93429.203125,43625106843,96472.29515625,0.0084840775653842
2025-01-01,93425.1015625,94929.8671875,92788.125,94419.7578125,24519888919,96601.5740625,0.0106021956130217
2025-01-02,94416.2890625,97739.8203125,94201.5703125,96886.875,46009564411,96727.62828125,0.0261292471476068
2025-01-03,96881.7265625,98956.9140625,96034.6171875,98107.4296875,35611391163,96944.76828125,0.0125977299556827
2025-01-04,98106.9921875,98734.4296875,97562.9765625,98236.2265625,22342608078,97088.17265625,0.0013128146911018
2025-01-05,98233.90625,98813.3046875,97291.765625,98314.9609375,20525254825,97243.30234375,0.0008014800420892
2025-01-06,98314.953125,102482.875,97926.1484375,102078.0859375,51823432705,97487.94703125,0.0382762192459422
2025-01-07,102248.8515625,102712.484375,96132.875,96922.703125,58685738547,97615.54828125,-0.0505043052595688
2025-01-08,96924.1640625,97258.3203125,92525.84375,95043.5234375,63875859171,97669.54296875,-0.0193884366295112
2025-01-09,95043.484375,95349.71875,91220.84375,92484.0390625,62777261693,97632.43390625,-0.0269296032220764
2025-01-10,92494.4921875,95770.609375,92250.09375,94701.453125,62058693684,97556.3684375,0.0239761810251548
2025-01-11,94700.8359375,94977.6875,93840.046875,94566.59375,18860894100,97467.74703125,-0.0014240475784673
2025-01-12,94565.7265625,95367.5390625,93712.5078125,94488.4375,20885130965,97401.97015625,-0.0008264678561502
2025-01-13,94488.890625,95837.0,89260.1015625,94516.5234375,72978998252,97332.02421875,0.000297242056733
2025-01-14,94519.0078125,97352.6640625,94322.15625,96534.046875,53769675818,97400.65921875,0.0213457220401691
2025-01-15,96534.046875,100697.234375,96501.640625,100504.4921875,57805923627,97571.04265625,0.0411299996325777
2025-01-16,100505.296875,100781.5859375,97364.4453125,99756.90625,54103781805,97646.93015625,-0.007438333563293
2025-01-17,100025.765625,105884.2265625,99948.90625,104462.0390625,71888972663,97823.1215625,0.0471659856883341
2025-01-18,104124.953125,104913.203125,102226.6171875,104408.0703125,50445655726,97962.0525,-0.0005166350425891
2025-01-19,104411.2890625,106299.796875,99570.53125,101089.609375,76789928525,98054.86359375,-0.0317835673771925
2025-01-20,101083.75,109114.8828125,99471.359375,102016.6640625,126279678351,98149.60109375,0.0091706229080479
2025-01-21,102052.578125,107180.921875,100103.953125,106146.265625,88733878242,98355.2203125,0.0404796765356885
2025-01-22,106136.3828125,106294.34375,103360.265625,103653.0703125,53878181052,98508.2384375,-0.0234882998268456
2025-01-23,103657.671875,106820.328125,101257.8046875,103960.171875,104104515428,98612.07125,0.0029627830760259
2025-01-24,103965.671875,107098.546875,102772.125,104819.484375,52388229265,98776.58953125,0.0082657856802432
2025-01-25,104824.03125,105243.7890625,104120.375,104714.6484375,23888996502,98872.46828125,-0.0010001569662844
2025-01-26,104713.2109375,105438.6484375,102507.7109375,102682.5,22543395879,98927.6515625,-0.0194065344994488
2025-01-27,102680.3046875,103214.109375,97795.9375,102087.6875,89006608428,98944.685,-0.0057927348866652
2025-01-28,102095.4140625,103730.8203125,100238.1875,101332.4765625,47180685494,99022.68015625,-0.0073976691606418
2025-01-29,101317.5234375,104750.8046875,101283.8203125,103703.2109375,47432049818,99163.23578125,0.023395602825692
2025-01-30,103709.3359375,106418.765625,103321.6484375,104735.3046875,41915744521,99234.48125,0.0099523798797513
2025-01-31,104737.5625,106026.3515625,101543.8828125,102405.0234375,45732764360,99281.72171875,-0.0222492430508784
2025-02-01,102402.796875,102755.7265625,100297.7109375,100655.90625,27757944848,99265.6546875,-0.0170803846216345
2025-02-02,100661.5390625,101430.6640625,96216.078125,97688.9765625,63091816853,99191.97484375,-0.0294759621967042
2025-02-03,97681.1015625,102514.171875,91242.890625,101405.421875,115400897748,99134.109375,0.0380436508117398
2025-02-04,101398.71875,101745.6171875,96208.109375,97871.8203125,73002130211,98970.95140625,-0.0348462784056634
2025-02-05,97878.0078125,99113.2109375,96174.828125,96615.4453125,49125911241,98780.44828125,-0.0128369432180627
2025-02-06,96610.640625,99168.609375,95707.3515625,96593.296875,45302471947,98711.4834375,-0.0002292432377489
2025-02-07,96581.3203125,100154.140625,95653.8828125,96529.0859375,55741290456,98692.24609375,-0.0006647556256734
2025-02-08,96533.2578125,96877.8046875,95702.4921875,96482.453125,22447526395,98666.7765625,-0.0004830959709924
2025-02-09,96481.3125,97325.28125,94745.2578125,96500.09375,27732901800,98652.28390625,0.0001828376500454
2025-02-10,96499.4609375,98333.21875,95320.84375,97437.5546875,40078962391,98698.93625,0.0097146116762192
2025-02-11,97438.1328125,98492.8984375,94875.0390625,95747.4296875,37488783272,98720.16,-0.0173457247097439
2025-02-12,95745.6953125,98151.0234375,94101.203125,97885.859375,49340445530,98704.3553125,0.0223340688567765
2025-02-13,97888.75,98111.0859375,95269.7109375,96623.8671875,37147280860,98650.84875,-0.0128924871841327
2025-02-14,96623.3671875,98819.46875,96342.8046875,97508.96875,32697987277,98685.1178125,0.0091602788033979
2025-02-15,97508.3828125,97975.0390625,97240.1953125,97580.3515625,17047266288,98753.42765625,0.0007320640697474
2025-02-16,97580.4921875,97725.59375,96060.9765625,96175.03125,16536755396,98773.6496875,-0.0144016729802401
2025-02-17,96179.0078125,97032.234375,95243.546875,95773.3828125,27336550690,98818.5128125,-0.00417622362353
2025-02-18,95773.8125,96695.375,93388.8359375,95539.546875,37325720482,98876.43953125,-0.0024415545387781
2025-02-19,95532.53125,96855.59375,95011.96875,96635.609375,28990872862,98940.56765625,0.0114723435043504
2025-02-20,96632.6796875,98767.1953125,96442.671875,98333.9375,31668022771,99018.85125,0.0175745580328421
2025-02-21,98340.671875,99497.96875,94852.9609375,96125.546875,49608706470,99003.6246875,-0.0224580717618472
2025-02-22,96134.203125,96950.15625,95765.34375,96577.7578125,18353824477,98973.03125,0.0047043783073406
2025-02-23,96577.8046875,96671.875,95270.453125,96273.921875,16999478976,98933.78515625,-0.0031460239332733
2025-02-24,96277.9609375,96503.453125,91371.7421875,91418.171875,44046480529,98795.849375,-0.0504368151357187
2025-02-25,91437.1171875,92511.078125,86008.234375,88736.171875,92139104128,98529.01109375,-0.0293377120214919
2025-02-26,88638.890625,89286.25,82131.8984375,84347.0234375,64597492134,98277.4975,-0.0494629004695273
2025-02-27,84076.859375,87000.78125,83144.9609375,84704.2265625,52659591954,98070.7115625,0.0042349227090945
2025-02-28,84705.625,85036.3203125,78248.9140625,84373.0078125,83610570576,97908.4909375,-0.0039102977908145
2025-03-01,84373.8671875,86522.3046875,83794.234375,86031.9140625,29190628396,97735.10015625,0.0196615753427511
2025-03-02,86036.2578125,95043.4375,85040.2109375,94248.3515625,58398341092,97728.7353125,0.0955045297961285
2025-03-03,94248.421875,94429.75,85081.3046875,86065.671875,70072228536,97560.28,-0.0868204011194161
2025-03-04,86064.0703125,88911.2734375,81529.2421875,87222.1953125,68095241474,97414.3934375,0.0134376855754954
2025-03-05,87222.953125,90998.2421875,86379.7734375,90623.5625,50498988027,97296.18375,0.0389965785120813
2025-03-06,90622.359375,92804.9375,87852.140625,89961.7265625,47749810486,97085.3284375,-0.0073031330841799
2025-03-07,89963.28125,91191.046875,84717.6796875,86742.671875,65945677657,96825.04375,-0.0357824911826653
2025-03-08,86742.65625,86847.265625,85247.484375,86154.59375,18206118081,96458.89484375,-0.00677957125701
2025-03-09,86154.3046875,86471.1328125,80052.484375,80601.0390625,30899345977,95982.75421875,-0.0644603432710168
2025-03-10,80597.1484375,83955.9296875,77420.59375,78532.0,54061099422,95531.60203125,-0.0256701289036189
2025-03-11,78523.875,83577.7578125,76624.25,82862.2109375,54702837196,95148.51296875,0.0551394455444913
2025-03-12,82857.375,84358.578125,80635.25,83722.359375,40353484454,94700.03484375,0.0103804668952023
2025-03-13,83724.921875,84301.6953125,79931.8515625,81066.703125,31412940153,94248.3075,-0.0317197970748182
2025-03-14,81066.9921875,85263.2890625,80797.5625,83969.1015625,29588112414,93848.48609375,0.0358025962030881
2025-03-15,83968.40625,84672.671875,83639.59375,84343.109375,13650491277,93438.95859375,0.0044541123525254
2025-03-16,84333.3203125,85051.6015625,82017.90625,82579.6875,21330270174,92996.259375,-0.0209077171575404
2025-03-17,82576.3359375,84725.328125,82492.15625,84075.6875,25092785558,92624.123125,0.0181158350835366
2025-03-18,84075.71875,84075.71875,81179.9921875,82718.5,24095774594,92236.739375,-0.0161424490284424
2025-03-19,82718.8046875,87021.1875,82569.7265625,86854.2265625,34931960257,91947.174375,0.0499976010505509
2025-03-20,86872.953125,87443.265625,83647.1953125,84167.1953125,29028988961,91556.4540625,-0.0309372537911718
2025-03-21,84164.5390625,84782.2734375,83171.0703125,84043.2421875,19030452299,91142.6128125,-0.0014727011460912
2025-03-22,84046.2578125,84513.875,83674.78125,83832.484375,9863214091,90771.16203125,-0.0025077306278807
2025-03-23,83831.8984375,86094.78125,83794.9140625,86054.375,12594615537,90479.13140625,0.0265039339053942
2025-03-24,86070.9296875,88758.7265625,85541.1953125,87498.9140625,34582604933,90275.33015625,0.0167863523789464
2025-03-25,87512.8203125,88542.3984375,86346.078125,87471.703125,30005840049,89996.65578125,-0.0003109860024155
2025-03-26,87460.234375,88292.15625,85861.453125,86900.8828125,26704046038,89777.23703125,-0.0065257711020474
2025-03-27,86896.2578125,87786.7265625,85837.9375,87177.1015625,24413471941,89588.47015625,0.0031785494123917
2025-03-28,87185.234375,87489.859375,83557.640625,84353.1484375,34198619509,89343.6671875,-0.0323932899165662
2025-03-29,84352.0703125,84567.3359375,81634.140625,82597.5859375,16969396135,89065.0371875,-0.0208120566039186
2025-03-30,82596.984375,83505.0,81573.25,82334.5234375,14763760943,88782.07859375,-0.0031848691098436
2025-03-31,82336.0625,83870.125,81293.890625,82548.9140625,29004228247,88503.055,0.0026038970780313
2025-04-01,82551.921875,85487.3671875,82429.359375,85169.171875,28175650319,88257.68734375,0.0317418810684309
2025-04-02,85180.609375,88466.953125,82343.5390625,82485.7109375,47584398470,87992.45296875,-0.0315074208005501
2025-04-03,82487.4765625,83909.296875,81282.1015625,83102.828125,36852112080,87696.79234375,0.0074815041355174
2025-04-04,83100.25,84696.1484375,81670.75,83843.8046875,45157640207,87441.19109375,0.0089163820199409
2025-04-05,83844.703125,84207.015625,82377.734375,83504.796875,14380803631,87161.10765625,-0.0040433257264926
2025-04-06,83504.5078125,83704.71875,77097.7421875,78214.484375,36294853736,86773.7903125,-0.0633533964272636
2025-04-07,78221.3359375,81119.0625,74436.6796875,79235.3359375,91262424987,86434.99640625,0.0130519502961308
2025-04-08,79218.4765625,80823.890625,76198.0234375,76271.953125,48314590749,86044.9678125,-0.037399763343434
2025-04-09,76273.5625,83541.0,74589.671875,82573.953125,84213627038,85785.6559375,0.0826253916648998
2025-04-10,82565.9765625,82700.9296875,78456.1328125,79626.140625,44718000633,85445.4665625,-0.0356990599146636
2025-04-11,79625.046875,84247.4765625,78936.3203125,83404.8359375,41656778779,85146.88453125,0.0474554622745788
2025-04-12,83404.515625,85856.1875,82769.375,85287.109375,24258059104,84930.11578125,0.0225679172717334
2025-04-13,85279.46875,86015.1875,83027.0078125,83684.9765625,28796984817,84672.26015625,-0.0187851695788582
2025-04-14,83694.5234375,85785.0,83690.640625,84542.390625,34090769777,84437.62953125,0.0102457346314681
2025-04-15,84539.6953125,86429.3515625,83598.8203125,83668.9921875,28040322885,84282.6459375,-0.0103308935439746
2025-04-16,83674.5078125,85428.28125,83100.6171875,84033.8671875,29617804112,84188.59984375,0.0043609345644122
2025-04-17,84030.671875,85449.0703125,83749.75,84895.75,21276866029,84199.574375,0.0102563744993067
2025-04-18,84900.1875,85095.046875,84298.8828125,84450.8046875,12728372364,84194.5059375,-0.005241078764249
2025-04-19,84450.8671875,85597.703125,84353.4609375,85063.4140625,15259300427,84208.3140625,0.0072540383394437
2025-04-20,85066.0703125,85306.3828125,83976.84375,85174.3046875,14664050812,84191.161875,0.0013036230231544
2025-04-21,85171.5390625,88460.09375,85143.8359375,87518.90625,41396190190,84056.57296875,0.0275270995296317
2025-04-22,87521.875,93817.3828125,87084.53125,93441.890625,55899038456,84204.09734375,0.0676766270145201
2025-04-23,93427.5859375,94535.734375,91962.9609375,93699.109375,41719568821,84333.635625,0.0027527134594511
2025-04-24,93692.3984375,94016.1953125,91696.7109375,93943.796875,31483175315,84400.0403125,0.0026114175645013
2025-04-25,93954.25,95768.390625,92898.59375,94720.5,40915232364,84495.21578125,0.0082677425315635
2025-04-26,94714.6484375,95251.359375,93927.25,94646.9296875,17612825123,84653.3009375,-0.0007767095032226
2025-04-27,94660.90625,95301.203125,93665.3984375,93754.84375,18090367764,84805.3059375,-0.0094254080977105
2025-04-28,93755.3046875,95598.4921875,92860.8046875,94978.75,32363449569,85092.86015625,0.0130543255265145
2025-04-29,94981.859375,95485.4140625,93796.6328125,94284.7890625,25806129921,85407.9159375,-0.0073064863193083
2025-04-30,94286.46875,95249.3203125,92979.640625,94207.3125,28344679831,85634.81796875,-0.0008217291810309
2025-05-01,94212.859375,97437.9609375,94153.6328125,96492.3359375,32875889623,85890.2175,0.0242552661450776
2025-05-02,96494.96875,97905.8984375,96375.9453125,96910.0703125,26421924677,86207.08484375,0.0043291974532626
2025-05-03,96904.6328125,96943.8828125,95821.2890625,95891.796875,15775154889,86445.53875,-0.0105074058270356
2025-05-04,95877.1875,96318.921875,94173.4296875,94315.9765625,18198688416,86644.99609375,-0.0164333171747127
2025-05-05,94319.5625,95193.1875,93566.265625,94748.0546875,25816260327,86888.3634375,0.0045811763897039
2025-05-06,94748.3828125,96889.1796875,93399.859375,96802.4765625,26551275827,87142.89921875,0.0216829979441366
2025-05-07,96800.1953125,97625.8046875,95829.3359375,97032.3203125,76983822462,87429.175625,0.0023743581586117
2025-05-08,97034.25,103969.5390625,96913.875,103241.4609375,69895404397,87756.9203125,0.0639904374645787
2025-05-09,103239.125,104297.4921875,102343.09375,102970.8515625,58198593958,88132.9934375,-0.0026211308184007
2025-05-10,102973.7109375,104961.765625,102830.484375,104696.328125,42276713994,88546.05515625,0.0167569417589277
2025-05-11,104701.0703125,104937.9921875,103364.7421875,104106.359375,46285517406,88951.53265625,-0.0056350471937813
2025-05-12,104106.9609375,105747.453125,100814.40625,102812.953125,63250475404,89286.70421875,-0.0124238928127439
2025-05-13,102812.4921875,104997.421875,101515.09375,104169.8125,52608876410,89620.1221875,0.013197358248725
2025-05-14,104167.328125,104303.5625,102618.296875,103539.4140625,45956071155,89941.47640625,-0.0060516422404043
2025-05-15,103538.828125,104153.6171875,101440.8125,103744.640625,50408241840,90278.3515625,0.0019821105262978
2025-05-16,103735.65625,104533.484375,103137.4765625,103489.2890625,44386499364,90604.5953125,-0.002461347024402
2025-05-17,103489.2890625,103716.9453125,102659.1796875,103191.0859375,37898552742,90981.3540625,-0.0028814878109744
2025-05-18,103186.953125,106597.171875,103142.6015625,106446.0078125,49887082058,91458.3225,0.0315426651965986
2025-05-19,106430.53125,107068.71875,102112.6875,105606.1796875,61761126647,91923.755625,-0.007889709931436
2025-05-20,105605.40625,107307.1171875,104206.515625,106791.0859375,36515726122,92408.5990625,0.0112200465304801
2025-05-21,106791.3125,110724.4609375,106127.234375,109678.078125,78086364051,92898.7771875,0.0270340184497199
2025-05-22,109673.4921875,111970.171875,109285.0703125,111673.28125,70157575642,93482.52859375,0.0181914486386793
2025-05-23,111679.359375,111798.90625,106841.3046875,107287.796875,67548133399,93966.22796875,-0.0392706682020235
2025-05-24,107278.5078125,109454.5234375,106895.2890625,107791.15625,45903627163,94445.175,0.0046916740734872
2025-05-25,107802.2734375,109313.3046875,106683.375,109035.390625,47518041841,94955.786875,0.0115430098190454
2025-05-26,109023.78125,110376.8828125,108735.640625,109440.3671875,45950461571,95580.30453125,0.0037141753716718
2025-05-27,109440.40625,110744.2109375,107609.5546875,108994.640625,57450176272,96175.490625,-0.0040727802177084
2025-05-28,108992.171875,109298.2890625,106812.9296875,107802.328125,49155377493,96806.098125,-0.0109391846531444
2025-05-29,107795.5703125,108910.046875,105374.3984375,105641.7578125,56022752042,97267.45421875,-0.0200419633794435
2025-05-30,105646.2109375,106308.9453125,103685.7890625,103998.5703125,57655287183,97754.9028125,-0.0155543369783418
2025-05-31,103994.71875,104927.1015625,103136.1171875,104638.09375,38997843858,98179.56796875,0.0061493483571777
2025-06-01,104637.296875,105884.546875,103826.953125,105652.1015625,37397056873,98586.8678125,0.009690618169351
2025-06-02,105649.8125,105958.3125,103727.546875,105881.53125,45819706290,99030.79890625,0.0021715582000447
2025-06-03,105888.4765625,106813.578125,104920.84375,105432.46875,46196508367,99448.60046875,-0.0042411787466475
2025-06-04,105434.3671875,105997.6953125,104232.703125,104731.984375,44544857105,99869.8603125,-0.0066439151364365
2025-06-05,104750.78125,105936.6875,100436.8828125,101575.953125,57479298400,100220.70203125,-0.030134359325224
2025-06-06,101574.3671875,105376.7734375,101169.5703125,104390.34375,48856653697,100610.59390625,0.0277072529315731
2025-06-07,104390.6484375,105972.7578125,103987.3125,105615.625,38365033776,101033.8903125,0.0117374960746787
2025-06-08,105617.5078125,106497.0625,105075.328125,105793.6484375,36626232328,101448.495,0.0016855786016509
2025-06-09,105793.0234375,110561.421875,105400.234375,110294.1015625,55903193732,101950.8909375,0.0425399179579173
2025-06-10,110295.6875,110380.125,108367.7109375,110257.234375,54700101509,102405.6575,-0.0003342625487465
2025-06-11,110261.796875,110384.21875,108086.328125,108686.625,50842662052,102710.5521875,-0.0142449552984263
2025-06-12,108685.9140625,108780.6953125,105785.6875,105929.0546875,54843867968,102955.15109375,-0.0253717539991695
2025-06-13,105924.59375,106182.546875,102822.0234375,106090.96875,69550440846,103198.09453125,0.0015285141831733
2025-06-14,106108.0859375,106203.7578125,104379.3671875,105472.40625,38007870453,103413.13265625,-0.0058304915798971
2025-06-15,105464.84375,106157.1015625,104519.8828125,105552.0234375,36744307742,103631.23453125,0.0007548627203146
2025-06-16,105555.59375,108915.375,104997.625,106796.7578125,50366626945,103892.0728125,0.011792615001237
2025-06-17,106794.1171875,107750.1953125,103396.53125,104601.1171875,55964092176,104084.52015625,-0.0205590569411744
2025-06-18,104602.0703125,105581.8515625,103602.265625,104883.328125,47318089133,104296.4909375,0.0026979724986506
2025-06-19,104886.7734375,105250.890625,103940.7734375,104684.2890625,37333806920,104506.03046875,-0.0018977187896134
2025-06-20,104681.03125,106539.3828125,102372.2109375,103309.6015625,50951862476,104642.37578125,-0.0131317460557932
2025-06-21,103315.078125,104015.78125,100973.0625,102257.40625,38360555118,104749.3225,-0.0101848743639132
2025-06-22,102212.03125,103351.6328125,98286.203125,100987.140625,65536997201,104851.229375,-0.0124222359199532
2025-06-23,100987.4765625,106116.859375,99705.75,105577.7734375,65237759656,105076.4653125,0.0454575977108471
2025-06-24,105571.515625,106316.828125,104740.2421875,106045.6328125,48822986421,105302.416875,0.0044314192255339
2025-06-25,106047.40625,108168.3984375,105881.390625,107361.2578125,51624120283,105513.5925,0.0124062157498381
2025-06-26,107375.0703125,108305.546875,106666.3515625,106960.0,43891990613,105712.14609375,-0.0037374544661238
2025-06-27,106954.921875,107772.46875,106449.9921875,107088.4296875,45353692675,105789.08546875,0.0012007263229245
2025-06-28,107090.546875,107567.8828125,106883.9765625,107327.703125,30037708335,105876.2225,0.0022343537784448
2025-06-29,107327.8203125,108526.3046875,107230.109375,108385.5703125,35534874438,105950.00734375,0.0098564224957646
2025-06-30,108383.4375,108798.7890625,106759.6484375,107135.3359375,42064804590,106010.586875,-0.0115350629368401
2025-07-01,107144.3828125,107550.6796875,105270.2265625,105698.28125,44110692247,106068.2934375,-0.0134134520130533
2025-07-02,105703.1015625,109763.65625,105157.3984375,108859.3203125,56248657737,106162.08359375,0.0299062484755399
2025-07-03,108845.015625,110541.4609375,108605.796875,109647.9765625,50494742270,106284.25484375,0.0072447287722909
2025-07-04,109635.65625,109751.984375,107296.3828125,108034.3359375,42616442656,106370.04875,-0.0147165563432009
2025-07-05,108015.8359375,108381.34375,107842.2734375,108231.1796875,30615537520,106464.8865625,0.0018220480395592
2025-07-06,108231.1875,109731.625,107847.015625,109232.0703125,36746020463,106585.70625,0.0092477105755468
2025-07-07,109235.328125,109710.25,107527.0546875,108299.8515625,45415696597,106622.783125,-0.0085342953523908
2025-07-08,108298.2265625,109198.96875,107499.5546875,108950.2734375,44282204127,106689.665,0.0060057503829968
2025-07-09,108950.2734375,111925.375,108357.6796875,111326.5546875,57927418065,106780.374375,0.0218106956047536
2025-07-10,111329.1953125,116608.78125,110660.75,115987.203125,95911605728,106906.556875,0.0418646606874946
2025-07-11,115986.234375,118856.4765625,115245.6875,117516.9921875,86928361085,107023.43109375,0.0131892917604998
2025-07-12,117530.7109375,118219.8984375,116977.0234375,117435.2265625,45524560304,107226.3796875,-0.0006957770402219
2025-07-13,117432.203125,119449.5703125,117265.4375,119116.1171875,49021091807,107452.87890625,0.0143133425480761
2025-07-14,119115.7890625,123091.609375,118959.1953125,119849.703125,181746419401,107669.16515625,0.0061585783252593
2025-07-15,119853.8515625,119935.5625,115765.6875,117777.1875,98321661181,107835.9015625,-0.0172926221005188
2025-07-16,117777.1875,120065.515625,117064.8203125,118738.5078125,72162029070,108030.77890625,0.0081621945039229
2025-07-17,118738.5078125,120999.609375,117508.21875,119289.84375,72363841798,108260.52921875,0.004643278306736
2025-07-18,119284.109375,120851.9140625,116925.984375,118003.2265625,77945799785,108507.75859375,-0.0107856389702077
2025-07-19,117998.125,118541.3984375,117388.4140625,117939.9765625,47564562765,108786.58671875,-0.0005360022928398
2025-07-20,117944.109375,118865.03125,116550.1328125,117300.7890625,57515447231,109039.840625,-0.0054196000256221
2025-07-21,117306.46875,119671.5625,116584.3984375,117439.5390625,69820091744,109275.589375,0.0011828564931994
2025-07-22,117426.5,120269.96875,116233.2265625,119995.4140625,79217583118,109557.86703125,0.021763326222183
2025-07-23,119997.4453125,120113.3515625,117391.390625,118754.9609375,66608604537,109824.316875,-0.010337504434577
2025-07-24,118770.984375,119535.453125,117247.96875,118368.0,72627318560,110097.0371875,-0.0032584822936673
2025-07-25,118368.0,118486.9765625,114759.8203125,117635.8828125,104857024569,110418.23578125,-0.0061850938387063
2025-07-26,117644.84375,118335.6875,117181.2265625,117947.3671875,48508954046,110689.37625,0.0026478687246855
2025-07-27,117944.7265625,119815.59375,117859.6875,119448.4921875,54683390892,110966.03359375,0.0127270750996388
2025-07-28,119457.5234375,119819.7890625,117441.4375,117924.4765625,64822943193,111208.65015625,-0.0127587682112196
2025-07-29,117938.5859375,119273.8671875,116987.3671875,117922.1484375,68463107433,111361.21109375,-1.974250866199068e-05
2025-07-30,117921.9921875,118780.7265625,115800.828125,117831.1875,68896148592,111512.69015625,-0.0007713643170961
2025-07-31,117833.6328125,118919.984375,115505.21875,115758.203125,69370346018,111654.12171875,-0.0175928327549105
2025-08-01,115738.953125,116060.7734375,112724.4453125,113320.0859375,91294530181,111801.94234375,-0.0210621547474024
2025-08-02,113320.390625,114021.6015625,112005.765625,112526.9140625,56870866000,111930.66125,-0.0069993935182635
2025-08-03,112525.8046875,114747.421875,111943.8046875,114217.671875,48099615826,112105.5665625,0.015025363723748
2025-08-04,114223.921875,115729.46875,114130.40625,115071.8828125,35783028986,112295.96375,0.0074787983634865
2025-08-05,115072.1875,115117.4375,112701.109375,114141.4453125,61039182286,112442.8575,-0.0080857067535434
2025-08-06,114140.9140625,115737.8359375,113372.25,115028.0,56379133510,112651.39515625,0.0077671584153571
2025-08-07,115030.0546875,117676.90625,114279.7109375,117496.8984375,64051649681,112903.6665625,0.0214634561802344
2025-08-08,117505.5,117689.203125,115917.4609375,116688.7265625,59713005166,113143.7553125,-0.0068782400705657
2025-08-09,116678.2734375,117906.609375,116363.8359375,116500.359375,54004312429,113407.57046875,-0.0016142706587778
2025-08-10,116497.71875,119320.7109375,116485.1640625,119306.7578125,64755458694,113748.5575,0.0240891826648066
2025-08-11,119306.8125,122321.09375,118159.03125,118731.4453125,90528784177,114103.44359375,-0.0048221283567536
2025-08-12,118717.6640625,120302.46875,118228.71875,120172.90625,72803657984,114395.34625,0.0121405153765801
2025-08-13,120168.9765625,123682.453125,118939.6328125,123344.0625,90904808795,114741.31484375,0.0263882795960923
2025-08-14,123339.3984375,124457.1171875,117254.8828125,118359.578125,104055627395,114961.28125,-0.0404112226723519
2025-08-15,118365.78125,119332.3125,116864.5703125,117398.3515625,68665353159,115170.04828125,-0.0081212401879706
2025-08-16,117398.421875,117996.0625,117271.953125,117491.3515625,48036922378,115378.10671875,0.0007921746665282
2025-08-17,117492.7890625,118595.7734375,117279.5234375,117453.0625,45852169525,115580.61390625,-0.0003258883482979
2025-08-18,117453.90625,117614.171875,114723.6796875,116252.3125,72787808090,115737.94875,-0.010223232791397
2025-08-19,116241.859375,116764.5,112730.3984375,112831.1796875,71657600353,115851.865625,-0.0294285140564407
2025-08-20,112828.0234375,114625.796875,112387.9609375,114274.7421875,67993811526,116023.39484375,0.0127940034305953
2025-08-21,114275.6875,114802.6484375,111986.234375,112419.03125,57817883700,116094.5890625,-0.0162390297451311
2025-08-22,112433.734375,117377.3984375,111678.9453125,116874.0859375,82528088240,116239.11125,0.0396290079888053
2025-08-23,116866.3671875,116996.25,114536.109375,115374.328125,55377142586,116385.91109375,-0.0128322527656131
2025-08-24,115387.390625,115615.0859375,111060.546875,113458.4296875,73961489632,116490.45609375,-0.0166059336477717
2025-08-25,113456.8984375,113637.84375,109324.28125,110124.3515625,85706860190,116508.30171875,-0.0293859004939791
2025-08-26,110124.1015625,112397.015625,108762.0390625,111802.65625,69396320317,116578.3578125,0.0152400868989226
2025-08-27,111795.7109375,112619.4140625,110398.265625,111222.0625,62137056409,116623.79359375,-0.0051930228625494
2025-08-28,111219.0546875,113450.078125,110900.921875,112544.8046875,58860155962,116648.15859375,0.0118928039794263
2025-08-29,112550.5234375,112619.0546875,107559.625,108410.8359375,77843379644,116496.63125,-0.0367317599553232
2025-08-30,108409.40625,108929.3515625,107444.4453125,108808.0703125,51486264208,116322.4528125,0.0036641574761864
2025-08-31,108818.4609375,109491.0,108104.65625,108236.7109375,47986191770,116138.4825,-0.0052510753417374
2025-09-01,108228.75,109890.5859375,107271.1796875,109250.59375,66870372995,115941.17203125,0.0093672729309508
2025-09-02,109243.0703125,111748.015625,108454.03125,111200.5859375,74776999491,115768.1896875,0.0178488017370614
2025-09-03,111190.6953125,112600.2265625,110582.9609375,111723.2109375,61119643565,115647.11015625,0.0046998403434108
2025-09-04,111718.1484375,112208.328125,109347.2265625,110723.6015625,60131132901,115486.81203125,-0.0089471951854229
2025-09-05,110723.015625,113357.4921875,110233.3984375,110650.984375,60241647677,115314.03484375,-0.0006558419928113
2025-09-06,110650.5703125,111275.015625,110024.0859375,110224.6953125,21500719036,115158.46421875,-0.0038525555367432
2025-09-07,110221.328125,111591.078125,110211.625,111167.6171875,24618007520,115023.01703125,0.0085545428120867
2025-09-08,111163.015625,112869.234375,110630.609375,112071.4296875,40212813407,114918.42984375,0.0081301778599391
2025-09-09,112077.578125,113225.4375,110776.703125,111530.546875,45984480722,114800.25,-0.0048262328231931
2025-09-10,111531.25,114275.25,110940.078125,113955.359375,56377473784,114679.44890625,0.0217412410137076
2025-09-11,113961.4296875,115522.546875,113453.8359375,115507.5390625,45685065332,114614.50046875,0.0136209450438582
2025-09-12,115507.7890625,116769.3828125,114794.484375,116101.578125,54785725894,114569.17203125,0.0051428596550617
2025-09-13,116093.5625,116334.6328125,115248.2734375,115950.5078125,34549454947,114535.46453125,-0.0013011908618274
2025-09-14,115950.2890625,116181.5,115222.3984375,115407.65625,32798036057,114484.6703125,-0.0046817523505617
2025-09-15,115399.6328125,116747.8828125,114461.0625,115444.875,52937859416,114404.59796875,0.0003224981011604
2025-09-16,115423.7578125,117005.2734375,114813.09375,116843.1875,45781744593,114382.9721875,0.0121123826414988
2025-09-17,116840.5078125,117328.609375,114794.9765625,116468.5078125,60528025996,114353.899375,-0.0032066883445814
2025-09-18,116461.265625,117911.7890625,116188.796875,117137.203125,49457272032,114340.0196875,0.0057414259447414
2025-09-19,117137.671875,117479.7578125,115141.8203125,115688.859375,38828473971,114338.6328125,-0.0123645068463384
2025-09-20,115691.125,116191.1484375,115473.5234375,115721.9609375,22864449614,114386.6703125,0.0002861257573012
2025-09-21,115730.2265625,115901.0859375,115252.578125,115306.09375,22495852193,114442.25390625,-0.0035936756008188
2025-09-22,115309.21875,115431.3125,112037.6484375,112748.5078125,70684158591,114412.870625,-0.0221808393149213
2025-09-23,112757.4765625,113351.9140625,111535.5703125,112014.5,47211853279,114351.72296875,-0.0065101332757383
2025-09-24,112007.6640625,113986.2734375,111229.640625,113328.6328125,48044595085,114335.46671875,0.0117318098326555
2025-09-25,113330.1640625,113541.0859375,108713.3984375,109049.2890625,75528654284,114215.8925,-0.0377604815640906
2025-09-26,109041.296875,110359.1953125,108728.9765625,109712.828125,57738288949,114060.21109375,0.0060847628462732
2025-09-27,109707.140625,109778.5,109144.296875,109681.9453125,26308042910,113920.07546875,-0.0002814877077529
2025-09-28,109681.9453125,112375.484375,109236.9453125,112122.640625,33371048505,113832.52109375,0.0222524801647718
2025-09-29,112117.875,114473.5703125,111589.953125,114400.3828125,60000147466,113734.39359375,0.0203147390643254
2025-09-30,114396.5234375,114836.6171875,112740.5625,114056.0859375,58986330258,113640.88640625,-0.003009577997342
2025-10-01,114057.59375,118648.9296875,113981.3984375,118648.9296875,71328680132,113610.406875,0.0402682917991483
2025-10-02,118652.3828125,121086.40625,118383.15625,120681.2578125,71415163912,113557.15078125,0.0171289208453273
2025-10-03,120656.984375,123944.703125,119344.3125,122266.53125,83941392228,113635.28984375,0.0131360367486641
2025-10-04,122267.46875,122857.640625,121577.5703125,122425.4296875,36769171735,113735.83140625,0.0012996069805488
2025-10-05,122419.671875,125559.2109375,122191.9609375,123513.4765625,73689317763,113856.27390625,0.0088874254129824
2025-10-06,123510.453125,126198.0703125,123196.046875,124752.53125,72568881188,114002.26328125,0.0100317367949158
2025-10-07,124752.140625,125184.0234375,120681.96875,121451.3828125,76149412513,114106.2446875,-0.0264615748027157
2025-10-08,121448.3515625,124167.09375,121119.1796875,123354.8671875,65354305286,114316.7184375,0.015672809406696
2025-10-09,123337.0703125,123739.34375,119812.03125,121705.5859375,74653009425,114465.3353125,-0.0133702162517275
2025-10-10,121704.7421875,122509.6640625,104582.4140625,113214.3671875,153125018868,114481.24203125,-0.0697685211783174
2025-10-11,113236.4296875,113429.7265625,109760.5625,110807.8828125,110236934340,114359.91796875,-0.0212559981103326
2025-10-12,110811.515625,115805.0625,109715.5390625,115169.765625,93710414091,114355.82671875,0.039364372838716
2025-10-13,115161.6796875,116020.484375,113821.1875,115271.078125,71582026739,114392.0796875,0.0008796796576793
2025-10-14,115264.8828125,115502.8828125,110029.484375,113118.6640625,92212917403,114451.9659375,-0.0186726288806453
2025-10-15,113113.96875,113622.3828125,110235.8359375,110783.1640625,72574132855,114431.57609375,-0.02064646024028
2025-10-16,110782.171875,111990.8125,107537.03125,108186.0390625,87306423067,114370.855625,-0.0234433185040173
2025-10-17,108179.1328125,109235.8046875,103598.4296875,106467.7890625,99703051669,114249.3153125,-0.0158823635183403
2025-10-18,106483.734375,107490.984375,106387.453125,107198.265625,37779905278,114225.06390625,0.0068610099724264
2025-10-19,107204.3125,109488.9921875,106157.7890625,108666.7109375,47657008953,114222.23671875,0.0136984055100004
2025-10-20,108667.4453125,111711.03125,107485.015625,110588.9296875,63507793085,114269.28109375,0.0176891223946731
2025-10-21,110587.6328125,113996.34375,107534.75,108476.890625,101194375480,114253.80703125,-0.0190981056464526
2025-10-22,108491.53125,109115.1328125,106778.0,107688.5859375,80807013218,114183.56703125,-0.0072670287925667
2025-10-23,107679.4375,111288.59375,107548.4296875,110069.7265625,54944076060,114150.49734375,0.0221113556675538
2025-10-24,110069.3515625,111842.53125,109770.1484375,111033.921875,48160816980,114156.70375,0.0087598592511493
2025-10-25,111032.6171875,111947.703125,110704.40625,111641.7265625,24707667305,114176.51859375,0.0054740450236843
2025-10-26,111639.0546875,115260.90625,111268.484375,114472.4453125,41708524143,114261.47359375,0.0253553831274302
2025-10-27,114479.8515625,116273.3125,113882.2890625,114119.328125,61761358733,114320.5078125,-0.0030847352525406
2025-10-28,114129.0859375,116078.984375,112291.6796875,112956.1640625,64528066504,114338.2025,-0.010192524628483
2025-10-29,112921.328125,113642.7265625,109368.71875,110055.3046875,62192043469,114308.69765625,-0.0256812844086571
2025-10-30,110059.1953125,111612.3515625,106376.6875,108305.546875,69673964814,114195.70140625,-0.0158988957185517
2025-10-31,108304.4140625,111031.8203125,108288.2734375,109556.1640625,60090359560,114076.67390625,0.0115471203791934
2025-11-01,109558.625,110574.8984375,109372.953125,110064.015625,25871668762,113955.92265625,0.0046355361822478
2025-11-02,110064.4296875,111167.3125,109523.453125,110639.625,34284209459,113849.705,0.0052297689824543
2025-11-03,110646.90625,110764.9140625,105336.359375,106547.5234375,72852006359,113672.50234375,-0.036985858931644
2025-11-04,106541.421875,107264.8828125,98962.0625,101590.5234375,110967184773,113395.4153125,-0.046523840630681
2025-11-05,101579.234375,104534.703125,98989.9140625,103891.8359375,77584934804,113136.38828125,0.0226528264854919
2025-11-06,103893.6640625,104147.3046875,100336.8671875,101301.2890625,63932752861,112833.04390625,-0.0249350379808326
2025-11-07,101286.2421875,104052.9140625,99257.0546875,103372.40625,92168030081,112557.74796875,0.020445121741957
2025-11-08,103371.703125,103373.5625,101458.0390625,102282.1171875,51446691095,112289.613125,-0.010547196317199
2025-11-09,102278.984375,105418.3671875,101468.875,104719.640625,59679243013,112069.56671875,0.0238313744819302
2025-11-10,104723.7734375,106564.6953125,104350.6484375,105996.59375,69585887229,111883.37671875,0.0121940174486727
2025-11-11,105996.859375,107428.2578125,102457.328125,102997.46875,71130078574,111688.3559375,-0.0282945413045407
2025-11-12,103011.4375,105297.234375,100836.6171875,101663.1875,64347179408,111481.3296875,-0.0129545052533147
2025-11-13,101674.1484375,104005.4921875,97988.71875,99697.4921875,101546815416,111208.706875,-0.0193353696735113
2025-11-14,99694.703125,99804.4296875,94000.734375,94397.7890625,114346441890,110915.676875,-0.05315783786249
2025-11-15,94420.46875,96728.46875,94420.46875,95549.1484375,38500716654,110632.40328125,0.0121968892114379
2025-11-16,95556.8671875,96564.1875,92971.1640625,94177.078125,71086235862,110322.3059375,-0.014359838208265
2025-11-17,94180.875,95928.3671875,91214.7578125,92093.875,94186165724,109921.730625,-0.0221200653755151
2025-11-18,92094.53125,93745.078125,89300.4609375,92948.875,101333569062,109492.70046875,0.0092840050437665
2025-11-19,92946.1640625,92946.1640625,88526.828125,91465.9921875,80350354656,109040.89859375,-0.0159537467505658
2025-11-20,91459.3515625,93025.0703125,86040.796875,86631.8984375,97970645638,108400.55796875,-0.0528512689185111
2025-11-21,86528.7734375,87380.8046875,80659.8125,85090.6875,129157506112,107688.7465625,-0.0177903401090984
2025-11-22,85098.5625,85503.0078125,83490.8984375,84648.359375,40793099246,106936.383125,-0.0051983141515926
2025-11-23,84648.609375,88038.46875,84641.7734375,86805.0078125,58083435576,106223.9746875,0.0254777346356571
2025-11-24,86798.7734375,89206.3359375,85272.1953125,88270.5625,74433896110,105519.11640625,0.0168832965336012
2025-11-25,88269.9609375,88457.3359375,86131.4296875,87341.890625,64837343545,104770.90359375,-0.0105207426881414
2025-11-26,87345.5859375,90581.15625,86316.8984375,90518.3671875,66496301869,104152.24328125,0.0363683055149117
2025-11-27,90517.765625,91897.578125,90089.515625,91285.375,57040622845,103510.8534375,0.0084735047298325
2025-11-28,91285.3828125,92969.0859375,90257.1171875,90919.265625,60895830289,102895.12703125,-0.0040106027389381
2025-11-29,90918.7421875,91187.6171875,90260.1875,90851.7578125,37921773455,102447.87484375,-0.0007425028351905
2025-11-30,90838.2109375,91965.046875,90394.3125,90394.3125,38497902869,102039.6034375,-0.0050350738776466
2025-12-01,90389.109375,90398.15625,83862.25,86321.5703125,87962894424,101462.63953125,-0.0450552924720789
2025-12-02,86322.5390625,92316.6328125,86202.1953125,91350.203125,78546798211,100984.22203125,0.0582546493801656
2025-12-03,91345.09375,94060.7734375,91056.390625,93527.8046875,77650204986,100592.40484375,0.0238379498677223
2025-12-04,93454.2578125,94038.2421875,90976.1015625,92141.625,64538402681,100219.5740625,-0.0148210437755016
2025-12-05,92133.6484375,92702.640625,88152.140625,89387.7578125,63256398633,99843.6084375,-0.0298873303732162
2025-12-06,89389.359375,90267.4609375,88951.6640625,89272.375,37994042405,99499.70015625,-0.0012908122468182
2025-12-07,89277.8125,91740.84375,87799.5625,90405.640625,47394898960,99163.84765625,0.0126944715540502
2025-12-08,90424.5859375,92267.1171875,89644.890625,90640.203125,57394099056,98803.3175,0.0025945560296725
2025-12-09,90639.703125,94601.5703125,89586.9765625,92691.7109375,66861721440,98445.373125,0.0226335306163294
2025-12-10,92695.234375,94477.15625,91640.1328125,92020.9453125,65420694513,98116.25421875,-0.0072365222112718
2025-12-11,92011.3046875,93554.265625,89335.296875,92511.3359375,64532834621,97812.70921875,0.0053291196187417
2025-12-12,92513.6640625,92747.9296875,89532.6015625,90270.4140625,80275884583,97416.72296875,-0.0242232138612067
2025-12-13,90257.796875,90647.5703125,89800.9921875,90298.7109375,64237748110,97002.01875,0.0003134678764229
2025-12-14,90296.4375,90498.109375,87634.9375,88175.1796875,50465972205,96532.6878125,-0.0235167393637523
2025-12-15,88171.078125,89983.921875,85304.078125,86419.78125,45559514323,95971.63453125,-0.019908078936967
2025-12-16,86424.40625,88170.09375,85381.6875,87843.984375,41262178223,95446.12765625,0.0164800593614091
2025-12-17,87847.6171875,90264.5703125,85316.265625,86143.7578125,44243392914,94909.87953125,-0.0193550710910589
2025-12-18,86144.3671875,89412.6640625,84436.3125,85462.5078125,52667115348,94418.02359375,-0.0079082921072796
2025-12-19,85476.1328125,89339.1171875,85107.6640625,88103.3828125,46733310561,94013.9803125,0.0309009771371784
2025-12-20,88101.671875,88497.203125,87924.875,88344.0,14688196659,93589.73703125,0.0027310777386615
2025-12-21,88344.703125,89027.953125,87613.203125,88621.75,19845522660,93160.89171875,0.0031439599746445
2025-12-22,88621.3984375,90501.9296875,87908.0703125,88490.015625,38047472118,92717.89953125,-0.0014864790528285
2025-12-23,88490.03125,88898.3828125,86606.9765625,87414.0,43683011533,92335.2290625,-0.0121597404791959
2025-12-24,87404.3203125,87956.8828125,86411.796875,87611.9609375,25550297986,92055.6578125,0.0022646365284737
2025-12-25,87608.3203125,88501.7890625,86949.2578125,87234.7421875,19953216347,91722.5159375,-0.0043055622310417
2025-12-26,87235.5078125,89459.4296875,86628.140625,87301.4296875,42455674908,91442.51875,0.0007644603322913
2025-12-27,87301.4296875,87874.78125,87182.9765625,87802.15625,13741199310,91131.11375,0.0057356055255037
2025-12-28,87799.34375,87986.890625,87394.953125,87835.8359375,15156557929,90842.188125,0.0003835861092533
2025-12-29,87835.7890625,90299.15625,86717.9140625,87138.140625,48411625849,90490.558125,-0.0079431738202667
2025-12-30,87134.3515625,89297.9375,86735.546875,88430.1328125,35586356225,90139.22890625,0.0148269423496205
2025-12-31,88429.5859375,89080.2890625,87130.5625,87508.828125,33830210616,89829.45609375,-0.0104184474024646
2026-01-01,87508.046875,88803.2265625,87399.40625,88731.984375,18849043990,89570.83203125,0.0139775183396675
2026-01-02,88733.0625,90884.4609375,88298.6171875,89944.6953125,46398906171,89375.77609375,0.013667122921255
2026-01-03,89948.5625,90377.0078125,89386.046875,89681.6953125,41635840000,89281.45421875,-0.0029240190217582
